player_name,salary,position,team,game,slate_type,player_image,player_id,draftable_id,game_start,updated_at
Mason Heintschel,11000,QB,PITT,SYR @ PITT,Showdown Captain Mode,https://dkn.gs/sports/images/cfb/teams/50/7712.png,1583232,44149504,09/17/2026 07:30 PM,2026-09-15T14:27:12Z
Steve Angeli,10400,QB,SYR,SYR @ PITT,Showdown Captain Mode,https://dkn.gs/sports/images/cfb/teams/50/7729.png,1383790,44149505,09/17/2026 07:30 PM,2026-09-15T14:27:12Z
Ja'Kyrian Turner,9800,RB,PITT,SYR @ PITT,Showdown Captain Mode,https://dkn.gs/sports/images/cfb/teams/50/7712.png,1583292,44149506,09/17/2026 07:30 PM,2026-09-15T14:27:12Z
Jayden Maiava,9500,QB,USC,USC @ RU,Night,https://dkn.gs/sports/images/cfb/teams/50/8080.png,1398514,44147089,09/19/2026 03:30 PM,2026-09-15T14:27:12Z
Devon Dampier,9400,QB,UTAH,UTST @ UTAH,Night,https://dkn.gs/sports/images/cfb/teams/50/8341.png,1442304,44147091,09/19/2026 03:30 PM,2026-09-15T14:27:12Z
Holden Geriner,9400,QB,PITT,SYR @ PITT,Showdown Captain Mode,https://dkn.gs/sports/images/cfb/teams/50/7712.png,1380620,44149507,09/17/2026 07:30 PM,2026-09-15T14:27:12Z
Gunner Stockton,9200,QB,UGA,UGA @ ARK,Night,https://dkn.gs/sports/images/cfb/teams/50/8121.png,1381137,44147093,09/19/2026 12:00 PM,2026-09-15T14:27:12Z
Nate Sheppard,9200,RB,DUKE,STAN @ DUKE,Night,https://dkn.gs/sports/images/cfb/teams/50/7621.png,1583017,44147359,09/19/2026 04:00 PM,2026-09-15T14:27:12Z
Julian Sayin,9100,QB,OSU,KENT @ OSU,Night,https://dkn.gs/sports/images/cfb/teams/50/7874.png,1508833,44147095,09/19/2026 12:00 PM,2026-09-15T14:27:12Z
Byrd Ficklin,9000,QB,UTAH,UTST @ UTAH,Night,https://dkn.gs/sports/images/cfb/teams/50/8341.png,1582977,44147097,09/19/2026 03:30 PM,2026-09-15T14:27:12Z
Amari Odom,9000,QB,SYR,SYR @ PITT,Showdown Captain Mode,https://dkn.gs/sports/images/cfb/teams/50/7729.png,1461209,44149508,09/17/2026 07:30 PM,2026-09-15T14:27:12Z
Rocco Becht,8900,QB,PSU,BUFF @ PSU,Night,https://dkn.gs/sports/images/cfb/teams/50/7880.png,1377788,44147099,09/19/2026 12:00 PM,2026-09-15T14:27:12Z
Kamario Taylor,8800,QB,MSST,MSST @ SCAR,Night,https://dkn.gs/sports/images/cfb/teams/50/8205.png,1581991,44147101,09/19/2026 04:15 PM,2026-09-15T14:27:12Z
Marcel Reed,8700,QB,TA&M,UK @ TA&M,Night,https://dkn.gs/sports/images/cfb/teams/50/8251.png,1465226,44147103,09/19/2026 03:30 PM,2026-09-15T14:27:12Z
Tavien St. Clair,8600,QB,OSU,KENT @ OSU,Night,https://dkn.gs/sports/images/cfb/teams/50/7874.png,1583919,44147105,09/19/2026 12:00 PM,2026-09-15T14:27:12Z
Ryan Puglisi,8600,QB,UGA,UGA @ ARK,Night,https://dkn.gs/sports/images/cfb/teams/50/8121.png,1506109,44147107,09/19/2026 12:00 PM,2026-09-15T14:27:12Z
Keelon Russell,8600,QB,BAMA,FSU @ BAMA,Night,https://dkn.gs/sports/images/cfb/teams/50/8166.png,1582204,44147109,09/19/2026 03:30 PM,2026-09-15T14:27:12Z
Sam Huard,8500,QB,USC,USC @ RU,Night,https://dkn.gs/sports/images/cfb/teams/50/8080.png,1286292,44147111,09/19/2026 03:30 PM,2026-09-15T14:27:12Z
AJ Swann,8500,QB,MSST,MSST @ SCAR,Night,https://dkn.gs/sports/images/cfb/teams/50/8205.png,1380614,44147113,09/19/2026 04:15 PM,2026-09-15T14:27:12Z
Alex Manske,8400,QB,PSU,BUFF @ PSU,Night,https://dkn.gs/sports/images/cfb/teams/50/7880.png,1582776,44147115,09/19/2026 12:00 PM,2026-09-15T14:27:12Z
Bo Jackson,8400,RB,OSU,KENT @ OSU,Night,https://dkn.gs/sports/images/cfb/teams/50/7874.png,1583952,44147362,09/19/2026 12:00 PM,2026-09-15T14:27:12Z
Jeremiah Smith,8400,WR,OSU,KENT @ OSU,Night,https://dkn.gs/sports/images/cfb/teams/50/7874.png,1508831,44147887,09/19/2026 12:00 PM,2026-09-15T14:27:12Z
Cataurus Hicks,8400,WR,PITT,SYR @ PITT,Showdown Captain Mode,https://dkn.gs/sports/images/cfb/teams/50/7712.png,1442003,44149509,09/17/2026 07:30 PM,2026-09-15T14:27:12Z
Brady Hart,8300,QB,TA&M,UK @ TA&M,Night,https://dkn.gs/sports/images/cfb/teams/50/8251.png,1582511,44147117,09/19/2026 03:30 PM,2026-09-15T14:27:12Z
Kevin Jennings,8200,QB,SMU,SMU @ UL,Night,https://dkn.gs/sports/images/cfb/teams/50/8233.png,1400553,44147119,09/19/2026 03:30 PM,2026-09-15T14:27:12Z
LaNorris Sellers,8100,QB,SCAR,MSST @ SCAR,Night,https://dkn.gs/sports/images/cfb/teams/50/8133.png,1441511,44147121,09/19/2026 04:15 PM,2026-09-15T14:27:12Z
KJ Duff,8100,WR,RU,USC @ RU,Night,https://dkn.gs/sports/images/cfb/teams/50/7721.png,1508850,44147890,09/19/2026 03:30 PM,2026-09-15T14:27:12Z
Umari Hatcher,8000,WR,SYR,SYR @ PITT,Showdown Captain Mode,https://dkn.gs/sports/images/cfb/teams/50/7729.png,1325626,44149510,09/17/2026 07:30 PM,2026-09-15T14:27:12Z
Austin Mack,7900,QB,BAMA,FSU @ BAMA,Night,https://dkn.gs/sports/images/cfb/teams/50/8166.png,1441166,44147123,09/19/2026 03:30 PM,2026-09-15T14:27:12Z
Ryan Coleman-Williams,7900,WR,BAMA,FSU @ BAMA,Night,https://dkn.gs/sports/images/cfb/teams/50/8166.png,1520175,44147893,09/19/2026 03:30 PM,2026-09-15T14:27:12Z
Walker Eget,7800,QB,DUKE,STAN @ DUKE,Night,https://dkn.gs/sports/images/cfb/teams/50/7621.png,1322247,44147125,09/19/2026 04:00 PM,2026-09-15T14:27:12Z
Ty Hawkins,7700,QB,SMU,SMU @ UL,Night,https://dkn.gs/sports/images/cfb/teams/50/8233.png,1583293,44147127,09/19/2026 03:30 PM,2026-09-15T14:27:12Z
Fluff Bothwell,7700,RB,MSST,MSST @ SCAR,Night,https://dkn.gs/sports/images/cfb/teams/50/8205.png,1519851,44147365,09/19/2026 04:15 PM,2026-09-15T14:27:12Z
Cutter Boley,7600,QB,ASU,ASU @ KU,Night,https://dkn.gs/sports/images/cfb/teams/50/8042.png,1506453,44147129,09/19/2026 12:00 PM,2026-09-15T14:27:12Z
Cutter Woods,7600,QB,SCAR,MSST @ SCAR,Night,https://dkn.gs/sports/images/cfb/teams/50/8133.png,1582291,44147131,09/19/2026 04:15 PM,2026-09-15T14:27:12Z
Isaac Brown,7600,RB,UL,SMU @ UL,Night,https://dkn.gs/sports/images/cfb/teams/50/8373.png,1508041,44147368,09/19/2026 03:30 PM,2026-09-15T14:27:12Z
King Miller,7500,RB,USC,USC @ RU,Night,https://dkn.gs/sports/images/cfb/teams/50/8080.png,1538980,44147371,09/19/2026 03:30 PM,2026-09-15T14:27:12Z
Trent Mosley,7500,WR,USC,USC @ RU,Night,https://dkn.gs/sports/images/cfb/teams/50/8080.png,1651171,44147896,09/19/2026 03:30 PM,2026-09-15T14:27:12Z
Lincoln Kienholz,7400,QB,UL,SMU @ UL,Night,https://dkn.gs/sports/images/cfb/teams/50/8373.png,1449321,44147133,09/19/2026 03:30 PM,2026-09-15T14:27:12Z
Daniel Hill,7400,RB,BAMA,FSU @ BAMA,Night,https://dkn.gs/sports/images/cfb/teams/50/8166.png,1506064,44147377,09/19/2026 03:30 PM,2026-09-15T14:27:12Z
Censere Lee,7400,WR,PITT,SYR @ PITT,Showdown Captain Mode,https://dkn.gs/sports/images/cfb/teams/50/7712.png,1399594,44149511,09/17/2026 07:30 PM,2026-09-15T14:27:12Z
Dan Mahan,7300,QB,DUKE,STAN @ DUKE,Night,https://dkn.gs/sports/images/cfb/teams/50/7621.png,1583014,44147135,09/19/2026 04:00 PM,2026-09-15T14:27:12Z
Carson Hansen,7300,RB,PSU,BUFF @ PSU,Night,https://dkn.gs/sports/images/cfb/teams/50/7880.png,1451454,44147374,09/19/2026 12:00 PM,2026-09-15T14:27:12Z
Reed Harris,7300,WR,ASU,ASU @ KU,Night,https://dkn.gs/sports/images/cfb/teams/50/8042.png,1459982,44147899,09/19/2026 12:00 PM,2026-09-15T14:27:12Z
Christopher Vizzina,7200,QB,CLEM,UNC @ CLEM,Night,https://dkn.gs/sports/images/cfb/teams/50/7610.png,1441404,44147137,09/19/2026 12:00 PM,2026-09-15T14:27:12Z
Rueben Owens II,7200,RB,TA&M,UK @ TA&M,Night,https://dkn.gs/sports/images/cfb/teams/50/8251.png,1442955,44147380,09/19/2026 03:30 PM,2026-09-15T14:27:12Z
Tait Reynolds,7100,QB,CLEM,UNC @ CLEM,Night,https://dkn.gs/sports/images/cfb/teams/50/7610.png,1648405,44147139,09/19/2026 12:00 PM,2026-09-15T14:27:12Z
Mikey Keene,7100,QB,ASU,ASU @ KU,Night,https://dkn.gs/sports/images/cfb/teams/50/8042.png,1288054,44147141,09/19/2026 12:00 PM,2026-09-15T14:27:12Z
Wayshawn Parker,7000,RB,UTAH,UTST @ UTAH,Night,https://dkn.gs/sports/images/cfb/teams/50/8341.png,1506517,44147383,09/19/2026 03:30 PM,2026-09-15T14:27:12Z
Damon Ferguson Jr.,7000,RB,PITT,SYR @ PITT,Showdown Captain Mode,https://dkn.gs/sports/images/cfb/teams/50/7712.png,1653224,44149512,09/17/2026 07:30 PM,2026-09-15T14:27:12Z
Davin Wydner,6900,QB,UL,SMU @ UL,Night,https://dkn.gs/sports/images/cfb/teams/50/8373.png,1395967,44147143,09/19/2026 03:30 PM,2026-09-15T14:27:12Z
Nik McMillan,6900,WR,KU,ASU @ KU,Night,https://dkn.gs/sports/images/cfb/teams/50/7787.png,1399940,44147902,09/19/2026 12:00 PM,2026-09-15T14:27:12Z
Nate Frazier,6700,RB,UGA,UGA @ ARK,Night,https://dkn.gs/sports/images/cfb/teams/50/8121.png,1518449,44147386,09/19/2026 12:00 PM,2026-09-15T14:27:12Z
Isaiah Marshall,6500,QB,KU,ASU @ KU,Night,https://dkn.gs/sports/images/cfb/teams/50/7787.png,1507096,44147145,09/19/2026 12:00 PM,2026-09-15T14:27:12Z
Antwan Raymond,6500,RB,RU,USC @ RU,Night,https://dkn.gs/sports/images/cfb/teams/50/7721.png,1523701,44147389,09/19/2026 03:30 PM,2026-09-15T14:27:12Z
Anthony Evans III,6500,WR,MSST,MSST @ SCAR,Night,https://dkn.gs/sports/images/cfb/teams/50/8205.png,1442637,44147905,09/19/2026 04:15 PM,2026-09-15T14:27:12Z
Ashton Daniels,6400,QB,FSU,FSU @ BAMA,Night,https://dkn.gs/sports/images/cfb/teams/50/7627.png,1395619,44147147,09/19/2026 03:30 PM,2026-09-15T14:27:12Z
Isaiah Horton,6400,WR,TA&M,UK @ TA&M,Night,https://dkn.gs/sports/images/cfb/teams/50/8251.png,1406794,44147908,09/19/2026 03:30 PM,2026-09-15T14:27:12Z
Tylik Hill,6400,RB,SYR,SYR @ PITT,Showdown Captain Mode,https://dkn.gs/sports/images/cfb/teams/50/7729.png,1598585,44149513,09/17/2026 07:30 PM,2026-09-15T14:27:12Z
Micah Ford,6300,RB,STAN,STAN @ DUKE,Night,https://dkn.gs/sports/images/cfb/teams/50/8084.png,1518036,44147392,09/19/2026 04:00 PM,2026-09-15T14:27:12Z
Mario Craver,6300,WR,TA&M,UK @ TA&M,Night,https://dkn.gs/sports/images/cfb/teams/50/8251.png,1506332,44147911,09/19/2026 03:30 PM,2026-09-15T14:27:12Z
Davis Warren,6200,QB,STAN,STAN @ DUKE,Night,https://dkn.gs/sports/images/cfb/teams/50/8084.png,1325587,44147149,09/19/2026 04:00 PM,2026-09-15T14:27:12Z
Omarion Miller,6200,WR,ASU,ASU @ KU,Night,https://dkn.gs/sports/images/cfb/teams/50/8042.png,1446324,44147914,09/19/2026 12:00 PM,2026-09-15T14:27:12Z
Waymond Jordan,6100,RB,USC,USC @ RU,Night,https://dkn.gs/sports/images/cfb/teams/50/8080.png,1587700,44147395,09/19/2026 03:30 PM,2026-09-15T14:27:12Z
Tre Richardson,6100,WR,UL,SMU @ UL,Night,https://dkn.gs/sports/images/cfb/teams/50/8373.png,1591721,44147917,09/19/2026 03:30 PM,2026-09-15T14:27:12Z
Malachi Marshall,6000,QB,FSU,FSU @ BAMA,Night,https://dkn.gs/sports/images/cfb/teams/50/7627.png,1516660,44147151,09/19/2026 03:30 PM,2026-09-15T14:27:12Z
Cole Ballard,6000,QB,KU,ASU @ KU,Night,https://dkn.gs/sports/images/cfb/teams/50/7787.png,1449718,44147153,09/19/2026 12:00 PM,2026-09-15T14:27:12Z
Kenny Minchey,6000,QB,UK,UK @ TA&M,Night,https://dkn.gs/sports/images/cfb/teams/50/8128.png,1445210,44147155,09/19/2026 03:30 PM,2026-09-15T14:27:12Z
Braden Pegan,6000,WR,UTAH,UTST @ UTAH,Night,https://dkn.gs/sports/images/cfb/teams/50/8341.png,1405422,44147920,09/19/2026 03:30 PM,2026-09-15T14:27:12Z
Beau Jackson,6000,QB,PITT,SYR @ PITT,Showdown Captain Mode,https://dkn.gs/sports/images/cfb/teams/50/7712.png,1590842,44149514,09/17/2026 07:30 PM,2026-09-15T14:27:12Z
Corey Dailey,6000,QB,PITT,SYR @ PITT,Showdown Captain Mode,https://dkn.gs/sports/images/cfb/teams/50/7712.png,1649275,44149515,09/17/2026 07:30 PM,2026-09-15T14:27:12Z
Joseph Filardi,6000,QB,SYR,SYR @ PITT,Showdown Captain Mode,https://dkn.gs/sports/images/cfb/teams/50/7729.png,1583229,44149516,09/17/2026 07:30 PM,2026-09-15T14:27:12Z
Zaid Lott,6000,QB,SYR,SYR @ PITT,Showdown Captain Mode,https://dkn.gs/sports/images/cfb/teams/50/7729.png,1649346,44149517,09/17/2026 07:30 PM,2026-09-15T14:27:12Z
Malachi Nelson,6000,QB,SYR,SYR @ PITT,Showdown Captain Mode,https://dkn.gs/sports/images/cfb/teams/50/7729.png,1441115,44149518,09/17/2026 07:30 PM,2026-09-15T14:27:12Z
Angelo Renda,6000,QB,PITT,SYR @ PITT,Showdown Captain Mode,https://dkn.gs/sports/images/cfb/teams/50/7712.png,1649278,44149519,09/17/2026 07:30 PM,2026-09-15T14:27:12Z
Rich Belin,6000,QB,SYR,SYR @ PITT,Showdown Captain Mode,https://dkn.gs/sports/images/cfb/teams/50/7729.png,1583233,44149520,09/17/2026 07:30 PM,2026-09-15T14:27:12Z
Danny Lauter,6000,QB,SYR,SYR @ PITT,Showdown Captain Mode,https://dkn.gs/sports/images/cfb/teams/50/7729.png,1404335,44149521,09/17/2026 07:30 PM,2026-09-15T14:27:12Z
Davin Friedman,6000,QB,PITT,SYR @ PITT,Showdown Captain Mode,https://dkn.gs/sports/images/cfb/teams/50/7712.png,1653222,44149522,09/17/2026 07:30 PM,2026-09-15T14:27:12Z
Billy Edwards Jr.,5900,QB,UNC,UNC @ CLEM,Night,https://dkn.gs/sports/images/cfb/teams/50/7654.png,1305831,44147157,09/19/2026 12:00 PM,2026-09-15T14:27:12Z
Lotzeir Brooks,5900,WR,BAMA,FSU @ BAMA,Night,https://dkn.gs/sports/images/cfb/teams/50/8166.png,1582201,44147923,09/19/2026 03:30 PM,2026-09-15T14:27:12Z
Michael Mitchell Jr.,5800,QB,STAN,STAN @ DUKE,Night,https://dkn.gs/sports/images/cfb/teams/50/8084.png,1659553,44147159,09/19/2026 04:00 PM,2026-09-15T14:27:12Z
Kyson Brown,5800,RB,ASU,ASU @ KU,Night,https://dkn.gs/sports/images/cfb/teams/50/8042.png,1456668,44147398,09/19/2026 12:00 PM,2026-09-15T14:27:12Z
Bryant Wesco Jr.,5800,WR,CLEM,UNC @ CLEM,Night,https://dkn.gs/sports/images/cfb/teams/50/7610.png,1507784,44147926,09/19/2026 12:00 PM,2026-09-15T14:27:12Z
La'Vell Wright,5800,RB,PITT,SYR @ PITT,Showdown Captain Mode,https://dkn.gs/sports/images/cfb/teams/50/7712.png,1286035,44149523,09/17/2026 07:30 PM,2026-09-15T14:27:12Z
T.J. Moore,5700,WR,CLEM,UNC @ CLEM,Night,https://dkn.gs/sports/images/cfb/teams/50/7610.png,1507781,44147929,09/19/2026 12:00 PM,2026-09-15T14:27:12Z
AJ Surace,5600,QB,RU,USC @ RU,Night,https://dkn.gs/sports/images/cfb/teams/50/7721.png,1508853,44147161,09/19/2026 03:30 PM,2026-09-15T14:27:12Z
Callum Wither,5600,QB,UK,UK @ TA&M,Night,https://dkn.gs/sports/images/cfb/teams/50/8128.png,1380451,44147163,09/19/2026 03:30 PM,2026-09-15T14:27:12Z
Yasin Willis,5600,RB,KU,ASU @ KU,Night,https://dkn.gs/sports/images/cfb/teams/50/7787.png,1508300,44147401,09/19/2026 12:00 PM,2026-09-15T14:27:12Z
Devin McCuin,5600,WR,OSU,KENT @ OSU,Night,https://dkn.gs/sports/images/cfb/teams/50/7874.png,1460651,44147932,09/19/2026 12:00 PM,2026-09-15T14:27:12Z
Koby Howard,5600,WR,PSU,BUFF @ PSU,Night,https://dkn.gs/sports/images/cfb/teams/50/7880.png,1583934,44147935,09/19/2026 12:00 PM,2026-09-15T14:27:12Z
Malik Knight,5600,WR,PITT,SYR @ PITT,Showdown Captain Mode,https://dkn.gs/sports/images/cfb/teams/50/7712.png,1399623,44149524,09/17/2026 07:30 PM,2026-09-15T14:27:12Z
Miles O'Neill,5500,QB,UNC,UNC @ CLEM,Night,https://dkn.gs/sports/images/cfb/teams/50/7654.png,1524061,44147165,09/19/2026 12:00 PM,2026-09-15T14:27:12Z
Sutton Smith,5500,RB,ARK,UGA @ ARK,Night,https://dkn.gs/sports/images/cfb/teams/50/8175.png,1400570,44147404,09/19/2026 12:00 PM,2026-09-15T14:27:12Z
Brett Eskildsen,5500,WR,PSU,BUFF @ PSU,Night,https://dkn.gs/sports/images/cfb/teams/50/7880.png,1515199,44147938,09/19/2026 12:00 PM,2026-09-15T14:27:12Z
KJ Jackson,5400,QB,ARK,UGA @ ARK,Night,https://dkn.gs/sports/images/cfb/teams/50/8175.png,1506081,44147167,09/19/2026 12:00 PM,2026-09-15T14:27:12Z
Gideon Davidson,5400,RB,CLEM,UNC @ CLEM,Night,https://dkn.gs/sports/images/cfb/teams/50/7610.png,1583421,44147407,09/19/2026 12:00 PM,2026-09-15T14:27:12Z
Ja'Kobi Jackson,5400,RB,OSU,KENT @ OSU,Night,https://dkn.gs/sports/images/cfb/teams/50/7874.png,1456696,44147410,09/19/2026 12:00 PM,2026-09-15T14:27:12Z
Tanook Hines,5400,WR,USC,USC @ RU,Night,https://dkn.gs/sports/images/cfb/teams/50/8080.png,1598540,44147941,09/19/2026 03:30 PM,2026-09-15T14:27:12Z
Chance Morrow,5400,WR,BUFF,BUFF @ PSU,Night,https://dkn.gs/sports/images/cfb/teams/50/9238.png,1389701,44147944,09/19/2026 12:00 PM,2026-09-15T14:27:12Z
CJ Campbell Jr.,5300,RB,DUKE,STAN @ DUKE,Night,https://dkn.gs/sports/images/cfb/teams/50/7621.png,1290752,44147413,09/19/2026 04:00 PM,2026-09-15T14:27:12Z
Chris Marshall,5300,WR,ARK,UGA @ ARK,Night,https://dkn.gs/sports/images/cfb/teams/50/8175.png,1402693,44147947,09/19/2026 12:00 PM,2026-09-15T14:27:12Z
Dylan Lonergan,5200,QB,RU,USC @ RU,Night,https://dkn.gs/sports/images/cfb/teams/50/7721.png,1440902,44147169,09/19/2026 03:30 PM,2026-09-15T14:27:12Z
Ousmane Kromah,5200,RB,FSU,FSU @ BAMA,Night,https://dkn.gs/sports/images/cfb/teams/50/7627.png,1589195,44147416,09/19/2026 03:30 PM,2026-09-15T14:27:12Z
Demon June,5200,RB,UNC,UNC @ CLEM,Night,https://dkn.gs/sports/images/cfb/teams/50/7654.png,1583284,44147419,09/19/2026 12:00 PM,2026-09-15T14:27:12Z
Dylan Edwards,5200,RB,KU,ASU @ KU,Night,https://dkn.gs/sports/images/cfb/teams/50/7787.png,1442653,44147422,09/19/2026 12:00 PM,2026-09-15T14:27:12Z
Isaiah West,5200,RB,OSU,KENT @ OSU,Night,https://dkn.gs/sports/images/cfb/teams/50/7874.png,1583970,44147425,09/19/2026 12:00 PM,2026-09-15T14:27:12Z
Jamarion Morrow,5200,RB,TA&M,UK @ TA&M,Night,https://dkn.gs/sports/images/cfb/teams/50/8251.png,1582497,44147428,09/19/2026 03:30 PM,2026-09-15T14:27:12Z
Keyjuan Brown,5200,RB,UL,SMU @ UL,Night,https://dkn.gs/sports/images/cfb/teams/50/8373.png,1451095,44147431,09/19/2026 03:30 PM,2026-09-15T14:27:12Z
Chase Sowell,5200,WR,PSU,BUFF @ PSU,Night,https://dkn.gs/sports/images/cfb/teams/50/7880.png,1394715,44147950,09/19/2026 12:00 PM,2026-09-15T14:27:12Z
Kayden Dixon-Wyatt,5200,WR,USC,USC @ RU,Night,https://dkn.gs/sports/images/cfb/teams/50/8080.png,1651200,44147953,09/19/2026 03:30 PM,2026-09-15T14:27:12Z
Ju'Juan Johnson,5200,RB,SYR,SYR @ PITT,Showdown Captain Mode,https://dkn.gs/sports/images/cfb/teams/50/7729.png,1506358,44149525,09/17/2026 07:30 PM,2026-09-15T14:27:12Z
McCae Hillstead,5100,QB,UTST,UTST @ UTAH,Night,https://dkn.gs/sports/images/cfb/teams/50/7971.png,1442985,44147171,09/19/2026 03:30 PM,2026-09-15T14:27:12Z
AJ Hill,5100,QB,ARK,UGA @ ARK,Night,https://dkn.gs/sports/images/cfb/teams/50/8175.png,1584025,44147173,09/19/2026 12:00 PM,2026-09-15T14:27:12Z
James Peoples,5100,RB,PSU,BUFF @ PSU,Night,https://dkn.gs/sports/images/cfb/teams/50/7880.png,1508842,44147434,09/19/2026 12:00 PM,2026-09-15T14:27:12Z
Benjamin Hall,5000,RB,UNC,UNC @ CLEM,Night,https://dkn.gs/sports/images/cfb/teams/50/7654.png,1441804,44147437,09/19/2026 12:00 PM,2026-09-15T14:27:12Z
J.J. Hill,5000,RB,MSST,MSST @ SCAR,Night,https://dkn.gs/sports/images/cfb/teams/50/8205.png,1645894,44147440,09/19/2026 04:15 PM,2026-09-15T14:27:12Z
Marquise Davis,5000,RB,UL,SMU @ UL,Night,https://dkn.gs/sports/images/cfb/teams/50/8373.png,1582271,44147443,09/19/2026 03:30 PM,2026-09-15T14:27:12Z
Mark Bowman,5000,WR,USC,USC @ RU,Night,https://dkn.gs/sports/images/cfb/teams/50/8080.png,1651201,44147956,09/19/2026 03:30 PM,2026-09-15T14:27:12Z
Sam Hunsaker,5000,K,PITT,SYR @ PITT,Showdown Captain Mode,https://dkn.gs/sports/images/cfb/teams/50/7712.png,1516349,44149526,09/17/2026 07:30 PM,2026-09-15T14:27:12Z
Carter Genchi,5000,K,PITT,SYR @ PITT,Showdown Captain Mode,https://dkn.gs/sports/images/cfb/teams/50/7712.png,1653231,44149527,09/17/2026 07:30 PM,2026-09-15T14:27:12Z
Antonio Chadha,5000,K,PITT,SYR @ PITT,Showdown Captain Mode,https://dkn.gs/sports/images/cfb/teams/50/7712.png,1403645,44149528,09/17/2026 07:30 PM,2026-09-15T14:27:12Z
Grady Brosterhous,4900,QB,UTST,UTST @ UTAH,Night,https://dkn.gs/sports/images/cfb/teams/50/7971.png,1395679,44147175,09/19/2026 03:30 PM,2026-09-15T14:27:12Z
Elijah Holmes,4900,QB,BUFF,BUFF @ PSU,Night,https://dkn.gs/sports/images/cfb/teams/50/9238.png,1471278,44147177,09/19/2026 12:00 PM,2026-09-15T14:27:12Z
Chauncey Bowens,4900,RB,UGA,UGA @ ARK,Night,https://dkn.gs/sports/images/cfb/teams/50/8121.png,1506133,44147446,09/19/2026 12:00 PM,2026-09-15T14:27:12Z
Matt Fuller,4900,RB,SCAR,MSST @ SCAR,Night,https://dkn.gs/sports/images/cfb/teams/50/8133.png,1518215,44147449,09/19/2026 04:15 PM,2026-09-15T14:27:12Z
Steve Chavez-Soto,4900,RB,UTAH,UTST @ UTAH,Night,https://dkn.gs/sports/images/cfb/teams/50/8341.png,1586258,44147452,09/19/2026 03:30 PM,2026-09-15T14:27:12Z
Terrance Shelton Jr.,4900,RB,BUFF,BUFF @ PSU,Night,https://dkn.gs/sports/images/cfb/teams/50/9238.png,1514509,44147455,09/19/2026 12:00 PM,2026-09-15T14:27:12Z
Benjamin Brahmer,4900,WR,PSU,BUFF @ PSU,Night,https://dkn.gs/sports/images/cfb/teams/50/7880.png,1451448,44147959,09/19/2026 12:00 PM,2026-09-15T14:27:12Z
Dru DeShields,4800,QB,KENT,KENT @ OSU,Night,https://dkn.gs/sports/images/cfb/teams/50/8004.png,1459832,44147179,09/19/2026 12:00 PM,2026-09-15T14:27:12Z
Kendrick Raphael,4800,RB,SMU,SMU @ UL,Night,https://dkn.gs/sports/images/cfb/teams/50/8233.png,1441544,44147458,09/19/2026 03:30 PM,2026-09-15T14:27:12Z
Jourdin Houston,4800,WR,RU,USC @ RU,Night,https://dkn.gs/sports/images/cfb/teams/50/7721.png,1583883,44147962,09/19/2026 03:30 PM,2026-09-15T14:27:12Z
Sacovie White-Helton,4800,WR,UGA,UGA @ ARK,Night,https://dkn.gs/sports/images/cfb/teams/50/8121.png,1506123,44147965,09/19/2026 12:00 PM,2026-09-15T14:27:12Z
Zion Ragins,4800,WR,MSST,MSST @ SCAR,Night,https://dkn.gs/sports/images/cfb/teams/50/8205.png,1520265,44147968,09/19/2026 04:15 PM,2026-09-15T14:27:12Z
Cole Weaver,4800,WR,SYR,SYR @ PITT,Showdown Captain Mode,https://dkn.gs/sports/images/cfb/teams/50/7729.png,1449996,44149529,09/17/2026 07:30 PM,2026-09-15T14:27:12Z
Braylen Russell,4700,RB,ARK,UGA @ ARK,Night,https://dkn.gs/sports/images/cfb/teams/50/8175.png,1506059,44147464,09/19/2026 12:00 PM,2026-09-15T14:27:12Z
Nolan Good,4600,QB,KENT,KENT @ OSU,Night,https://dkn.gs/sports/images/cfb/teams/50/8004.png,1590027,44147181,09/19/2026 12:00 PM,2026-09-15T14:27:12Z
Jason Wright,4600,QB,BUFF,BUFF @ PSU,Night,https://dkn.gs/sports/images/cfb/teams/50/9238.png,1585085,44147183,09/19/2026 12:00 PM,2026-09-15T14:27:12Z
Chris Johnson Jr.,4600,RB,CLEM,UNC @ CLEM,Night,https://dkn.gs/sports/images/cfb/teams/50/7610.png,1463386,44147461,09/19/2026 12:00 PM,2026-09-15T14:27:12Z
Jonah Burton,4600,WR,DUKE,STAN @ DUKE,Night,https://dkn.gs/sports/images/cfb/teams/50/7621.png,1325473,44147971,09/19/2026 04:00 PM,2026-09-15T14:27:12Z
Lawayne McCoy,4600,WR,UL,SMU @ UL,Night,https://dkn.gs/sports/images/cfb/teams/50/8373.png,1507888,44147974,09/19/2026 03:30 PM,2026-09-15T14:27:12Z
Shay Barker,4600,K,SYR,SYR @ PITT,Showdown Captain Mode,https://dkn.gs/sports/images/cfb/teams/50/7729.png,1656571,44149530,09/17/2026 07:30 PM,2026-09-15T14:27:12Z
Tripp Woody,4600,K,SYR,SYR @ PITT,Showdown Captain Mode,https://dkn.gs/sports/images/cfb/teams/50/7729.png,1508441,44149531,09/17/2026 07:30 PM,2026-09-15T14:27:12Z
Trent Pearman,4500,QB,CLEM,UNC @ CLEM,Night,https://dkn.gs/sports/images/cfb/teams/50/7610.png,1378296,44147185,09/19/2026 12:00 PM,2026-09-15T14:27:12Z
Brock Bradley,4500,QB,CLEM,UNC @ CLEM,Night,https://dkn.gs/sports/images/cfb/teams/50/7610.png,1648406,44147187,09/19/2026 12:00 PM,2026-09-15T14:27:12Z
Colson Brown,4500,QB,CLEM,UNC @ CLEM,Night,https://dkn.gs/sports/images/cfb/teams/50/7610.png,1460648,44147189,09/19/2026 12:00 PM,2026-09-15T14:27:12Z
Ari Patu,4500,QB,DUKE,STAN @ DUKE,Night,https://dkn.gs/sports/images/cfb/teams/50/7621.png,1286213,44147191,09/19/2026 04:00 PM,2026-09-15T14:27:12Z
Lawrence Gardner,4500,QB,DUKE,STAN @ DUKE,Night,https://dkn.gs/sports/images/cfb/teams/50/7621.png,1598502,44147193,09/19/2026 04:00 PM,2026-09-15T14:27:12Z
Terry Walker III,4500,QB,DUKE,STAN @ DUKE,Night,https://dkn.gs/sports/images/cfb/teams/50/7621.png,1648317,44147195,09/19/2026 04:00 PM,2026-09-15T14:27:12Z
Blaine Hipa,4500,QB,DUKE,STAN @ DUKE,Night,https://dkn.gs/sports/images/cfb/teams/50/7621.png,1409998,44147197,09/19/2026 04:00 PM,2026-09-15T14:27:12Z
Kevin Sperry,4500,QB,FSU,FSU @ BAMA,Night,https://dkn.gs/sports/images/cfb/teams/50/7627.png,1583010,44147199,09/19/2026 03:30 PM,2026-09-15T14:27:12Z
Michael Grant,4500,QB,FSU,FSU @ BAMA,Night,https://dkn.gs/sports/images/cfb/teams/50/7627.png,1450086,44147201,09/19/2026 03:30 PM,2026-09-15T14:27:12Z
Dean DeNobile,4500,QB,FSU,FSU @ BAMA,Night,https://dkn.gs/sports/images/cfb/teams/50/7627.png,1392399,44147203,09/19/2026 03:30 PM,2026-09-15T14:27:12Z
Jaden O'Neal,4500,QB,FSU,FSU @ BAMA,Night,https://dkn.gs/sports/images/cfb/teams/50/7627.png,1648336,44147205,09/19/2026 03:30 PM,2026-09-15T14:27:12Z
DJ Mazzone,4500,QB,UNC,UNC @ CLEM,Night,https://dkn.gs/sports/images/cfb/teams/50/7654.png,1508202,44147207,09/19/2026 12:00 PM,2026-09-15T14:27:12Z
Andres Miyares Jr.,4500,QB,UNC,UNC @ CLEM,Night,https://dkn.gs/sports/images/cfb/teams/50/7654.png,1520421,44147209,09/19/2026 12:00 PM,2026-09-15T14:27:12Z
Au'Tori Newkirk,4500,QB,UNC,UNC @ CLEM,Night,https://dkn.gs/sports/images/cfb/teams/50/7654.png,1591755,44147211,09/19/2026 12:00 PM,2026-09-15T14:27:12Z
Travis Burgess,4500,QB,UNC,UNC @ CLEM,Night,https://dkn.gs/sports/images/cfb/teams/50/7654.png,1649399,44147213,09/19/2026 12:00 PM,2026-09-15T14:27:12Z
Sean Ashenfelder,4500,QB,RU,USC @ RU,Night,https://dkn.gs/sports/images/cfb/teams/50/7721.png,1583884,44147215,09/19/2026 03:30 PM,2026-09-15T14:27:12Z
Rocco Rainone,4500,QB,RU,USC @ RU,Night,https://dkn.gs/sports/images/cfb/teams/50/7721.png,1523700,44147217,09/19/2026 03:30 PM,2026-09-15T14:27:12Z
Xavier Stearn,4500,QB,RU,USC @ RU,Night,https://dkn.gs/sports/images/cfb/teams/50/7721.png,1651154,44147219,09/19/2026 03:30 PM,2026-09-15T14:27:12Z
Chase Jenkins,4500,QB,KU,ASU @ KU,Night,https://dkn.gs/sports/images/cfb/teams/50/7787.png,1443023,44147221,09/19/2026 12:00 PM,2026-09-15T14:27:12Z
Connor Hanika,4500,QB,KU,ASU @ KU,Night,https://dkn.gs/sports/images/cfb/teams/50/7787.png,1655976,44147223,09/19/2026 12:00 PM,2026-09-15T14:27:12Z
Braylen Rooney,4500,QB,KU,ASU @ KU,Night,https://dkn.gs/sports/images/cfb/teams/50/7787.png,1647409,44147225,09/19/2026 12:00 PM,2026-09-15T14:27:12Z
Jaylen Mason,4500,QB,KU,ASU @ KU,Night,https://dkn.gs/sports/images/cfb/teams/50/7787.png,1647406,44147227,09/19/2026 12:00 PM,2026-09-15T14:27:12Z
Luke Fahey,4500,QB,OSU,KENT @ OSU,Night,https://dkn.gs/sports/images/cfb/teams/50/7874.png,1649755,44147229,09/19/2026 12:00 PM,2026-09-15T14:27:12Z
Justyn Martin,4500,QB,OSU,KENT @ OSU,Night,https://dkn.gs/sports/images/cfb/teams/50/7874.png,1384735,44147231,09/19/2026 12:00 PM,2026-09-15T14:27:12Z
Brady Geibel,4500,QB,OSU,KENT @ OSU,Night,https://dkn.gs/sports/images/cfb/teams/50/7874.png,1595880,44147233,09/19/2026 12:00 PM,2026-09-15T14:27:12Z
Kolton Stover,4500,QB,OSU,KENT @ OSU,Night,https://dkn.gs/sports/images/cfb/teams/50/7874.png,1601189,44147235,09/19/2026 12:00 PM,2026-09-15T14:27:12Z
Connor Barry,4500,QB,PSU,BUFF @ PSU,Night,https://dkn.gs/sports/images/cfb/teams/50/7880.png,1394673,44147237,09/19/2026 12:00 PM,2026-09-15T14:27:12Z
Jack Lambert,4500,QB,PSU,BUFF @ PSU,Night,https://dkn.gs/sports/images/cfb/teams/50/7880.png,1461707,44147239,09/19/2026 12:00 PM,2026-09-15T14:27:12Z
Kase Evans,4500,QB,PSU,BUFF @ PSU,Night,https://dkn.gs/sports/images/cfb/teams/50/7880.png,1651137,44147241,09/19/2026 12:00 PM,2026-09-15T14:27:12Z
Kaleb Maryland,4500,QB,UTST,UTST @ UTAH,Night,https://dkn.gs/sports/images/cfb/teams/50/7971.png,1647209,44147243,09/19/2026 03:30 PM,2026-09-15T14:27:12Z
Crew Cacciacarne,4500,QB,UTST,UTST @ UTAH,Night,https://dkn.gs/sports/images/cfb/teams/50/7971.png,1647185,44147245,09/19/2026 03:30 PM,2026-09-15T14:27:12Z
Brady Goodman,4500,QB,UTST,UTST @ UTAH,Night,https://dkn.gs/sports/images/cfb/teams/50/7971.png,1659728,44147247,09/19/2026 03:30 PM,2026-09-15T14:27:12Z
Deante Ruffin,4500,QB,KENT,KENT @ OSU,Night,https://dkn.gs/sports/images/cfb/teams/50/8004.png,1590028,44147249,09/19/2026 12:00 PM,2026-09-15T14:27:12Z
Ethan Thanthanavong,4500,QB,KENT,KENT @ OSU,Night,https://dkn.gs/sports/images/cfb/teams/50/8004.png,1655037,44147251,09/19/2026 12:00 PM,2026-09-15T14:27:12Z
Gavin Peeps,4500,QB,KENT,KENT @ OSU,Night,https://dkn.gs/sports/images/cfb/teams/50/8004.png,1655827,44147253,09/19/2026 12:00 PM,2026-09-15T14:27:12Z
Cole Miller,4500,QB,KENT,KENT @ OSU,Night,https://dkn.gs/sports/images/cfb/teams/50/8004.png,1655828,44147255,09/19/2026 12:00 PM,2026-09-15T14:27:12Z
Cameron Dyer,4500,QB,ASU,ASU @ KU,Night,https://dkn.gs/sports/images/cfb/teams/50/8042.png,1582634,44147257,09/19/2026 12:00 PM,2026-09-15T14:27:12Z
Jake Fette,4500,QB,ASU,ASU @ KU,Night,https://dkn.gs/sports/images/cfb/teams/50/8042.png,1647173,44147259,09/19/2026 12:00 PM,2026-09-15T14:27:12Z
Jonas Williams,4500,QB,USC,USC @ RU,Night,https://dkn.gs/sports/images/cfb/teams/50/8080.png,1651176,44147261,09/19/2026 03:30 PM,2026-09-15T14:27:12Z
Will Doherty,4500,QB,USC,USC @ RU,Night,https://dkn.gs/sports/images/cfb/teams/50/8080.png,1653009,44147263,09/19/2026 03:30 PM,2026-09-15T14:27:12Z
James Johnson,4500,QB,USC,USC @ RU,Night,https://dkn.gs/sports/images/cfb/teams/50/8080.png,1663637,44147265,09/19/2026 03:30 PM,2026-09-15T14:27:12Z
Alex Medyn,4500,QB,USC,USC @ RU,Night,https://dkn.gs/sports/images/cfb/teams/50/8080.png,1663651,44147267,09/19/2026 03:30 PM,2026-09-15T14:27:12Z
Charlie Mirer,4500,QB,STAN,STAN @ DUKE,Night,https://dkn.gs/sports/images/cfb/teams/50/8084.png,1395620,44147269,09/19/2026 04:00 PM,2026-09-15T14:27:12Z
Dylan Rizk,4500,QB,STAN,STAN @ DUKE,Night,https://dkn.gs/sports/images/cfb/teams/50/8084.png,1455727,44147271,09/19/2026 04:00 PM,2026-09-15T14:27:12Z
Devin Mignery,4500,QB,STAN,STAN @ DUKE,Night,https://dkn.gs/sports/images/cfb/teams/50/8084.png,1659588,44147273,09/19/2026 04:00 PM,2026-09-15T14:27:12Z
Luke Levitt,4500,QB,STAN,STAN @ DUKE,Night,https://dkn.gs/sports/images/cfb/teams/50/8084.png,1672490,44147275,09/19/2026 04:00 PM,2026-09-15T14:27:12Z
Ryan Montgomery,4500,QB,UGA,UGA @ ARK,Night,https://dkn.gs/sports/images/cfb/teams/50/8121.png,1581902,44147277,09/19/2026 12:00 PM,2026-09-15T14:27:12Z
Hezekiah Millender,4500,QB,UGA,UGA @ ARK,Night,https://dkn.gs/sports/images/cfb/teams/50/8121.png,1581897,44147279,09/19/2026 12:00 PM,2026-09-15T14:27:12Z
Colter Ginn,4500,QB,UGA,UGA @ ARK,Night,https://dkn.gs/sports/images/cfb/teams/50/8121.png,1518454,44147281,09/19/2026 12:00 PM,2026-09-15T14:27:12Z
Jake Bobo,4500,QB,UGA,UGA @ ARK,Night,https://dkn.gs/sports/images/cfb/teams/50/8121.png,1595567,44147283,09/19/2026 12:00 PM,2026-09-15T14:27:12Z
Bryson Beaver,4500,QB,UGA,UGA @ ARK,Night,https://dkn.gs/sports/images/cfb/teams/50/8121.png,1646528,44147285,09/19/2026 12:00 PM,2026-09-15T14:27:12Z
JacQai Long,4500,QB,UK,UK @ TA&M,Night,https://dkn.gs/sports/images/cfb/teams/50/8128.png,1511742,44147287,09/19/2026 03:30 PM,2026-09-15T14:27:12Z
Brennen Ward,4500,QB,UK,UK @ TA&M,Night,https://dkn.gs/sports/images/cfb/teams/50/8128.png,1582135,44147289,09/19/2026 03:30 PM,2026-09-15T14:27:12Z
Carson Cruver,4500,QB,UK,UK @ TA&M,Night,https://dkn.gs/sports/images/cfb/teams/50/8128.png,1451823,44147291,09/19/2026 03:30 PM,2026-09-15T14:27:12Z
Matt Ponatoski,4500,QB,UK,UK @ TA&M,Night,https://dkn.gs/sports/images/cfb/teams/50/8128.png,1646289,44147293,09/19/2026 03:30 PM,2026-09-15T14:27:12Z
William Drakeford Jr.,4500,QB,UK,UK @ TA&M,Night,https://dkn.gs/sports/images/cfb/teams/50/8128.png,1666291,44147295,09/19/2026 03:30 PM,2026-09-15T14:27:12Z
Lucian Anderson III,4500,QB,SCAR,MSST @ SCAR,Night,https://dkn.gs/sports/images/cfb/teams/50/8133.png,1442426,44147297,09/19/2026 04:15 PM,2026-09-15T14:27:12Z
Landon Duckworth,4500,QB,SCAR,MSST @ SCAR,Night,https://dkn.gs/sports/images/cfb/teams/50/8133.png,1646239,44147299,09/19/2026 04:15 PM,2026-09-15T14:27:12Z
Jimmy Francis,4500,QB,SCAR,MSST @ SCAR,Night,https://dkn.gs/sports/images/cfb/teams/50/8133.png,1518214,44147301,09/19/2026 04:15 PM,2026-09-15T14:27:12Z
Brandon Cunningham,4500,QB,SCAR,MSST @ SCAR,Night,https://dkn.gs/sports/images/cfb/teams/50/8133.png,1596602,44147303,09/19/2026 04:15 PM,2026-09-15T14:27:12Z
Jett Thomalla,4500,QB,BAMA,FSU @ BAMA,Night,https://dkn.gs/sports/images/cfb/teams/50/8166.png,1645532,44147305,09/19/2026 03:30 PM,2026-09-15T14:27:12Z
John Gazzaniga,4500,QB,BAMA,FSU @ BAMA,Night,https://dkn.gs/sports/images/cfb/teams/50/8166.png,1595162,44147307,09/19/2026 03:30 PM,2026-09-15T14:27:12Z
John Cooper,4500,QB,BAMA,FSU @ BAMA,Night,https://dkn.gs/sports/images/cfb/teams/50/8166.png,1520195,44147309,09/19/2026 03:30 PM,2026-09-15T14:27:12Z
Tayden-Evan Kaawa,4500,QB,BAMA,FSU @ BAMA,Night,https://dkn.gs/sports/images/cfb/teams/50/8166.png,1645530,44147311,09/19/2026 03:30 PM,2026-09-15T14:27:12Z
Hank Hendrix,4500,QB,ARK,UGA @ ARK,Night,https://dkn.gs/sports/images/cfb/teams/50/8175.png,1651908,44147313,09/19/2026 12:00 PM,2026-09-15T14:27:12Z
Braeden Fuller,4500,QB,ARK,UGA @ ARK,Night,https://dkn.gs/sports/images/cfb/teams/50/8175.png,1647519,44147315,09/19/2026 12:00 PM,2026-09-15T14:27:12Z
Cade Trotter,4500,QB,ARK,UGA @ ARK,Night,https://dkn.gs/sports/images/cfb/teams/50/8175.png,1585770,44147317,09/19/2026 12:00 PM,2026-09-15T14:27:12Z
Parker Puckett,4500,QB,MSST,MSST @ SCAR,Night,https://dkn.gs/sports/images/cfb/teams/50/8205.png,1590305,44147319,09/19/2026 04:15 PM,2026-09-15T14:27:12Z
Jaden Rashada,4500,QB,MSST,MSST @ SCAR,Night,https://dkn.gs/sports/images/cfb/teams/50/8205.png,1441095,44147321,09/19/2026 04:15 PM,2026-09-15T14:27:12Z
Brodie McWhorter,4500,QB,MSST,MSST @ SCAR,Night,https://dkn.gs/sports/images/cfb/teams/50/8205.png,1646420,44147323,09/19/2026 04:15 PM,2026-09-15T14:27:12Z
Jayytee Taylor,4500,QB,MSST,MSST @ SCAR,Night,https://dkn.gs/sports/images/cfb/teams/50/8205.png,1645896,44147325,09/19/2026 04:15 PM,2026-09-15T14:27:12Z
Mabrey Mettauer,4500,QB,SMU,SMU @ UL,Night,https://dkn.gs/sports/images/cfb/teams/50/8233.png,1509214,44147327,09/19/2026 03:30 PM,2026-09-15T14:27:12Z
Cole Leinart,4500,QB,SMU,SMU @ UL,Night,https://dkn.gs/sports/images/cfb/teams/50/8233.png,1649552,44147329,09/19/2026 03:30 PM,2026-09-15T14:27:12Z
Charlie Fiser,4500,QB,SMU,SMU @ UL,Night,https://dkn.gs/sports/images/cfb/teams/50/8233.png,1400701,44147331,09/19/2026 03:30 PM,2026-09-15T14:27:12Z
Helaman Casuga,4500,QB,TA&M,UK @ TA&M,Night,https://dkn.gs/sports/images/cfb/teams/50/8251.png,1646024,44147333,09/19/2026 03:30 PM,2026-09-15T14:27:12Z
Eli Morcos,4500,QB,TA&M,UK @ TA&M,Night,https://dkn.gs/sports/images/cfb/teams/50/8251.png,1582509,44147335,09/19/2026 03:30 PM,2026-09-15T14:27:12Z
Paxton Land,4500,QB,TA&M,UK @ TA&M,Night,https://dkn.gs/sports/images/cfb/teams/50/8251.png,1511555,44147337,09/19/2026 03:30 PM,2026-09-15T14:27:12Z
Brandon Rose,4500,QB,UTAH,UTST @ UTAH,Night,https://dkn.gs/sports/images/cfb/teams/50/8341.png,1381155,44147339,09/19/2026 03:30 PM,2026-09-15T14:27:12Z
Nate Johnson,4500,QB,UTAH,UTST @ UTAH,Night,https://dkn.gs/sports/images/cfb/teams/50/8341.png,1400818,44147341,09/19/2026 03:30 PM,2026-09-15T14:27:12Z
Kane Archer,4500,QB,UTAH,UTST @ UTAH,Night,https://dkn.gs/sports/images/cfb/teams/50/8341.png,1647842,44147343,09/19/2026 03:30 PM,2026-09-15T14:27:12Z
Michael Johnson,4500,QB,UTAH,UTST @ UTAH,Night,https://dkn.gs/sports/images/cfb/teams/50/8341.png,1647844,44147345,09/19/2026 03:30 PM,2026-09-15T14:27:12Z
Briggs Cherry,4500,QB,UL,SMU @ UL,Night,https://dkn.gs/sports/images/cfb/teams/50/8373.png,1649163,44147347,09/19/2026 03:30 PM,2026-09-15T14:27:12Z
Mason Fields,4500,QB,UL,SMU @ UL,Night,https://dkn.gs/sports/images/cfb/teams/50/8373.png,1662451,44147349,09/19/2026 03:30 PM,2026-09-15T14:27:12Z
Ryan Zimmerman,4500,QB,UL,SMU @ UL,Night,https://dkn.gs/sports/images/cfb/teams/50/8373.png,1528351,44147351,09/19/2026 03:30 PM,2026-09-15T14:27:12Z
Mason Cumbie,4500,QB,BUFF,BUFF @ PSU,Night,https://dkn.gs/sports/images/cfb/teams/50/9238.png,1443370,44147353,09/19/2026 12:00 PM,2026-09-15T14:27:12Z
Qur'an McNeill,4500,QB,BUFF,BUFF @ PSU,Night,https://dkn.gs/sports/images/cfb/teams/50/9238.png,1655622,44147355,09/19/2026 12:00 PM,2026-09-15T14:27:12Z
Jake Forburger,4500,QB,BUFF,BUFF @ PSU,Night,https://dkn.gs/sports/images/cfb/teams/50/9238.png,1655538,44147357,09/19/2026 12:00 PM,2026-09-15T14:27:12Z
Christian Clark,4500,RB,SCAR,MSST @ SCAR,Night,https://dkn.gs/sports/images/cfb/teams/50/8133.png,1506379,44147467,09/19/2026 04:15 PM,2026-09-15T14:27:12Z
Messiah Burch,4500,RB,BUFF,BUFF @ PSU,Night,https://dkn.gs/sports/images/cfb/teams/50/9238.png,1452820,44147470,09/19/2026 12:00 PM,2026-09-15T14:27:12Z
Caden High,4500,WR,STAN,STAN @ DUKE,Night,https://dkn.gs/sports/images/cfb/teams/50/8084.png,1533558,44147977,09/19/2026 04:00 PM,2026-09-15T14:27:12Z
Samuel Singleton Jr.,4400,RB,FSU,FSU @ BAMA,Night,https://dkn.gs/sports/images/cfb/teams/50/7627.png,1450140,44147473,09/19/2026 03:30 PM,2026-09-15T14:27:12Z
Jaylen McGill,4400,RB,UNC,UNC @ CLEM,Night,https://dkn.gs/sports/images/cfb/teams/50/7654.png,1591775,44147476,09/19/2026 12:00 PM,2026-09-15T14:27:12Z
Deshonne Redeaux,4400,RB,USC,USC @ RU,Night,https://dkn.gs/sports/images/cfb/teams/50/8080.png,1651173,44147479,09/19/2026 03:30 PM,2026-09-15T14:27:12Z
Sedrick Irvin,4400,RB,STAN,STAN @ DUKE,Night,https://dkn.gs/sports/images/cfb/teams/50/8084.png,1462691,44147482,09/19/2026 04:00 PM,2026-09-15T14:27:12Z
CJ Baxter,4400,RB,UK,UK @ TA&M,Night,https://dkn.gs/sports/images/cfb/teams/50/8128.png,1441277,44147485,09/19/2026 03:30 PM,2026-09-15T14:27:12Z
EJ Crowell,4400,RB,BAMA,FSU @ BAMA,Night,https://dkn.gs/sports/images/cfb/teams/50/8166.png,1645531,44147488,09/19/2026 03:30 PM,2026-09-15T14:27:12Z
Jeremiah Hasley,4400,WR,DUKE,STAN @ DUKE,Night,https://dkn.gs/sports/images/cfb/teams/50/7621.png,1392982,44147980,09/19/2026 04:00 PM,2026-09-15T14:27:12Z
Jordan Shipp,4400,WR,UNC,UNC @ CLEM,Night,https://dkn.gs/sports/images/cfb/teams/50/7654.png,1508192,44147983,09/19/2026 12:00 PM,2026-09-15T14:27:12Z
Cam Pickett,4400,WR,KU,ASU @ KU,Night,https://dkn.gs/sports/images/cfb/teams/50/7787.png,1402222,44147986,09/19/2026 12:00 PM,2026-09-15T14:27:12Z
Jordan Onovughe,4400,WR,STAN,STAN @ DUKE,Night,https://dkn.gs/sports/images/cfb/teams/50/8084.png,1446325,44147989,09/19/2026 04:00 PM,2026-09-15T14:27:12Z
Kyri Shoels,4400,WR,UTAH,UTST @ UTAH,Night,https://dkn.gs/sports/images/cfb/teams/50/8341.png,1519601,44147992,09/19/2026 03:30 PM,2026-09-15T14:27:12Z
Shavane Anderson Jr.,4400,RB,SYR,SYR @ PITT,Showdown Captain Mode,https://dkn.gs/sports/images/cfb/teams/50/7729.png,1649351,44149532,09/17/2026 07:30 PM,2026-09-15T14:27:12Z
Clay Thevenin,4300,RB,RU,USC @ RU,Night,https://dkn.gs/sports/images/cfb/teams/50/7721.png,1587225,44147491,09/19/2026 03:30 PM,2026-09-15T14:27:12Z
Jalen Dupree,4300,RB,KU,ASU @ KU,Night,https://dkn.gs/sports/images/cfb/teams/50/7787.png,1514758,44147494,09/19/2026 12:00 PM,2026-09-15T14:27:12Z
Javen Jacobs,4300,RB,UTST,UTST @ UTAH,Night,https://dkn.gs/sports/images/cfb/teams/50/7971.png,1382352,44147497,09/19/2026 03:30 PM,2026-09-15T14:27:12Z
Riley Wormley,4300,RB,USC,USC @ RU,Night,https://dkn.gs/sports/images/cfb/teams/50/8080.png,1586383,44147500,09/19/2026 03:30 PM,2026-09-15T14:27:12Z
Jason Patterson,4300,RB,UK,UK @ TA&M,Night,https://dkn.gs/sports/images/cfb/teams/50/8128.png,1506461,44147503,09/19/2026 03:30 PM,2026-09-15T14:27:12Z
Dramekco Green,4300,RB,SMU,SMU @ UL,Night,https://dkn.gs/sports/images/cfb/teams/50/8233.png,1586143,44147506,09/19/2026 03:30 PM,2026-09-15T14:27:12Z
KJ Edwards,4300,RB,TA&M,UK @ TA&M,Night,https://dkn.gs/sports/images/cfb/teams/50/8251.png,1646416,44147509,09/19/2026 03:30 PM,2026-09-15T14:27:12Z
Daniel Bray,4300,RB,UTAH,UTST @ UTAH,Night,https://dkn.gs/sports/images/cfb/teams/50/8341.png,1582980,44147512,09/19/2026 03:30 PM,2026-09-15T14:27:12Z
Benji Blackburn,4300,WR,STAN,STAN @ DUKE,Night,https://dkn.gs/sports/images/cfb/teams/50/8084.png,1518070,44147995,09/19/2026 04:00 PM,2026-09-15T14:27:12Z
Isiah Canion,4300,WR,UGA,UGA @ ARK,Night,https://dkn.gs/sports/images/cfb/teams/50/8121.png,1508036,44147998,09/19/2026 12:00 PM,2026-09-15T14:27:12Z
Derrick McFall,4300,WR,SMU,SMU @ UL,Night,https://dkn.gs/sports/images/cfb/teams/50/8233.png,1508227,44148001,09/19/2026 03:30 PM,2026-09-15T14:27:12Z
TreyShun Hurry,4300,WR,UL,SMU @ UL,Night,https://dkn.gs/sports/images/cfb/teams/50/8373.png,1391427,44148004,09/19/2026 03:30 PM,2026-09-15T14:27:12Z
Micah Johnson,4200,RB,KU,ASU @ KU,Night,https://dkn.gs/sports/images/cfb/teams/50/7787.png,1518485,44147515,09/19/2026 12:00 PM,2026-09-15T14:27:12Z
Quinton Martin Jr.,4200,RB,PSU,BUFF @ PSU,Night,https://dkn.gs/sports/images/cfb/teams/50/7880.png,1508730,44147518,09/19/2026 12:00 PM,2026-09-15T14:27:12Z
Marquis Gillis,4200,RB,ASU,ASU @ KU,Night,https://dkn.gs/sports/images/cfb/teams/50/8042.png,1374077,44147521,09/19/2026 12:00 PM,2026-09-15T14:27:12Z
Kolin Wilson,4200,RB,MSST,MSST @ SCAR,Night,https://dkn.gs/sports/images/cfb/teams/50/8205.png,1582003,44147524,09/19/2026 04:15 PM,2026-09-15T14:27:12Z
LaMarcus Bell,4200,RB,UTAH,UTST @ UTAH,Night,https://dkn.gs/sports/images/cfb/teams/50/8341.png,1648191,44147527,09/19/2026 03:30 PM,2026-09-15T14:27:12Z
Chris Henry Jr.,4200,WR,OSU,KENT @ OSU,Night,https://dkn.gs/sports/images/cfb/teams/50/7874.png,1649756,44148007,09/19/2026 12:00 PM,2026-09-15T14:27:12Z
JonAnthony Hall,4200,WR,STAN,STAN @ DUKE,Night,https://dkn.gs/sports/images/cfb/teams/50/8084.png,1591056,44148010,09/19/2026 04:00 PM,2026-09-15T14:27:12Z
Talyn Taylor,4200,WR,UGA,UGA @ ARK,Night,https://dkn.gs/sports/images/cfb/teams/50/8121.png,1581907,44148013,09/19/2026 12:00 PM,2026-09-15T14:27:12Z
Sanfrisco Magee,4200,WR,MSST,MSST @ SCAR,Night,https://dkn.gs/sports/images/cfb/teams/50/8205.png,1520279,44148016,09/19/2026 04:15 PM,2026-09-15T14:27:12Z
David Eziomume,4100,RB,CLEM,UNC @ CLEM,Night,https://dkn.gs/sports/images/cfb/teams/50/7610.png,1507786,44147530,09/19/2026 12:00 PM,2026-09-15T14:27:12Z
Quintrevion Wisner,4100,RB,FSU,FSU @ BAMA,Night,https://dkn.gs/sports/images/cfb/teams/50/7627.png,1467246,44147533,09/19/2026 03:30 PM,2026-09-15T14:27:12Z
Noah White,4100,RB,UTST,UTST @ UTAH,Night,https://dkn.gs/sports/images/cfb/teams/50/7971.png,1584532,44147536,09/19/2026 03:30 PM,2026-09-15T14:27:12Z
Jakorion Caffey,4100,RB,KENT,KENT @ OSU,Night,https://dkn.gs/sports/images/cfb/teams/50/8004.png,1515012,44147539,09/19/2026 12:00 PM,2026-09-15T14:27:12Z
Hunter Hopperton,4100,RB,KENT,KENT @ OSU,Night,https://dkn.gs/sports/images/cfb/teams/50/8004.png,1394405,44147542,09/19/2026 12:00 PM,2026-09-15T14:27:12Z
Brandon White,4100,RB,KENT,KENT @ OSU,Night,https://dkn.gs/sports/images/cfb/teams/50/8004.png,1651687,44147545,09/19/2026 12:00 PM,2026-09-15T14:27:12Z
Shahn Alston,4100,RB,USC,USC @ RU,Night,https://dkn.gs/sports/images/cfb/teams/50/8080.png,1651288,44147548,09/19/2026 03:30 PM,2026-09-15T14:27:12Z
Dante Dowdell,4100,RB,UGA,UGA @ ARK,Night,https://dkn.gs/sports/images/cfb/teams/50/8121.png,1444550,44147551,09/19/2026 12:00 PM,2026-09-15T14:27:12Z
Jovantae Barnes,4100,RB,UK,UK @ TA&M,Night,https://dkn.gs/sports/images/cfb/teams/50/8128.png,1381303,44147554,09/19/2026 03:30 PM,2026-09-15T14:27:12Z
Jawarn Howell,4100,RB,SCAR,MSST @ SCAR,Night,https://dkn.gs/sports/images/cfb/teams/50/8133.png,1467495,44147557,09/19/2026 04:15 PM,2026-09-15T14:27:12Z
Cam Settles,4100,RB,ARK,UGA @ ARK,Night,https://dkn.gs/sports/images/cfb/teams/50/8175.png,1582242,44147560,09/19/2026 12:00 PM,2026-09-15T14:27:12Z
Xavier Gayten,4100,RB,MSST,MSST @ SCAR,Night,https://dkn.gs/sports/images/cfb/teams/50/8205.png,1520289,44147563,09/19/2026 04:15 PM,2026-09-15T14:27:12Z
Carsyn Baker,4100,RB,TA&M,UK @ TA&M,Night,https://dkn.gs/sports/images/cfb/teams/50/8251.png,1646039,44147566,09/19/2026 03:30 PM,2026-09-15T14:27:12Z
Braxton Jennings,4100,RB,UL,SMU @ UL,Night,https://dkn.gs/sports/images/cfb/teams/50/8373.png,1598251,44147569,09/19/2026 03:30 PM,2026-09-15T14:27:12Z
Javen Nicholas,4100,WR,DUKE,STAN @ DUKE,Night,https://dkn.gs/sports/images/cfb/teams/50/7621.png,1389796,44148019,09/19/2026 04:00 PM,2026-09-15T14:27:12Z
Jelani Thurman,4100,WR,UNC,UNC @ CLEM,Night,https://dkn.gs/sports/images/cfb/teams/50/7654.png,1441837,44148022,09/19/2026 12:00 PM,2026-09-15T14:27:12Z
Keith Jones Jr.,4100,WR,PSU,BUFF @ PSU,Night,https://dkn.gs/sports/images/cfb/teams/50/7880.png,1521122,44148025,09/19/2026 12:00 PM,2026-09-15T14:27:12Z
Willie Rodriguez,4100,WR,UK,UK @ TA&M,Night,https://dkn.gs/sports/images/cfb/teams/50/8128.png,1519404,44148028,09/19/2026 03:30 PM,2026-09-15T14:27:12Z
Theo Melin Ohrstrom,4100,WR,SMU,SMU @ UL,Night,https://dkn.gs/sports/images/cfb/teams/50/8233.png,1402777,44148031,09/19/2026 03:30 PM,2026-09-15T14:27:12Z
Yamir Knight,4100,WR,SMU,SMU @ UL,Night,https://dkn.gs/sports/images/cfb/teams/50/8233.png,1453683,44148034,09/19/2026 03:30 PM,2026-09-15T14:27:12Z
Jarvis Green,4000,RB,CLEM,UNC @ CLEM,Night,https://dkn.gs/sports/images/cfb/teams/50/7610.png,1441379,44147572,09/19/2026 12:00 PM,2026-09-15T14:27:12Z
Jay Haynes,4000,RB,CLEM,UNC @ CLEM,Night,https://dkn.gs/sports/images/cfb/teams/50/7610.png,1441382,44147575,09/19/2026 12:00 PM,2026-09-15T14:27:12Z
Peyton Streko,4000,RB,CLEM,UNC @ CLEM,Night,https://dkn.gs/sports/images/cfb/teams/50/7610.png,1441409,44147578,09/19/2026 12:00 PM,2026-09-15T14:27:12Z
Max Wilson,4000,RB,CLEM,UNC @ CLEM,Night,https://dkn.gs/sports/images/cfb/teams/50/7610.png,1585772,44147581,09/19/2026 12:00 PM,2026-09-15T14:27:12Z
Jayvian Tanelus,4000,RB,DUKE,STAN @ DUKE,Night,https://dkn.gs/sports/images/cfb/teams/50/7621.png,1648320,44147584,09/19/2026 04:00 PM,2026-09-15T14:27:12Z
CJ Givers,4000,RB,DUKE,STAN @ DUKE,Night,https://dkn.gs/sports/images/cfb/teams/50/7621.png,1648322,44147587,09/19/2026 04:00 PM,2026-09-15T14:27:12Z
Wilhelm Daal II,4000,RB,DUKE,STAN @ DUKE,Night,https://dkn.gs/sports/images/cfb/teams/50/7621.png,1408773,44147590,09/19/2026 04:00 PM,2026-09-15T14:27:12Z
Cole Denson,4000,RB,DUKE,STAN @ DUKE,Night,https://dkn.gs/sports/images/cfb/teams/50/7621.png,1518224,44147593,09/19/2026 04:00 PM,2026-09-15T14:27:12Z
Amari Thomas,4000,RB,FSU,FSU @ BAMA,Night,https://dkn.gs/sports/images/cfb/teams/50/7627.png,1648342,44147596,09/19/2026 03:30 PM,2026-09-15T14:27:12Z
Gemari Sands,4000,RB,FSU,FSU @ BAMA,Night,https://dkn.gs/sports/images/cfb/teams/50/7627.png,1448644,44147599,09/19/2026 03:30 PM,2026-09-15T14:27:12Z
Zay Parks,4000,RB,FSU,FSU @ BAMA,Night,https://dkn.gs/sports/images/cfb/teams/50/7627.png,1516037,44147602,09/19/2026 03:30 PM,2026-09-15T14:27:12Z
Gavin Markey,4000,RB,FSU,FSU @ BAMA,Night,https://dkn.gs/sports/images/cfb/teams/50/7627.png,1589197,44147605,09/19/2026 03:30 PM,2026-09-15T14:27:12Z
Kaleb Jackson,4000,RB,UNC,UNC @ CLEM,Night,https://dkn.gs/sports/images/cfb/teams/50/7654.png,1441053,44147608,09/19/2026 12:00 PM,2026-09-15T14:27:12Z
Charleston French,4000,RB,UNC,UNC @ CLEM,Night,https://dkn.gs/sports/images/cfb/teams/50/7654.png,1521650,44147611,09/19/2026 12:00 PM,2026-09-15T14:27:12Z
Peter Pesansky,4000,RB,UNC,UNC @ CLEM,Night,https://dkn.gs/sports/images/cfb/teams/50/7654.png,1520427,44147614,09/19/2026 12:00 PM,2026-09-15T14:27:12Z
Crew Davis,4000,RB,UNC,UNC @ CLEM,Night,https://dkn.gs/sports/images/cfb/teams/50/7654.png,1649405,44147617,09/19/2026 12:00 PM,2026-09-15T14:27:12Z
JoJo Troupe,4000,RB,UNC,UNC @ CLEM,Night,https://dkn.gs/sports/images/cfb/teams/50/7654.png,1591778,44147620,09/19/2026 12:00 PM,2026-09-15T14:27:12Z
Ja'shon Benjamin,4000,RB,RU,USC @ RU,Night,https://dkn.gs/sports/images/cfb/teams/50/7721.png,1444598,44147623,09/19/2026 03:30 PM,2026-09-15T14:27:12Z
Edd Guerrier,4000,RB,RU,USC @ RU,Night,https://dkn.gs/sports/images/cfb/teams/50/7721.png,1508869,44147626,09/19/2026 03:30 PM,2026-09-15T14:27:12Z
Terrell Mitchell,4000,RB,RU,USC @ RU,Night,https://dkn.gs/sports/images/cfb/teams/50/7721.png,1583894,44147629,09/19/2026 03:30 PM,2026-09-15T14:27:12Z
Xavier Williams,4000,RB,RU,USC @ RU,Night,https://dkn.gs/sports/images/cfb/teams/50/7721.png,1598927,44147632,09/19/2026 03:30 PM,2026-09-15T14:27:12Z
Michael Dukes III,4000,RB,RU,USC @ RU,Night,https://dkn.gs/sports/images/cfb/teams/50/7721.png,1651157,44147635,09/19/2026 03:30 PM,2026-09-15T14:27:12Z
Aiden Gibson,4000,RB,RU,USC @ RU,Night,https://dkn.gs/sports/images/cfb/teams/50/7721.png,1665402,44147638,09/19/2026 03:30 PM,2026-09-15T14:27:12Z
Kory Amachree,4000,RB,KU,ASU @ KU,Night,https://dkn.gs/sports/images/cfb/teams/50/7787.png,1647394,44147641,09/19/2026 12:00 PM,2026-09-15T14:27:12Z
Jack Reeves,4000,RB,KU,ASU @ KU,Night,https://dkn.gs/sports/images/cfb/teams/50/7787.png,1655979,44147644,09/19/2026 12:00 PM,2026-09-15T14:27:12Z
John Kelly,4000,RB,KU,ASU @ KU,Night,https://dkn.gs/sports/images/cfb/teams/50/7787.png,1593013,44147647,09/19/2026 12:00 PM,2026-09-15T14:27:12Z
Justin Thurman,4000,RB,KU,ASU @ KU,Night,https://dkn.gs/sports/images/cfb/teams/50/7787.png,1593015,44147650,09/19/2026 12:00 PM,2026-09-15T14:27:12Z
Legend Bey,4000,RB,OSU,KENT @ OSU,Night,https://dkn.gs/sports/images/cfb/teams/50/7874.png,1649749,44147653,09/19/2026 12:00 PM,2026-09-15T14:27:12Z
Anthony Rogers,4000,RB,OSU,KENT @ OSU,Night,https://dkn.gs/sports/images/cfb/teams/50/7874.png,1601188,44147656,09/19/2026 12:00 PM,2026-09-15T14:27:12Z
Stanley Jackson Jr.,4000,RB,OSU,KENT @ OSU,Night,https://dkn.gs/sports/images/cfb/teams/50/7874.png,1529919,44147659,09/19/2026 12:00 PM,2026-09-15T14:27:12Z
Favour Akih,4000,RB,OSU,KENT @ OSU,Night,https://dkn.gs/sports/images/cfb/teams/50/7874.png,1649774,44147662,09/19/2026 12:00 PM,2026-09-15T14:27:12Z
Cam Wallace,4000,RB,PSU,BUFF @ PSU,Night,https://dkn.gs/sports/images/cfb/teams/50/7880.png,1448367,44147665,09/19/2026 12:00 PM,2026-09-15T14:27:12Z
D'Antae Sheffey,4000,RB,PSU,BUFF @ PSU,Night,https://dkn.gs/sports/images/cfb/teams/50/7880.png,1651147,44147668,09/19/2026 12:00 PM,2026-09-15T14:27:12Z
Jeremy Washington,4000,RB,PSU,BUFF @ PSU,Night,https://dkn.gs/sports/images/cfb/teams/50/7880.png,1658510,44147671,09/19/2026 12:00 PM,2026-09-15T14:27:12Z
Amar'e Glover,4000,RB,PSU,BUFF @ PSU,Night,https://dkn.gs/sports/images/cfb/teams/50/7880.png,1658507,44147674,09/19/2026 12:00 PM,2026-09-15T14:27:12Z
Sesi Vailahi,4000,RB,UTST,UTST @ UTAH,Night,https://dkn.gs/sports/images/cfb/teams/50/7971.png,1455691,44147677,09/19/2026 03:30 PM,2026-09-15T14:27:12Z
Tre Kofe,4000,RB,UTST,UTST @ UTAH,Night,https://dkn.gs/sports/images/cfb/teams/50/7971.png,1518312,44147680,09/19/2026 03:30 PM,2026-09-15T14:27:12Z
Nehemiah Washington,4000,RB,UTST,UTST @ UTAH,Night,https://dkn.gs/sports/images/cfb/teams/50/7971.png,1589619,44147683,09/19/2026 03:30 PM,2026-09-15T14:27:12Z
Ravian Larry,4000,RB,UTST,UTST @ UTAH,Night,https://dkn.gs/sports/images/cfb/teams/50/7971.png,1589608,44147686,09/19/2026 03:30 PM,2026-09-15T14:27:12Z
Clyde Taulapapa,4000,RB,UTST,UTST @ UTAH,Night,https://dkn.gs/sports/images/cfb/teams/50/7971.png,1589616,44147689,09/19/2026 03:30 PM,2026-09-15T14:27:12Z
JT White,4000,RB,UTST,UTST @ UTAH,Night,https://dkn.gs/sports/images/cfb/teams/50/7971.png,1659748,44147692,09/19/2026 03:30 PM,2026-09-15T14:27:12Z
Mason King,4000,RB,KENT,KENT @ OSU,Night,https://dkn.gs/sports/images/cfb/teams/50/8004.png,1317262,44147695,09/19/2026 12:00 PM,2026-09-15T14:27:12Z
Donovan Delaney Jr.,4000,RB,KENT,KENT @ OSU,Night,https://dkn.gs/sports/images/cfb/teams/50/8004.png,1445293,44147698,09/19/2026 12:00 PM,2026-09-15T14:27:12Z
Ayden Harris,4000,RB,KENT,KENT @ OSU,Night,https://dkn.gs/sports/images/cfb/teams/50/8004.png,1511633,44147701,09/19/2026 12:00 PM,2026-09-15T14:27:12Z
Marques Hicks,4000,RB,KENT,KENT @ OSU,Night,https://dkn.gs/sports/images/cfb/teams/50/8004.png,1459833,44147704,09/19/2026 12:00 PM,2026-09-15T14:27:12Z
Dylan Armentrout,4000,RB,KENT,KENT @ OSU,Night,https://dkn.gs/sports/images/cfb/teams/50/8004.png,1655038,44147707,09/19/2026 12:00 PM,2026-09-15T14:27:12Z
Cade Romanini,4000,RB,KENT,KENT @ OSU,Night,https://dkn.gs/sports/images/cfb/teams/50/8004.png,1655832,44147710,09/19/2026 12:00 PM,2026-09-15T14:27:12Z
Jackson Farley,4000,RB,KENT,KENT @ OSU,Night,https://dkn.gs/sports/images/cfb/teams/50/8004.png,1655830,44147713,09/19/2026 12:00 PM,2026-09-15T14:27:12Z
Grayson Rigdon,4000,RB,ASU,ASU @ KU,Night,https://dkn.gs/sports/images/cfb/teams/50/8042.png,1591919,44147716,09/19/2026 12:00 PM,2026-09-15T14:27:12Z
Cardae Mack,4000,RB,ASU,ASU @ KU,Night,https://dkn.gs/sports/images/cfb/teams/50/8042.png,1647178,44147719,09/19/2026 12:00 PM,2026-09-15T14:27:12Z
Jason Brown Jr.,4000,RB,ASU,ASU @ KU,Night,https://dkn.gs/sports/images/cfb/teams/50/8042.png,1506532,44147722,09/19/2026 12:00 PM,2026-09-15T14:27:12Z
Demarius Robinson,4000,RB,ASU,ASU @ KU,Night,https://dkn.gs/sports/images/cfb/teams/50/8042.png,1582640,44147725,09/19/2026 12:00 PM,2026-09-15T14:27:12Z
David Avit,4000,RB,ASU,ASU @ KU,Night,https://dkn.gs/sports/images/cfb/teams/50/8042.png,1519876,44147728,09/19/2026 12:00 PM,2026-09-15T14:27:12Z
Cian McKelvey,4000,RB,USC,USC @ RU,Night,https://dkn.gs/sports/images/cfb/teams/50/8080.png,1538981,44147731,09/19/2026 03:30 PM,2026-09-15T14:27:12Z
Kayne Miller,4000,RB,USC,USC @ RU,Night,https://dkn.gs/sports/images/cfb/teams/50/8080.png,1663653,44147734,09/19/2026 03:30 PM,2026-09-15T14:27:12Z
Tyson Park,4000,RB,USC,USC @ RU,Night,https://dkn.gs/sports/images/cfb/teams/50/8080.png,1663656,44147737,09/19/2026 03:30 PM,2026-09-15T14:27:12Z
Chris Davis Jr.,4000,RB,STAN,STAN @ DUKE,Night,https://dkn.gs/sports/images/cfb/teams/50/8084.png,1518031,44147740,09/19/2026 04:00 PM,2026-09-15T14:27:12Z
Champ Hampton,4000,RB,STAN,STAN @ DUKE,Night,https://dkn.gs/sports/images/cfb/teams/50/8084.png,1462697,44147743,09/19/2026 04:00 PM,2026-09-15T14:27:12Z
Tuna Altahir,4000,RB,STAN,STAN @ DUKE,Night,https://dkn.gs/sports/images/cfb/teams/50/8084.png,1314170,44147746,09/19/2026 04:00 PM,2026-09-15T14:27:12Z
Dwight Phillips Jr.,4000,RB,UGA,UGA @ ARK,Night,https://dkn.gs/sports/images/cfb/teams/50/8121.png,1518455,44147749,09/19/2026 12:00 PM,2026-09-15T14:27:12Z
Bo Walker,4000,RB,UGA,UGA @ ARK,Night,https://dkn.gs/sports/images/cfb/teams/50/8121.png,1581894,44147752,09/19/2026 12:00 PM,2026-09-15T14:27:12Z
Jae Lamar,4000,RB,UGA,UGA @ ARK,Night,https://dkn.gs/sports/images/cfb/teams/50/8121.png,1646533,44147755,09/19/2026 12:00 PM,2026-09-15T14:27:12Z
Wade Penn,4000,RB,UGA,UGA @ ARK,Night,https://dkn.gs/sports/images/cfb/teams/50/8121.png,1518497,44147758,09/19/2026 12:00 PM,2026-09-15T14:27:12Z
Micah Bell,4000,RB,UGA,UGA @ ARK,Night,https://dkn.gs/sports/images/cfb/teams/50/8121.png,1451503,44147761,09/19/2026 12:00 PM,2026-09-15T14:27:12Z
Nick Peal,4000,RB,UGA,UGA @ ARK,Night,https://dkn.gs/sports/images/cfb/teams/50/8121.png,1663104,44147764,09/19/2026 12:00 PM,2026-09-15T14:27:12Z
Martels Carter Jr.,4000,RB,UK,UK @ TA&M,Night,https://dkn.gs/sports/images/cfb/teams/50/8128.png,1582126,44147767,09/19/2026 03:30 PM,2026-09-15T14:27:12Z
Ahmir Smith,4000,RB,UK,UK @ TA&M,Night,https://dkn.gs/sports/images/cfb/teams/50/8128.png,1518379,44147770,09/19/2026 03:30 PM,2026-09-15T14:27:12Z
Tovani Mizell,4000,RB,UK,UK @ TA&M,Night,https://dkn.gs/sports/images/cfb/teams/50/8128.png,1518209,44147773,09/19/2026 03:30 PM,2026-09-15T14:27:12Z
Isaiah Jackson,4000,RB,UK,UK @ TA&M,Night,https://dkn.gs/sports/images/cfb/teams/50/8128.png,1660960,44147776,09/19/2026 03:30 PM,2026-09-15T14:27:12Z
Jordan Colbert,4000,RB,UK,UK @ TA&M,Night,https://dkn.gs/sports/images/cfb/teams/50/8128.png,1668283,44147779,09/19/2026 03:30 PM,2026-09-15T14:27:12Z
Delvecchio Alston II,4000,RB,UK,UK @ TA&M,Night,https://dkn.gs/sports/images/cfb/teams/50/8128.png,1646258,44147782,09/19/2026 03:30 PM,2026-09-15T14:27:12Z
Isaiah Augustave,4000,RB,SCAR,MSST @ SCAR,Night,https://dkn.gs/sports/images/cfb/teams/50/8133.png,1451007,44147785,09/19/2026 04:15 PM,2026-09-15T14:27:12Z
Jabree Coleman,4000,RB,SCAR,MSST @ SCAR,Night,https://dkn.gs/sports/images/cfb/teams/50/8133.png,1591565,44147788,09/19/2026 04:15 PM,2026-09-15T14:27:12Z
Neil Salvage III,4000,RB,SCAR,MSST @ SCAR,Night,https://dkn.gs/sports/images/cfb/teams/50/8133.png,1518217,44147791,09/19/2026 04:15 PM,2026-09-15T14:27:12Z
Ethan Kellum,4000,RB,SCAR,MSST @ SCAR,Night,https://dkn.gs/sports/images/cfb/teams/50/8133.png,1656133,44147794,09/19/2026 04:15 PM,2026-09-15T14:27:12Z
Kevin Riley,4000,RB,BAMA,FSU @ BAMA,Night,https://dkn.gs/sports/images/cfb/teams/50/8166.png,1520204,44147797,09/19/2026 03:30 PM,2026-09-15T14:27:12Z
Trae'shawn Brown,4000,RB,BAMA,FSU @ BAMA,Night,https://dkn.gs/sports/images/cfb/teams/50/8166.png,1645534,44147800,09/19/2026 03:30 PM,2026-09-15T14:27:12Z
AK Dear,4000,RB,BAMA,FSU @ BAMA,Night,https://dkn.gs/sports/images/cfb/teams/50/8166.png,1582207,44147803,09/19/2026 03:30 PM,2026-09-15T14:27:12Z
Khalifa Keith,4000,RB,BAMA,FSU @ BAMA,Night,https://dkn.gs/sports/images/cfb/teams/50/8166.png,1456592,44147806,09/19/2026 03:30 PM,2026-09-15T14:27:12Z
Jaron Jackson,4000,RB,BAMA,FSU @ BAMA,Night,https://dkn.gs/sports/images/cfb/teams/50/8166.png,1670470,44147809,09/19/2026 03:30 PM,2026-09-15T14:27:12Z
TC Washington,4000,RB,BAMA,FSU @ BAMA,Night,https://dkn.gs/sports/images/cfb/teams/50/8166.png,1666181,44147812,09/19/2026 03:30 PM,2026-09-15T14:27:12Z
J'Alan Terry,4000,RB,BAMA,FSU @ BAMA,Night,https://dkn.gs/sports/images/cfb/teams/50/8166.png,1666180,44147815,09/19/2026 03:30 PM,2026-09-15T14:27:12Z
Fredrick Moore,4000,RB,BAMA,FSU @ BAMA,Night,https://dkn.gs/sports/images/cfb/teams/50/8166.png,1520209,44147818,09/19/2026 03:30 PM,2026-09-15T14:27:12Z
Jasper Parker,4000,RB,ARK,UGA @ ARK,Night,https://dkn.gs/sports/images/cfb/teams/50/8175.png,1599295,44147821,09/19/2026 12:00 PM,2026-09-15T14:27:12Z
Markeylin Batton,4000,RB,ARK,UGA @ ARK,Night,https://dkn.gs/sports/images/cfb/teams/50/8175.png,1589448,44147824,09/19/2026 12:00 PM,2026-09-15T14:27:12Z
TJ Hodges,4000,RB,ARK,UGA @ ARK,Night,https://dkn.gs/sports/images/cfb/teams/50/8175.png,1645617,44147827,09/19/2026 12:00 PM,2026-09-15T14:27:12Z
Kevin Young,4000,RB,ARK,UGA @ ARK,Night,https://dkn.gs/sports/images/cfb/teams/50/8175.png,1651909,44147830,09/19/2026 12:00 PM,2026-09-15T14:27:12Z
Mario Robinson,4000,RB,ARK,UGA @ ARK,Night,https://dkn.gs/sports/images/cfb/teams/50/8175.png,1511165,44147833,09/19/2026 12:00 PM,2026-09-15T14:27:12Z
Cooper Crosby,4000,RB,MSST,MSST @ SCAR,Night,https://dkn.gs/sports/images/cfb/teams/50/8205.png,1646417,44147836,09/19/2026 04:15 PM,2026-09-15T14:27:12Z
Brinston Williams,4000,RB,MSST,MSST @ SCAR,Night,https://dkn.gs/sports/images/cfb/teams/50/8205.png,1399978,44147839,09/19/2026 04:15 PM,2026-09-15T14:27:12Z
Christian Rhodes,4000,RB,SMU,SMU @ UL,Night,https://dkn.gs/sports/images/cfb/teams/50/8233.png,1649587,44147842,09/19/2026 03:30 PM,2026-09-15T14:27:12Z
EJ Kelly,4000,RB,SMU,SMU @ UL,Night,https://dkn.gs/sports/images/cfb/teams/50/8233.png,1649586,44147845,09/19/2026 03:30 PM,2026-09-15T14:27:12Z
Link Rhodes,4000,RB,SMU,SMU @ UL,Night,https://dkn.gs/sports/images/cfb/teams/50/8233.png,1586149,44147848,09/19/2026 03:30 PM,2026-09-15T14:27:12Z
William Fierro,4000,RB,SMU,SMU @ UL,Night,https://dkn.gs/sports/images/cfb/teams/50/8233.png,1466102,44147851,09/19/2026 03:30 PM,2026-09-15T14:27:12Z
Ramarian Tillman,4000,RB,TA&M,UK @ TA&M,Night,https://dkn.gs/sports/images/cfb/teams/50/8251.png,1524067,44147854,09/19/2026 03:30 PM,2026-09-15T14:27:12Z
Tiger Riden Jr.,4000,RB,TA&M,UK @ TA&M,Night,https://dkn.gs/sports/images/cfb/teams/50/8251.png,1582492,44147857,09/19/2026 03:30 PM,2026-09-15T14:27:12Z
DeDe Murray,4000,RB,TA&M,UK @ TA&M,Night,https://dkn.gs/sports/images/cfb/teams/50/8251.png,1589166,44147860,09/19/2026 03:30 PM,2026-09-15T14:27:12Z
Mateaki Helu,4000,RB,UTAH,UTST @ UTAH,Night,https://dkn.gs/sports/images/cfb/teams/50/8341.png,1582981,44147863,09/19/2026 03:30 PM,2026-09-15T14:27:12Z
Jojo Ward,4000,RB,UTAH,UTST @ UTAH,Night,https://dkn.gs/sports/images/cfb/teams/50/8341.png,1672544,44147866,09/19/2026 03:30 PM,2026-09-15T14:27:12Z
Anthony Hernandez,4000,RB,UTAH,UTST @ UTAH,Night,https://dkn.gs/sports/images/cfb/teams/50/8341.png,1532367,44147869,09/19/2026 03:30 PM,2026-09-15T14:27:12Z
Lekhy Thompkins,4000,RB,UL,SMU @ UL,Night,https://dkn.gs/sports/images/cfb/teams/50/8373.png,1649169,44147872,09/19/2026 03:30 PM,2026-09-15T14:27:12Z
James McNeil Jr.,4000,RB,BUFF,BUFF @ PSU,Night,https://dkn.gs/sports/images/cfb/teams/50/9238.png,1514508,44147875,09/19/2026 12:00 PM,2026-09-15T14:27:12Z
Nino Hill,4000,RB,BUFF,BUFF @ PSU,Night,https://dkn.gs/sports/images/cfb/teams/50/9238.png,1585088,44147878,09/19/2026 12:00 PM,2026-09-15T14:27:12Z
Devare Mathis,4000,RB,BUFF,BUFF @ PSU,Night,https://dkn.gs/sports/images/cfb/teams/50/9238.png,1587740,44147881,09/19/2026 12:00 PM,2026-09-15T14:27:12Z
Chase Enlow,4000,RB,BUFF,BUFF @ PSU,Night,https://dkn.gs/sports/images/cfb/teams/50/9238.png,1650516,44147884,09/19/2026 12:00 PM,2026-09-15T14:27:12Z
Brandon Inniss,4000,WR,OSU,KENT @ OSU,Night,https://dkn.gs/sports/images/cfb/teams/50/7874.png,1449306,44148037,09/19/2026 12:00 PM,2026-09-15T14:27:12Z
Javon Robinson,4000,WR,UTST,UTST @ UTAH,Night,https://dkn.gs/sports/images/cfb/teams/50/7971.png,1464775,44148040,09/19/2026 03:30 PM,2026-09-15T14:27:12Z
Ismael Cisse,4000,WR,ARK,UGA @ ARK,Night,https://dkn.gs/sports/images/cfb/teams/50/8175.png,1462690,44148043,09/19/2026 12:00 PM,2026-09-15T14:27:12Z
Yannick Smith,4000,WR,SMU,SMU @ UL,Night,https://dkn.gs/sports/images/cfb/teams/50/8233.png,1528360,44148046,09/19/2026 03:30 PM,2026-09-15T14:27:12Z
Houston Thomas,4000,WR,TA&M,UK @ TA&M,Night,https://dkn.gs/sports/images/cfb/teams/50/8251.png,1402647,44148049,09/19/2026 03:30 PM,2026-09-15T14:27:12Z
Noah Bennee,4000,WR,UTAH,UTST @ UTAH,Night,https://dkn.gs/sports/images/cfb/teams/50/8341.png,1381558,44148052,09/19/2026 03:30 PM,2026-09-15T14:27:12Z
Brody Foley,4000,WR,UL,SMU @ UL,Night,https://dkn.gs/sports/images/cfb/teams/50/8373.png,1378857,44148055,09/19/2026 03:30 PM,2026-09-15T14:27:12Z
Ethan Shine,4000,RB,PITT,SYR @ PITT,Showdown Captain Mode,https://dkn.gs/sports/images/cfb/teams/50/7712.png,1470066,44149533,09/17/2026 07:30 PM,2026-09-15T14:27:12Z
Andrew Rappleyea,3900,WR,PSU,BUFF @ PSU,Night,https://dkn.gs/sports/images/cfb/teams/50/7880.png,1448366,44148058,09/19/2026 12:00 PM,2026-09-15T14:27:12Z
Zay Robinson,3900,WR,PSU,BUFF @ PSU,Night,https://dkn.gs/sports/images/cfb/teams/50/7880.png,1590047,44148061,09/19/2026 12:00 PM,2026-09-15T14:27:12Z
Zacharyus Williams,3900,WR,USC,USC @ RU,Night,https://dkn.gs/sports/images/cfb/teams/50/8080.png,1519189,44148064,09/19/2026 03:30 PM,2026-09-15T14:27:12Z
Kenny Darby,3900,WR,UK,UK @ TA&M,Night,https://dkn.gs/sports/images/cfb/teams/50/8128.png,1646255,44148067,09/19/2026 03:30 PM,2026-09-15T14:27:12Z
Nyck Harbor,3900,WR,SCAR,MSST @ SCAR,Night,https://dkn.gs/sports/images/cfb/teams/50/8133.png,1458652,44148070,09/19/2026 04:15 PM,2026-09-15T14:27:12Z
Jalen Cooper,3900,WR,SMU,SMU @ UL,Night,https://dkn.gs/sports/images/cfb/teams/50/8233.png,1583294,44148073,09/19/2026 03:30 PM,2026-09-15T14:27:12Z
Jasaiah Gathings,3900,WR,BUFF,BUFF @ PSU,Night,https://dkn.gs/sports/images/cfb/teams/50/9238.png,1289328,44148076,09/19/2026 12:00 PM,2026-09-15T14:27:12Z
Duce Robinson,3800,WR,FSU,FSU @ BAMA,Night,https://dkn.gs/sports/images/cfb/teams/50/7627.png,1458871,44148079,09/19/2026 03:30 PM,2026-09-15T14:27:12Z
Nic Anderson,3800,WR,UK,UK @ TA&M,Night,https://dkn.gs/sports/images/cfb/teams/50/8128.png,1381305,44148082,09/19/2026 03:30 PM,2026-09-15T14:27:12Z
Rico Scott,3800,WR,BAMA,FSU @ BAMA,Night,https://dkn.gs/sports/images/cfb/teams/50/8166.png,1520186,44148085,09/19/2026 03:30 PM,2026-09-15T14:27:12Z
Creed Whittemore,3800,WR,UTAH,UTST @ UTAH,Night,https://dkn.gs/sports/images/cfb/teams/50/8341.png,1441029,44148088,09/19/2026 03:30 PM,2026-09-15T14:27:12Z
Jared Richardson,3700,WR,DUKE,STAN @ DUKE,Night,https://dkn.gs/sports/images/cfb/teams/50/7621.png,1407584,44148091,09/19/2026 04:00 PM,2026-09-15T14:27:12Z
Eli Wood,3700,WR,UTST,UTST @ UTAH,Night,https://dkn.gs/sports/images/cfb/teams/50/7971.png,1393149,44148094,09/19/2026 03:30 PM,2026-09-15T14:27:12Z
London Humphreys,3700,WR,UGA,UGA @ ARK,Night,https://dkn.gs/sports/images/cfb/teams/50/8121.png,1452982,44148097,09/19/2026 12:00 PM,2026-09-15T14:27:12Z
DJ Black,3700,WR,SCAR,MSST @ SCAR,Night,https://dkn.gs/sports/images/cfb/teams/50/8133.png,1396922,44148100,09/19/2026 04:15 PM,2026-09-15T14:27:12Z
Jamari Hawkins,3700,WR,ARK,UGA @ ARK,Night,https://dkn.gs/sports/images/cfb/teams/50/8175.png,1400575,44148103,09/19/2026 12:00 PM,2026-09-15T14:27:12Z
Marquis Johnson,3700,WR,MSST,MSST @ SCAR,Night,https://dkn.gs/sports/images/cfb/teams/50/8205.png,1460631,44148106,09/19/2026 04:15 PM,2026-09-15T14:27:12Z
Larry Simmons,3700,WR,UTAH,UTST @ UTAH,Night,https://dkn.gs/sports/images/cfb/teams/50/8341.png,1395989,44148109,09/19/2026 03:30 PM,2026-09-15T14:27:12Z
Jaleel Skinner,3700,WR,UL,SMU @ UL,Night,https://dkn.gs/sports/images/cfb/teams/50/8373.png,1379888,44148112,09/19/2026 03:30 PM,2026-09-15T14:27:12Z
Tyler Brown,3600,WR,CLEM,UNC @ CLEM,Night,https://dkn.gs/sports/images/cfb/teams/50/7610.png,1483736,44148115,09/19/2026 12:00 PM,2026-09-15T14:27:12Z
Jayvan Boggs,3600,WR,FSU,FSU @ BAMA,Night,https://dkn.gs/sports/images/cfb/teams/50/7627.png,1583020,44148118,09/19/2026 03:30 PM,2026-09-15T14:27:12Z
Trech Kekahuna,3600,WR,UNC,UNC @ CLEM,Night,https://dkn.gs/sports/images/cfb/teams/50/7654.png,1461156,44148121,09/19/2026 12:00 PM,2026-09-15T14:27:12Z
Ben Black III,3600,WR,RU,USC @ RU,Night,https://dkn.gs/sports/images/cfb/teams/50/7721.png,1508863,44148124,09/19/2026 03:30 PM,2026-09-15T14:27:12Z
Carson Bruhn,3600,WR,KU,ASU @ KU,Night,https://dkn.gs/sports/images/cfb/teams/50/7787.png,1518491,44148127,09/19/2026 12:00 PM,2026-09-15T14:27:12Z
Kyle Parker,3600,WR,OSU,KENT @ OSU,Night,https://dkn.gs/sports/images/cfb/teams/50/7874.png,1441027,44148130,09/19/2026 12:00 PM,2026-09-15T14:27:12Z
Wayne Harris,3600,WR,KENT,KENT @ OSU,Night,https://dkn.gs/sports/images/cfb/teams/50/8004.png,1511636,44148133,09/19/2026 12:00 PM,2026-09-15T14:27:12Z
Khamari Anderson,3600,WR,ASU,ASU @ KU,Night,https://dkn.gs/sports/images/cfb/teams/50/8042.png,1441597,44148136,09/19/2026 12:00 PM,2026-09-15T14:27:12Z
Corey Simms,3600,WR,USC,USC @ RU,Night,https://dkn.gs/sports/images/cfb/teams/50/8080.png,1586378,44148139,09/19/2026 03:30 PM,2026-09-15T14:27:12Z
Henry Boyer,3600,WR,UK,UK @ TA&M,Night,https://dkn.gs/sports/images/cfb/teams/50/8128.png,1400516,44148142,09/19/2026 03:30 PM,2026-09-15T14:27:12Z
Brady Hunt,3600,WR,SCAR,MSST @ SCAR,Night,https://dkn.gs/sports/images/cfb/teams/50/8133.png,1319214,44148145,09/19/2026 04:15 PM,2026-09-15T14:27:12Z
Kaleb Edwards,3600,WR,BAMA,FSU @ BAMA,Night,https://dkn.gs/sports/images/cfb/teams/50/8166.png,1595176,44148148,09/19/2026 03:30 PM,2026-09-15T14:27:12Z
Randy Pittman Jr.,3600,WR,SMU,SMU @ UL,Night,https://dkn.gs/sports/images/cfb/teams/50/8233.png,1443018,44148151,09/19/2026 03:30 PM,2026-09-15T14:27:12Z
Terry Bussey,3600,WR,TA&M,UK @ TA&M,Night,https://dkn.gs/sports/images/cfb/teams/50/8251.png,1524064,44148154,09/19/2026 03:30 PM,2026-09-15T14:27:12Z
Ricky Johnson,3600,WR,UTAH,UTST @ UTAH,Night,https://dkn.gs/sports/images/cfb/teams/50/8341.png,1520278,44148157,09/19/2026 03:30 PM,2026-09-15T14:27:12Z
Patrick Clacks III,3600,WR,BUFF,BUFF @ PSU,Night,https://dkn.gs/sports/images/cfb/teams/50/9238.png,1514506,44148160,09/19/2026 12:00 PM,2026-09-15T14:27:12Z
Bryce Yates,3600,WR,PITT,SYR @ PITT,Showdown Captain Mode,https://dkn.gs/sports/images/cfb/teams/50/7712.png,1583283,44149534,09/17/2026 07:30 PM,2026-09-15T14:27:12Z
Kavon Simmons,3500,WR,DUKE,STAN @ DUKE,Night,https://dkn.gs/sports/images/cfb/teams/50/7621.png,1589760,44148163,09/19/2026 04:00 PM,2026-09-15T14:27:12Z
C.J. Sadler,3500,WR,UNC,UNC @ CLEM,Night,https://dkn.gs/sports/images/cfb/teams/50/7654.png,1649433,44148166,09/19/2026 12:00 PM,2026-09-15T14:27:12Z
Nahzae Cox,3500,WR,KU,ASU @ KU,Night,https://dkn.gs/sports/images/cfb/teams/50/7787.png,1587230,44148169,09/19/2026 12:00 PM,2026-09-15T14:27:12Z
Mason Williams,3500,WR,OSU,KENT @ OSU,Night,https://dkn.gs/sports/images/cfb/teams/50/7874.png,1451402,44148172,09/19/2026 12:00 PM,2026-09-15T14:27:12Z
Marlon Harbin,3500,WR,UL,SMU @ UL,Night,https://dkn.gs/sports/images/cfb/teams/50/8373.png,1662453,44148175,09/19/2026 03:30 PM,2026-09-15T14:27:12Z
Christian Bentancur,3400,WR,CLEM,UNC @ CLEM,Night,https://dkn.gs/sports/images/cfb/teams/50/7610.png,1507775,44148178,09/19/2026 12:00 PM,2026-09-15T14:27:12Z
Jayden Moore,3400,WR,DUKE,STAN @ DUKE,Night,https://dkn.gs/sports/images/cfb/teams/50/7621.png,1508081,44148181,09/19/2026 04:00 PM,2026-09-15T14:27:12Z
Micahi Danzy,3400,WR,FSU,FSU @ BAMA,Night,https://dkn.gs/sports/images/cfb/teams/50/7627.png,1516032,44148184,09/19/2026 03:30 PM,2026-09-15T14:27:12Z
Keaton Kubecka,3400,WR,KU,ASU @ KU,Night,https://dkn.gs/sports/images/cfb/teams/50/7787.png,1449713,44148187,09/19/2026 12:00 PM,2026-09-15T14:27:12Z
Terrell Anderson,3400,WR,USC,USC @ RU,Night,https://dkn.gs/sports/images/cfb/teams/50/8080.png,1508247,44148190,09/19/2026 03:30 PM,2026-09-15T14:27:12Z
Ethan Barbour,3400,WR,UGA,UGA @ ARK,Night,https://dkn.gs/sports/images/cfb/teams/50/8121.png,1581913,44148193,09/19/2026 12:00 PM,2026-09-15T14:27:12Z
Nitro Tuggle,3400,WR,SCAR,MSST @ SCAR,Night,https://dkn.gs/sports/images/cfb/teams/50/8133.png,1506095,44148196,09/19/2026 04:15 PM,2026-09-15T14:27:12Z
CJ Brown,3400,WR,ARK,UGA @ ARK,Night,https://dkn.gs/sports/images/cfb/teams/50/8175.png,1506084,44148199,09/19/2026 12:00 PM,2026-09-15T14:27:12Z
Jalen Hale,3400,WR,SMU,SMU @ UL,Night,https://dkn.gs/sports/images/cfb/teams/50/8233.png,1440892,44148202,09/19/2026 03:30 PM,2026-09-15T14:27:12Z
Terrence McWilliams Jr.,3400,WR,UL,SMU @ UL,Night,https://dkn.gs/sports/images/cfb/teams/50/8373.png,1452154,44148205,09/19/2026 03:30 PM,2026-09-15T14:27:12Z
Nate Roberts,3300,WR,OSU,KENT @ OSU,Night,https://dkn.gs/sports/images/cfb/teams/50/7874.png,1583992,44148208,09/19/2026 12:00 PM,2026-09-15T14:27:12Z
Anthony Garcia,3300,WR,UTST,UTST @ UTAH,Night,https://dkn.gs/sports/images/cfb/teams/50/7971.png,1442965,44148211,09/19/2026 03:30 PM,2026-09-15T14:27:12Z
Da'Realyst Clark,3300,WR,KENT,KENT @ OSU,Night,https://dkn.gs/sports/images/cfb/teams/50/8004.png,1587749,44148214,09/19/2026 12:00 PM,2026-09-15T14:27:12Z
Nico Brown,3300,WR,STAN,STAN @ DUKE,Night,https://dkn.gs/sports/images/cfb/teams/50/8084.png,1408746,44148217,09/19/2026 04:00 PM,2026-09-15T14:27:12Z
Ty Lockwood,3300,WR,ARK,UGA @ ARK,Night,https://dkn.gs/sports/images/cfb/teams/50/8175.png,1440901,44148220,09/19/2026 12:00 PM,2026-09-15T14:27:12Z
Donovan Faupel,3300,WR,ARK,UGA @ ARK,Night,https://dkn.gs/sports/images/cfb/teams/50/8175.png,1457676,44148223,09/19/2026 12:00 PM,2026-09-15T14:27:12Z
Richie Anderson III,3300,WR,TA&M,UK @ TA&M,Night,https://dkn.gs/sports/images/cfb/teams/50/8251.png,1452090,44148226,09/19/2026 03:30 PM,2026-09-15T14:27:12Z
Trevor Wilson,3300,WR,BUFF,BUFF @ PSU,Night,https://dkn.gs/sports/images/cfb/teams/50/9238.png,1391484,44148229,09/19/2026 12:00 PM,2026-09-15T14:27:12Z
Desirrio Riles,3200,WR,FSU,FSU @ BAMA,Night,https://dkn.gs/sports/images/cfb/teams/50/7627.png,1458600,44148232,09/19/2026 03:30 PM,2026-09-15T14:27:12Z
Teriq Mallory,3200,WR,FSU,FSU @ BAMA,Night,https://dkn.gs/sports/images/cfb/teams/50/7627.png,1589186,44148235,09/19/2026 03:30 PM,2026-09-15T14:27:12Z
Brock Boyd,3200,WR,OSU,KENT @ OSU,Night,https://dkn.gs/sports/images/cfb/teams/50/7874.png,1649754,44148238,09/19/2026 12:00 PM,2026-09-15T14:27:12Z
Demick Starling,3200,WR,UTST,UTST @ UTAH,Night,https://dkn.gs/sports/images/cfb/teams/50/7971.png,1216977,44148241,09/19/2026 03:30 PM,2026-09-15T14:27:12Z
Terik Mulder,3200,WR,KENT,KENT @ OSU,Night,https://dkn.gs/sports/images/cfb/teams/50/8004.png,1407695,44148244,09/19/2026 12:00 PM,2026-09-15T14:27:12Z
Ardell Banks,3200,WR,KENT,KENT @ OSU,Night,https://dkn.gs/sports/images/cfb/teams/50/8004.png,1456632,44148247,09/19/2026 12:00 PM,2026-09-15T14:27:12Z
Raiden Vines-Bright,3200,WR,ASU,ASU @ KU,Night,https://dkn.gs/sports/images/cfb/teams/50/8042.png,1583912,44148250,09/19/2026 12:00 PM,2026-09-15T14:27:12Z
Thomas Blackshear,3200,WR,UGA,UGA @ ARK,Night,https://dkn.gs/sports/images/cfb/teams/50/8121.png,1597661,44148253,09/19/2026 12:00 PM,2026-09-15T14:27:12Z
Cederian Morgan,3200,WR,BAMA,FSU @ BAMA,Night,https://dkn.gs/sports/images/cfb/teams/50/8166.png,1645527,44148256,09/19/2026 03:30 PM,2026-09-15T14:27:12Z
Sam West,3200,WR,MSST,MSST @ SCAR,Night,https://dkn.gs/sports/images/cfb/teams/50/8205.png,1441692,44148259,09/19/2026 04:15 PM,2026-09-15T14:27:12Z
Ayden Williams,3200,WR,MSST,MSST @ SCAR,Night,https://dkn.gs/sports/images/cfb/teams/50/8205.png,1451982,44148262,09/19/2026 04:15 PM,2026-09-15T14:27:12Z
Ashton Bethel-Roman,3200,WR,TA&M,UK @ TA&M,Night,https://dkn.gs/sports/images/cfb/teams/50/8251.png,1524323,44148265,09/19/2026 03:30 PM,2026-09-15T14:27:12Z
Hunter Andrews,3200,WR,UTAH,UTST @ UTAH,Night,https://dkn.gs/sports/images/cfb/teams/50/8341.png,1507257,44148268,09/19/2026 03:30 PM,2026-09-15T14:27:12Z
Elijah Lagg,3200,WR,PITT,SYR @ PITT,Showdown Captain Mode,https://dkn.gs/sports/images/cfb/teams/50/7712.png,1586701,44149535,09/17/2026 07:30 PM,2026-09-15T14:27:12Z
Olsen Patt-Henry,3100,WR,CLEM,UNC @ CLEM,Night,https://dkn.gs/sports/images/cfb/teams/50/7610.png,1441390,44148271,09/19/2026 12:00 PM,2026-09-15T14:27:12Z
Tristan Smith,3100,WR,CLEM,UNC @ CLEM,Night,https://dkn.gs/sports/images/cfb/teams/50/7610.png,1517075,44148274,09/19/2026 12:00 PM,2026-09-15T14:27:12Z
Nate Kurisky,3100,WR,DUKE,STAN @ DUKE,Night,https://dkn.gs/sports/images/cfb/teams/50/7621.png,1389702,44148277,09/19/2026 04:00 PM,2026-09-15T14:27:12Z
Landen Thomas,3100,WR,FSU,FSU @ BAMA,Night,https://dkn.gs/sports/images/cfb/teams/50/7627.png,1507890,44148280,09/19/2026 03:30 PM,2026-09-15T14:27:12Z
Mason Humphrey,3100,WR,UNC,UNC @ CLEM,Night,https://dkn.gs/sports/images/cfb/teams/50/7654.png,1464061,44148283,09/19/2026 12:00 PM,2026-09-15T14:27:12Z
Logan Blake,3100,WR,RU,USC @ RU,Night,https://dkn.gs/sports/images/cfb/teams/50/7721.png,1444591,44148286,09/19/2026 03:30 PM,2026-09-15T14:27:12Z
Dyzier Carter,3100,WR,RU,USC @ RU,Night,https://dkn.gs/sports/images/cfb/teams/50/7721.png,1651146,44148289,09/19/2026 03:30 PM,2026-09-15T14:27:12Z
Leyton Cure,3100,WR,KU,ASU @ KU,Night,https://dkn.gs/sports/images/cfb/teams/50/7787.png,1519159,44148292,09/19/2026 12:00 PM,2026-09-15T14:27:12Z
Tate Nagy,3100,WR,KU,ASU @ KU,Night,https://dkn.gs/sports/images/cfb/teams/50/7787.png,1582777,44148295,09/19/2026 12:00 PM,2026-09-15T14:27:12Z
Hunter Welcing,3100,WR,OSU,KENT @ OSU,Night,https://dkn.gs/sports/images/cfb/teams/50/7874.png,1214039,44148298,09/19/2026 12:00 PM,2026-09-15T14:27:12Z
Gabe Burkle,3100,WR,PSU,BUFF @ PSU,Night,https://dkn.gs/sports/images/cfb/teams/50/7880.png,1390949,44148301,09/19/2026 12:00 PM,2026-09-15T14:27:12Z
Kache Kaio,3100,WR,UTST,UTST @ UTAH,Night,https://dkn.gs/sports/images/cfb/teams/50/7971.png,1587016,44148304,09/19/2026 03:30 PM,2026-09-15T14:27:12Z
Rex Haynes,3100,WR,UTST,UTST @ UTAH,Night,https://dkn.gs/sports/images/cfb/teams/50/7971.png,1402140,44148307,09/19/2026 03:30 PM,2026-09-15T14:27:12Z
AJ Ia,3100,WR,ASU,ASU @ KU,Night,https://dkn.gs/sports/images/cfb/teams/50/8042.png,1582636,44148310,09/19/2026 12:00 PM,2026-09-15T14:27:12Z
Jalen Moss,3100,WR,ASU,ASU @ KU,Night,https://dkn.gs/sports/images/cfb/teams/50/8042.png,1395934,44148313,09/19/2026 12:00 PM,2026-09-15T14:27:12Z
Tron Baker,3100,WR,USC,USC @ RU,Night,https://dkn.gs/sports/images/cfb/teams/50/8080.png,1651330,44148316,09/19/2026 03:30 PM,2026-09-15T14:27:12Z
Lawson Luckie,3100,WR,UGA,UGA @ ARK,Night,https://dkn.gs/sports/images/cfb/teams/50/8121.png,1442632,44148319,09/19/2026 12:00 PM,2026-09-15T14:27:12Z
Craig Dandridge,3100,WR,UGA,UGA @ ARK,Night,https://dkn.gs/sports/images/cfb/teams/50/8121.png,1646636,44148322,09/19/2026 12:00 PM,2026-09-15T14:27:12Z
DJ Miller,3100,WR,UK,UK @ TA&M,Night,https://dkn.gs/sports/images/cfb/teams/50/8128.png,1582128,44148325,09/19/2026 03:30 PM,2026-09-15T14:27:12Z
Mazeo Bennett Jr.,3100,WR,SCAR,MSST @ SCAR,Night,https://dkn.gs/sports/images/cfb/teams/50/8133.png,1507231,44148328,09/19/2026 04:15 PM,2026-09-15T14:27:12Z
Derek Meadows,3100,WR,BAMA,FSU @ BAMA,Night,https://dkn.gs/sports/images/cfb/teams/50/8166.png,1582198,44148331,09/19/2026 03:30 PM,2026-09-15T14:27:12Z
Jaden Platt,3100,WR,ARK,UGA @ ARK,Night,https://dkn.gs/sports/images/cfb/teams/50/8175.png,1442956,44148334,09/19/2026 12:00 PM,2026-09-15T14:27:12Z
Tripp Riordan,3100,WR,SMU,SMU @ UL,Night,https://dkn.gs/sports/images/cfb/teams/50/8233.png,1460502,44148337,09/19/2026 03:30 PM,2026-09-15T14:27:12Z
Carterrious Brown,3100,WR,SMU,SMU @ UL,Night,https://dkn.gs/sports/images/cfb/teams/50/8233.png,1586139,44148340,09/19/2026 03:30 PM,2026-09-15T14:27:12Z
Mana Carvalho,3100,WR,UTAH,UTST @ UTAH,Night,https://dkn.gs/sports/images/cfb/teams/50/8341.png,1582991,44148343,09/19/2026 03:30 PM,2026-09-15T14:27:12Z
Elizjah Lewis,3100,WR,UL,SMU @ UL,Night,https://dkn.gs/sports/images/cfb/teams/50/8373.png,1325310,44148346,09/19/2026 03:30 PM,2026-09-15T14:27:12Z
Clint Walker,3100,WR,BUFF,BUFF @ PSU,Night,https://dkn.gs/sports/images/cfb/teams/50/9238.png,1656784,44148349,09/19/2026 12:00 PM,2026-09-15T14:27:12Z
Jaylen Andrews,3100,WR,BUFF,BUFF @ PSU,Night,https://dkn.gs/sports/images/cfb/teams/50/9238.png,1656542,44148352,09/19/2026 12:00 PM,2026-09-15T14:27:12Z
Logan Brooking,3000,WR,CLEM,UNC @ CLEM,Night,https://dkn.gs/sports/images/cfb/teams/50/7610.png,1583418,44148355,09/19/2026 12:00 PM,2026-09-15T14:27:12Z
Charlie Johnson,3000,WR,CLEM,UNC @ CLEM,Night,https://dkn.gs/sports/images/cfb/teams/50/7610.png,1454052,44148358,09/19/2026 12:00 PM,2026-09-15T14:27:12Z
Tayveon Wilson,3000,WR,CLEM,UNC @ CLEM,Night,https://dkn.gs/sports/images/cfb/teams/50/7610.png,1648421,44148361,09/19/2026 12:00 PM,2026-09-15T14:27:12Z
Jack Wolf,3000,WR,CLEM,UNC @ CLEM,Night,https://dkn.gs/sports/images/cfb/teams/50/7610.png,1662441,44148364,09/19/2026 12:00 PM,2026-09-15T14:27:12Z
Juju Preston,3000,WR,CLEM,UNC @ CLEM,Night,https://dkn.gs/sports/images/cfb/teams/50/7610.png,1583424,44148367,09/19/2026 12:00 PM,2026-09-15T14:27:12Z
Naeem Burroughs,3000,WR,CLEM,UNC @ CLEM,Night,https://dkn.gs/sports/images/cfb/teams/50/7610.png,1648404,44148370,09/19/2026 12:00 PM,2026-09-15T14:27:12Z
Cole Turner,3000,WR,CLEM,UNC @ CLEM,Night,https://dkn.gs/sports/images/cfb/teams/50/7610.png,1378291,44148373,09/19/2026 12:00 PM,2026-09-15T14:27:12Z
Chris Denson,3000,WR,CLEM,UNC @ CLEM,Night,https://dkn.gs/sports/images/cfb/teams/50/7610.png,1583425,44148376,09/19/2026 12:00 PM,2026-09-15T14:27:12Z
Gordon Sellars III,3000,WR,CLEM,UNC @ CLEM,Night,https://dkn.gs/sports/images/cfb/teams/50/7610.png,1648410,44148379,09/19/2026 12:00 PM,2026-09-15T14:27:12Z
Connor Salmin,3000,WR,CLEM,UNC @ CLEM,Night,https://dkn.gs/sports/images/cfb/teams/50/7610.png,1648409,44148382,09/19/2026 12:00 PM,2026-09-15T14:27:12Z
Clark Sanderson,3000,WR,CLEM,UNC @ CLEM,Night,https://dkn.gs/sports/images/cfb/teams/50/7610.png,1517183,44148385,09/19/2026 12:00 PM,2026-09-15T14:27:12Z
Clay Swinney,3000,WR,CLEM,UNC @ CLEM,Night,https://dkn.gs/sports/images/cfb/teams/50/7610.png,1378292,44148388,09/19/2026 12:00 PM,2026-09-15T14:27:12Z
Jack Purkerson,3000,WR,CLEM,UNC @ CLEM,Night,https://dkn.gs/sports/images/cfb/teams/50/7610.png,1585771,44148391,09/19/2026 12:00 PM,2026-09-15T14:27:12Z
Chase Byrd,3000,WR,CLEM,UNC @ CLEM,Night,https://dkn.gs/sports/images/cfb/teams/50/7610.png,1507789,44148394,09/19/2026 12:00 PM,2026-09-15T14:27:12Z
Luke Stubbs,3000,WR,CLEM,UNC @ CLEM,Night,https://dkn.gs/sports/images/cfb/teams/50/7610.png,1599958,44148397,09/19/2026 12:00 PM,2026-09-15T14:27:12Z
Sam Earle,3000,WR,CLEM,UNC @ CLEM,Night,https://dkn.gs/sports/images/cfb/teams/50/7610.png,1585774,44148400,09/19/2026 12:00 PM,2026-09-15T14:27:12Z
Avery Wieting,3000,WR,CLEM,UNC @ CLEM,Night,https://dkn.gs/sports/images/cfb/teams/50/7610.png,1599961,44148403,09/19/2026 12:00 PM,2026-09-15T14:27:12Z
Jaylen Brown-Wallace,3000,WR,CLEM,UNC @ CLEM,Night,https://dkn.gs/sports/images/cfb/teams/50/7610.png,1651369,44148406,09/19/2026 12:00 PM,2026-09-15T14:27:12Z
Cam Blivens,3000,WR,CLEM,UNC @ CLEM,Night,https://dkn.gs/sports/images/cfb/teams/50/7610.png,1648422,44148409,09/19/2026 12:00 PM,2026-09-15T14:27:12Z
Keil McGriff,3000,WR,CLEM,UNC @ CLEM,Night,https://dkn.gs/sports/images/cfb/teams/50/7610.png,1648423,44148412,09/19/2026 12:00 PM,2026-09-15T14:27:12Z
Grady Sherrill,3000,WR,CLEM,UNC @ CLEM,Night,https://dkn.gs/sports/images/cfb/teams/50/7610.png,1398562,44148415,09/19/2026 12:00 PM,2026-09-15T14:27:12Z
Jake Taylor,3000,WR,DUKE,STAN @ DUKE,Night,https://dkn.gs/sports/images/cfb/teams/50/7621.png,1392650,44148418,09/19/2026 04:00 PM,2026-09-15T14:27:12Z
Brett Elliott,3000,WR,DUKE,STAN @ DUKE,Night,https://dkn.gs/sports/images/cfb/teams/50/7621.png,1511466,44148421,09/19/2026 04:00 PM,2026-09-15T14:27:12Z
Benjamin Moseley,3000,WR,DUKE,STAN @ DUKE,Night,https://dkn.gs/sports/images/cfb/teams/50/7621.png,1648330,44148424,09/19/2026 04:00 PM,2026-09-15T14:27:12Z
Tony Boggs,3000,WR,DUKE,STAN @ DUKE,Night,https://dkn.gs/sports/images/cfb/teams/50/7621.png,1441440,44148427,09/19/2026 04:00 PM,2026-09-15T14:27:12Z
Jack Gaskins,3000,WR,DUKE,STAN @ DUKE,Night,https://dkn.gs/sports/images/cfb/teams/50/7621.png,1653463,44148430,09/19/2026 04:00 PM,2026-09-15T14:27:12Z
Jaivon Solomon,3000,WR,DUKE,STAN @ DUKE,Night,https://dkn.gs/sports/images/cfb/teams/50/7621.png,1589759,44148433,09/19/2026 04:00 PM,2026-09-15T14:27:12Z
Qeanu Johnson,3000,WR,DUKE,STAN @ DUKE,Night,https://dkn.gs/sports/images/cfb/teams/50/7621.png,1589761,44148436,09/19/2026 04:00 PM,2026-09-15T14:27:12Z
Paxon Kettering,3000,WR,DUKE,STAN @ DUKE,Night,https://dkn.gs/sports/images/cfb/teams/50/7621.png,1518233,44148439,09/19/2026 04:00 PM,2026-09-15T14:27:12Z
Jamien Little,3000,WR,DUKE,STAN @ DUKE,Night,https://dkn.gs/sports/images/cfb/teams/50/7621.png,1583013,44148442,09/19/2026 04:00 PM,2026-09-15T14:27:12Z
Kavon Conciauro,3000,WR,DUKE,STAN @ DUKE,Night,https://dkn.gs/sports/images/cfb/teams/50/7621.png,1648316,44148445,09/19/2026 04:00 PM,2026-09-15T14:27:12Z
Brody Keefe,3000,WR,DUKE,STAN @ DUKE,Night,https://dkn.gs/sports/images/cfb/teams/50/7621.png,1648318,44148448,09/19/2026 04:00 PM,2026-09-15T14:27:12Z
Paul Holyfield Jr.,3000,WR,DUKE,STAN @ DUKE,Night,https://dkn.gs/sports/images/cfb/teams/50/7621.png,1391103,44148451,09/19/2026 04:00 PM,2026-09-15T14:27:12Z
Blake Rohrer,3000,WR,DUKE,STAN @ DUKE,Night,https://dkn.gs/sports/images/cfb/teams/50/7621.png,1655526,44148454,09/19/2026 04:00 PM,2026-09-15T14:27:12Z
Jackson Maggiore,3000,WR,DUKE,STAN @ DUKE,Night,https://dkn.gs/sports/images/cfb/teams/50/7621.png,1653464,44148457,09/19/2026 04:00 PM,2026-09-15T14:27:12Z
Chase Loftin,3000,WR,FSU,FSU @ BAMA,Night,https://dkn.gs/sports/images/cfb/teams/50/7627.png,1583023,44148460,09/19/2026 03:30 PM,2026-09-15T14:27:12Z
Greyson Labiad,3000,WR,FSU,FSU @ BAMA,Night,https://dkn.gs/sports/images/cfb/teams/50/7627.png,1584992,44148463,09/19/2026 03:30 PM,2026-09-15T14:27:12Z
Corbyn Fordham,3000,WR,FSU,FSU @ BAMA,Night,https://dkn.gs/sports/images/cfb/teams/50/7627.png,1648356,44148466,09/19/2026 03:30 PM,2026-09-15T14:27:12Z
Xavier Tiller,3000,WR,FSU,FSU @ BAMA,Night,https://dkn.gs/sports/images/cfb/teams/50/7627.png,1652827,44148469,09/19/2026 03:30 PM,2026-09-15T14:27:12Z
Drew Hardwick,3000,WR,FSU,FSU @ BAMA,Night,https://dkn.gs/sports/images/cfb/teams/50/7627.png,1652829,44148472,09/19/2026 03:30 PM,2026-09-15T14:27:12Z
Devin Carter,3000,WR,FSU,FSU @ BAMA,Night,https://dkn.gs/sports/images/cfb/teams/50/7627.png,1648335,44148475,09/19/2026 03:30 PM,2026-09-15T14:27:12Z
Jasen Lopez,3000,WR,FSU,FSU @ BAMA,Night,https://dkn.gs/sports/images/cfb/teams/50/7627.png,1648333,44148478,09/19/2026 03:30 PM,2026-09-15T14:27:12Z
Tae'Shaun Gelsey,3000,WR,FSU,FSU @ BAMA,Night,https://dkn.gs/sports/images/cfb/teams/50/7627.png,1583043,44148481,09/19/2026 03:30 PM,2026-09-15T14:27:12Z
Brandon Bennett,3000,WR,FSU,FSU @ BAMA,Night,https://dkn.gs/sports/images/cfb/teams/50/7627.png,1652828,44148484,09/19/2026 03:30 PM,2026-09-15T14:27:12Z
Tony Bland,3000,WR,FSU,FSU @ BAMA,Night,https://dkn.gs/sports/images/cfb/teams/50/7627.png,1652830,44148487,09/19/2026 03:30 PM,2026-09-15T14:27:12Z
Darryon Williams,3000,WR,FSU,FSU @ BAMA,Night,https://dkn.gs/sports/images/cfb/teams/50/7627.png,1648338,44148490,09/19/2026 03:30 PM,2026-09-15T14:27:12Z
Jonah Winston,3000,WR,FSU,FSU @ BAMA,Night,https://dkn.gs/sports/images/cfb/teams/50/7627.png,1652826,44148493,09/19/2026 03:30 PM,2026-09-15T14:27:12Z
Keenen Jeune,3000,WR,FSU,FSU @ BAMA,Night,https://dkn.gs/sports/images/cfb/teams/50/7627.png,1652831,44148496,09/19/2026 03:30 PM,2026-09-15T14:27:12Z
EJ White,3000,WR,FSU,FSU @ BAMA,Night,https://dkn.gs/sports/images/cfb/teams/50/7627.png,1648334,44148499,09/19/2026 03:30 PM,2026-09-15T14:27:12Z
Jaxxon Warren,3000,WR,UNC,UNC @ CLEM,Night,https://dkn.gs/sports/images/cfb/teams/50/7654.png,1445250,44148502,09/19/2026 12:00 PM,2026-09-15T14:27:12Z
Jordan Washington,3000,WR,UNC,UNC @ CLEM,Night,https://dkn.gs/sports/images/cfb/teams/50/7654.png,1506411,44148505,09/19/2026 12:00 PM,2026-09-15T14:27:12Z
Shamar Easter,3000,WR,UNC,UNC @ CLEM,Night,https://dkn.gs/sports/images/cfb/teams/50/7654.png,1451018,44148508,09/19/2026 12:00 PM,2026-09-15T14:27:12Z
Carson Sneed,3000,WR,UNC,UNC @ CLEM,Night,https://dkn.gs/sports/images/cfb/teams/50/7654.png,1649425,44148511,09/19/2026 12:00 PM,2026-09-15T14:27:12Z
Deems May,3000,WR,UNC,UNC @ CLEM,Night,https://dkn.gs/sports/images/cfb/teams/50/7654.png,1398604,44148514,09/19/2026 12:00 PM,2026-09-15T14:27:12Z
Dream Rashad,3000,WR,UNC,UNC @ CLEM,Night,https://dkn.gs/sports/images/cfb/teams/50/7654.png,1653523,44148517,09/19/2026 12:00 PM,2026-09-15T14:27:12Z
Nathan Leacock,3000,WR,UNC,UNC @ CLEM,Night,https://dkn.gs/sports/images/cfb/teams/50/7654.png,1443012,44148520,09/19/2026 12:00 PM,2026-09-15T14:27:12Z
Madrid Tucker,3000,WR,UNC,UNC @ CLEM,Night,https://dkn.gs/sports/images/cfb/teams/50/7654.png,1591779,44148523,09/19/2026 12:00 PM,2026-09-15T14:27:12Z
Dayton Sneed,3000,WR,UNC,UNC @ CLEM,Night,https://dkn.gs/sports/images/cfb/teams/50/7654.png,1443011,44148526,09/19/2026 12:00 PM,2026-09-15T14:27:12Z
Nyqir Helton,3000,WR,UNC,UNC @ CLEM,Night,https://dkn.gs/sports/images/cfb/teams/50/7654.png,1649402,44148529,09/19/2026 12:00 PM,2026-09-15T14:27:12Z
Keeyun Chapman,3000,WR,UNC,UNC @ CLEM,Night,https://dkn.gs/sports/images/cfb/teams/50/7654.png,1653522,44148532,09/19/2026 12:00 PM,2026-09-15T14:27:12Z
Jaden Jefferson,3000,WR,UNC,UNC @ CLEM,Night,https://dkn.gs/sports/images/cfb/teams/50/7654.png,1649408,44148535,09/19/2026 12:00 PM,2026-09-15T14:27:12Z
Zamaurious Robertson,3000,WR,UNC,UNC @ CLEM,Night,https://dkn.gs/sports/images/cfb/teams/50/7654.png,1649401,44148538,09/19/2026 12:00 PM,2026-09-15T14:27:12Z
Carnell Warren,3000,WR,UNC,UNC @ CLEM,Night,https://dkn.gs/sports/images/cfb/teams/50/7654.png,1649424,44148541,09/19/2026 12:00 PM,2026-09-15T14:27:12Z
Kymistrii Young,3000,WR,UNC,UNC @ CLEM,Night,https://dkn.gs/sports/images/cfb/teams/50/7654.png,1649423,44148544,09/19/2026 12:00 PM,2026-09-15T14:27:12Z
Kam Anthony,3000,WR,RU,USC @ RU,Night,https://dkn.gs/sports/images/cfb/teams/50/7721.png,1521219,44148547,09/19/2026 03:30 PM,2026-09-15T14:27:12Z
Ben Rothhaar,3000,WR,RU,USC @ RU,Night,https://dkn.gs/sports/images/cfb/teams/50/7721.png,1583893,44148550,09/19/2026 03:30 PM,2026-09-15T14:27:12Z
Jackson Gister,3000,WR,RU,USC @ RU,Night,https://dkn.gs/sports/images/cfb/teams/50/7721.png,1523690,44148553,09/19/2026 03:30 PM,2026-09-15T14:27:12Z
Mike Higgins,3000,WR,RU,USC @ RU,Night,https://dkn.gs/sports/images/cfb/teams/50/7721.png,1380783,44148556,09/19/2026 03:30 PM,2026-09-15T14:27:12Z
Brady Owens,3000,WR,RU,USC @ RU,Night,https://dkn.gs/sports/images/cfb/teams/50/7721.png,1651203,44148559,09/19/2026 03:30 PM,2026-09-15T14:27:12Z
DJ Howerton,3000,WR,RU,USC @ RU,Night,https://dkn.gs/sports/images/cfb/teams/50/7721.png,1651202,44148562,09/19/2026 03:30 PM,2026-09-15T14:27:12Z
Ryan Bayoumy,3000,WR,RU,USC @ RU,Night,https://dkn.gs/sports/images/cfb/teams/50/7721.png,1598942,44148565,09/19/2026 03:30 PM,2026-09-15T14:27:12Z
Vernon Allen III,3000,WR,RU,USC @ RU,Night,https://dkn.gs/sports/images/cfb/teams/50/7721.png,1583887,44148568,09/19/2026 03:30 PM,2026-09-15T14:27:12Z
Sah'nye Degraffenreidt,3000,WR,RU,USC @ RU,Night,https://dkn.gs/sports/images/cfb/teams/50/7721.png,1583889,44148571,09/19/2026 03:30 PM,2026-09-15T14:27:12Z
Michael Thomas III,3000,WR,RU,USC @ RU,Night,https://dkn.gs/sports/images/cfb/teams/50/7721.png,1583901,44148574,09/19/2026 03:30 PM,2026-09-15T14:27:12Z
Dino Kaliakmanis,3000,WR,RU,USC @ RU,Night,https://dkn.gs/sports/images/cfb/teams/50/7721.png,1287926,44148577,09/19/2026 03:30 PM,2026-09-15T14:27:12Z
Dylan Braithwaite,3000,WR,RU,USC @ RU,Night,https://dkn.gs/sports/images/cfb/teams/50/7721.png,1444589,44148580,09/19/2026 03:30 PM,2026-09-15T14:27:12Z
Famah Toure,3000,WR,RU,USC @ RU,Night,https://dkn.gs/sports/images/cfb/teams/50/7721.png,1462510,44148583,09/19/2026 03:30 PM,2026-09-15T14:27:12Z
Elias Coke,3000,WR,RU,USC @ RU,Night,https://dkn.gs/sports/images/cfb/teams/50/7721.png,1651152,44148586,09/19/2026 03:30 PM,2026-09-15T14:27:12Z
Trent Osborn,3000,WR,RU,USC @ RU,Night,https://dkn.gs/sports/images/cfb/teams/50/7721.png,1523698,44148589,09/19/2026 03:30 PM,2026-09-15T14:27:12Z
Justice Hurt,3000,WR,RU,USC @ RU,Night,https://dkn.gs/sports/images/cfb/teams/50/7721.png,1479043,44148592,09/19/2026 03:30 PM,2026-09-15T14:27:12Z
Quentin Redding,3000,WR,RU,USC @ RU,Night,https://dkn.gs/sports/images/cfb/teams/50/7721.png,1310276,44148595,09/19/2026 03:30 PM,2026-09-15T14:27:12Z
Salomon Ealey,3000,WR,RU,USC @ RU,Night,https://dkn.gs/sports/images/cfb/teams/50/7721.png,1605685,44148598,09/19/2026 03:30 PM,2026-09-15T14:27:12Z
Jailen Butler,3000,WR,KU,ASU @ KU,Night,https://dkn.gs/sports/images/cfb/teams/50/7787.png,1445317,44148601,09/19/2026 12:00 PM,2026-09-15T14:27:12Z
Carter Moses,3000,WR,KU,ASU @ KU,Night,https://dkn.gs/sports/images/cfb/teams/50/7787.png,1407138,44148604,09/19/2026 12:00 PM,2026-09-15T14:27:12Z
Mikey Pauley,3000,WR,KU,ASU @ KU,Night,https://dkn.gs/sports/images/cfb/teams/50/7787.png,1396051,44148607,09/19/2026 12:00 PM,2026-09-15T14:27:12Z
Quinton Conley,3000,WR,KU,ASU @ KU,Night,https://dkn.gs/sports/images/cfb/teams/50/7787.png,1402494,44148610,09/19/2026 12:00 PM,2026-09-15T14:27:12Z
Conlee Hovey,3000,WR,KU,ASU @ KU,Night,https://dkn.gs/sports/images/cfb/teams/50/7787.png,1597871,44148613,09/19/2026 12:00 PM,2026-09-15T14:27:12Z
Kevin Sullivan,3000,WR,KU,ASU @ KU,Night,https://dkn.gs/sports/images/cfb/teams/50/7787.png,1655988,44148616,09/19/2026 12:00 PM,2026-09-15T14:27:12Z
Jack Utz,3000,WR,KU,ASU @ KU,Night,https://dkn.gs/sports/images/cfb/teams/50/7787.png,1647412,44148619,09/19/2026 12:00 PM,2026-09-15T14:27:12Z
Bryson Hayes,3000,WR,KU,ASU @ KU,Night,https://dkn.gs/sports/images/cfb/teams/50/7787.png,1582770,44148622,09/19/2026 12:00 PM,2026-09-15T14:27:12Z
Donald Collier,3000,WR,KU,ASU @ KU,Night,https://dkn.gs/sports/images/cfb/teams/50/7787.png,1519163,44148625,09/19/2026 12:00 PM,2026-09-15T14:27:12Z
Isreal Moses V,3000,WR,KU,ASU @ KU,Night,https://dkn.gs/sports/images/cfb/teams/50/7787.png,1449884,44148628,09/19/2026 12:00 PM,2026-09-15T14:27:12Z
Jackson Cook,3000,WR,KU,ASU @ KU,Night,https://dkn.gs/sports/images/cfb/teams/50/7787.png,1582780,44148631,09/19/2026 12:00 PM,2026-09-15T14:27:12Z
Corbin Glasco,3000,WR,KU,ASU @ KU,Night,https://dkn.gs/sports/images/cfb/teams/50/7787.png,1647410,44148634,09/19/2026 12:00 PM,2026-09-15T14:27:12Z
Griffin Baker,3000,WR,KU,ASU @ KU,Night,https://dkn.gs/sports/images/cfb/teams/50/7787.png,1647415,44148637,09/19/2026 12:00 PM,2026-09-15T14:27:12Z
Nate Sims,3000,WR,KU,ASU @ KU,Night,https://dkn.gs/sports/images/cfb/teams/50/7787.png,1647401,44148640,09/19/2026 12:00 PM,2026-09-15T14:27:12Z
Tyren Parker,3000,WR,KU,ASU @ KU,Night,https://dkn.gs/sports/images/cfb/teams/50/7787.png,1647418,44148643,09/19/2026 12:00 PM,2026-09-15T14:27:12Z
Bennett Christian,3000,WR,OSU,KENT @ OSU,Night,https://dkn.gs/sports/images/cfb/teams/50/7874.png,1379231,44148646,09/19/2026 12:00 PM,2026-09-15T14:27:12Z
Brody Lennon,3000,WR,OSU,KENT @ OSU,Night,https://dkn.gs/sports/images/cfb/teams/50/7874.png,1601202,44148649,09/19/2026 12:00 PM,2026-09-15T14:27:12Z
Maxence LeBlanc,3000,WR,OSU,KENT @ OSU,Night,https://dkn.gs/sports/images/cfb/teams/50/7874.png,1519340,44148652,09/19/2026 12:00 PM,2026-09-15T14:27:12Z
Nick Lautar,3000,WR,OSU,KENT @ OSU,Night,https://dkn.gs/sports/images/cfb/teams/50/7874.png,1649794,44148655,09/19/2026 12:00 PM,2026-09-15T14:27:12Z
Frankie McAllister,3000,WR,OSU,KENT @ OSU,Night,https://dkn.gs/sports/images/cfb/teams/50/7874.png,1653719,44148658,09/19/2026 12:00 PM,2026-09-15T14:27:12Z
Phillip Bell,3000,WR,OSU,KENT @ OSU,Night,https://dkn.gs/sports/images/cfb/teams/50/7874.png,1583914,44148661,09/19/2026 12:00 PM,2026-09-15T14:27:12Z
Jerquaden Guilford,3000,WR,OSU,KENT @ OSU,Night,https://dkn.gs/sports/images/cfb/teams/50/7874.png,1649752,44148664,09/19/2026 12:00 PM,2026-09-15T14:27:12Z
De'Zie Jones,3000,WR,OSU,KENT @ OSU,Night,https://dkn.gs/sports/images/cfb/teams/50/7874.png,1583917,44148667,09/19/2026 12:00 PM,2026-09-15T14:27:12Z
David Adolph,3000,WR,OSU,KENT @ OSU,Night,https://dkn.gs/sports/images/cfb/teams/50/7874.png,1398685,44148670,09/19/2026 12:00 PM,2026-09-15T14:27:12Z
Nolan Baudo,3000,WR,OSU,KENT @ OSU,Night,https://dkn.gs/sports/images/cfb/teams/50/7874.png,1451075,44148673,09/19/2026 12:00 PM,2026-09-15T14:27:12Z
Brennen Schramm,3000,WR,OSU,KENT @ OSU,Night,https://dkn.gs/sports/images/cfb/teams/50/7874.png,1452648,44148676,09/19/2026 12:00 PM,2026-09-15T14:27:12Z
Amari Valerio-Hudson,3000,WR,OSU,KENT @ OSU,Night,https://dkn.gs/sports/images/cfb/teams/50/7874.png,1649776,44148679,09/19/2026 12:00 PM,2026-09-15T14:27:12Z
Jaeden Ricketts,3000,WR,OSU,KENT @ OSU,Night,https://dkn.gs/sports/images/cfb/teams/50/7874.png,1649792,44148682,09/19/2026 12:00 PM,2026-09-15T14:27:12Z
Ryan Seimetz,3000,WR,OSU,KENT @ OSU,Night,https://dkn.gs/sports/images/cfb/teams/50/7874.png,1653717,44148685,09/19/2026 12:00 PM,2026-09-15T14:27:12Z
Cooper Alexander,3000,WR,PSU,BUFF @ PSU,Night,https://dkn.gs/sports/images/cfb/teams/50/7880.png,1507037,44148688,09/19/2026 12:00 PM,2026-09-15T14:27:12Z
Finn Furmanek,3000,WR,PSU,BUFF @ PSU,Night,https://dkn.gs/sports/images/cfb/teams/50/7880.png,1461733,44148691,09/19/2026 12:00 PM,2026-09-15T14:27:12Z
Brian Kortovich,3000,WR,PSU,BUFF @ PSU,Night,https://dkn.gs/sports/images/cfb/teams/50/7880.png,1584464,44148694,09/19/2026 12:00 PM,2026-09-15T14:27:12Z
Bobby Mears,3000,WR,PSU,BUFF @ PSU,Night,https://dkn.gs/sports/images/cfb/teams/50/7880.png,1461734,44148697,09/19/2026 12:00 PM,2026-09-15T14:27:12Z
Jake Lukac,3000,WR,PSU,BUFF @ PSU,Night,https://dkn.gs/sports/images/cfb/teams/50/7880.png,1658511,44148700,09/19/2026 12:00 PM,2026-09-15T14:27:12Z
Peyton Falzone,3000,WR,PSU,BUFF @ PSU,Night,https://dkn.gs/sports/images/cfb/teams/50/7880.png,1651138,44148703,09/19/2026 12:00 PM,2026-09-15T14:27:12Z
Peter Gonzalez,3000,WR,PSU,BUFF @ PSU,Night,https://dkn.gs/sports/images/cfb/teams/50/7880.png,1513151,44148706,09/19/2026 12:00 PM,2026-09-15T14:27:12Z
Ethan Black,3000,WR,PSU,BUFF @ PSU,Night,https://dkn.gs/sports/images/cfb/teams/50/7880.png,1461731,44148709,09/19/2026 12:00 PM,2026-09-15T14:27:12Z
Karon Brookins,3000,WR,PSU,BUFF @ PSU,Night,https://dkn.gs/sports/images/cfb/teams/50/7880.png,1590057,44148712,09/19/2026 12:00 PM,2026-09-15T14:27:12Z
Lyrick Samuel,3000,WR,PSU,BUFF @ PSU,Night,https://dkn.gs/sports/images/cfb/teams/50/7880.png,1584463,44148715,09/19/2026 12:00 PM,2026-09-15T14:27:12Z
Logan Cunningham,3000,WR,PSU,BUFF @ PSU,Night,https://dkn.gs/sports/images/cfb/teams/50/7880.png,1510541,44148718,09/19/2026 12:00 PM,2026-09-15T14:27:12Z
Amarion Jackson,3000,WR,PSU,BUFF @ PSU,Night,https://dkn.gs/sports/images/cfb/teams/50/7880.png,1651143,44148721,09/19/2026 12:00 PM,2026-09-15T14:27:12Z
Ben Whitver,3000,WR,PSU,BUFF @ PSU,Night,https://dkn.gs/sports/images/cfb/teams/50/7880.png,1651150,44148724,09/19/2026 12:00 PM,2026-09-15T14:27:12Z
Hank Lustig,3000,WR,PSU,BUFF @ PSU,Night,https://dkn.gs/sports/images/cfb/teams/50/7880.png,1658506,44148727,09/19/2026 12:00 PM,2026-09-15T14:27:12Z
Max Heffner,3000,WR,PSU,BUFF @ PSU,Night,https://dkn.gs/sports/images/cfb/teams/50/7880.png,1619018,44148730,09/19/2026 12:00 PM,2026-09-15T14:27:12Z
Collin Remenowsky,3000,WR,UTST,UTST @ UTAH,Night,https://dkn.gs/sports/images/cfb/teams/50/7971.png,1648613,44148733,09/19/2026 03:30 PM,2026-09-15T14:27:12Z
Tyler Masdea,3000,WR,UTST,UTST @ UTAH,Night,https://dkn.gs/sports/images/cfb/teams/50/7971.png,1662651,44148736,09/19/2026 03:30 PM,2026-09-15T14:27:12Z
Preston McDaniel,3000,WR,UTST,UTST @ UTAH,Night,https://dkn.gs/sports/images/cfb/teams/50/7971.png,1647210,44148739,09/19/2026 03:30 PM,2026-09-15T14:27:12Z
Jude Nelson,3000,WR,UTST,UTST @ UTAH,Night,https://dkn.gs/sports/images/cfb/teams/50/7971.png,1647215,44148742,09/19/2026 03:30 PM,2026-09-15T14:27:12Z
LJ Johnson Jr.,3000,WR,UTST,UTST @ UTAH,Night,https://dkn.gs/sports/images/cfb/teams/50/7971.png,1507212,44148745,09/19/2026 03:30 PM,2026-09-15T14:27:12Z
Ty Olsen,3000,WR,UTST,UTST @ UTAH,Night,https://dkn.gs/sports/images/cfb/teams/50/7971.png,1589610,44148748,09/19/2026 03:30 PM,2026-09-15T14:27:12Z
Nikko Boncore,3000,WR,UTST,UTST @ UTAH,Night,https://dkn.gs/sports/images/cfb/teams/50/7971.png,1589601,44148751,09/19/2026 03:30 PM,2026-09-15T14:27:12Z
Charlie Holbrook,3000,WR,UTST,UTST @ UTAH,Night,https://dkn.gs/sports/images/cfb/teams/50/7971.png,1647197,44148754,09/19/2026 03:30 PM,2026-09-15T14:27:12Z
Talan Arnett,3000,WR,UTST,UTST @ UTAH,Night,https://dkn.gs/sports/images/cfb/teams/50/7971.png,1659723,44148757,09/19/2026 03:30 PM,2026-09-15T14:27:12Z
Bronco Winterton,3000,WR,UTST,UTST @ UTAH,Night,https://dkn.gs/sports/images/cfb/teams/50/7971.png,1659749,44148760,09/19/2026 03:30 PM,2026-09-15T14:27:12Z
Cade McCall,3000,WR,UTST,UTST @ UTAH,Night,https://dkn.gs/sports/images/cfb/teams/50/7971.png,1659735,44148763,09/19/2026 03:30 PM,2026-09-15T14:27:12Z
Trent Call,3000,WR,UTST,UTST @ UTAH,Night,https://dkn.gs/sports/images/cfb/teams/50/7971.png,1520022,44148766,09/19/2026 03:30 PM,2026-09-15T14:27:12Z
Mavrik Chlarson,3000,WR,UTST,UTST @ UTAH,Night,https://dkn.gs/sports/images/cfb/teams/50/7971.png,1659725,44148769,09/19/2026 03:30 PM,2026-09-15T14:27:12Z
Kaina Watson,3000,WR,UTST,UTST @ UTAH,Night,https://dkn.gs/sports/images/cfb/teams/50/7971.png,1659747,44148772,09/19/2026 03:30 PM,2026-09-15T14:27:12Z
Zy'aire Fletcher,3000,WR,KENT,KENT @ OSU,Night,https://dkn.gs/sports/images/cfb/teams/50/8004.png,1590023,44148775,09/19/2026 12:00 PM,2026-09-15T14:27:12Z
Tommy Arnold,3000,WR,KENT,KENT @ OSU,Night,https://dkn.gs/sports/images/cfb/teams/50/8004.png,1557739,44148778,09/19/2026 12:00 PM,2026-09-15T14:27:12Z
Dakota Taylor,3000,WR,KENT,KENT @ OSU,Night,https://dkn.gs/sports/images/cfb/teams/50/8004.png,1515132,44148781,09/19/2026 12:00 PM,2026-09-15T14:27:12Z
Holtz Maine,3000,WR,KENT,KENT @ OSU,Night,https://dkn.gs/sports/images/cfb/teams/50/8004.png,1590019,44148784,09/19/2026 12:00 PM,2026-09-15T14:27:12Z
Andrew Rickelman,3000,WR,KENT,KENT @ OSU,Night,https://dkn.gs/sports/images/cfb/teams/50/8004.png,1655856,44148787,09/19/2026 12:00 PM,2026-09-15T14:27:12Z
Jared Kelley,3000,WR,KENT,KENT @ OSU,Night,https://dkn.gs/sports/images/cfb/teams/50/8004.png,1459840,44148790,09/19/2026 12:00 PM,2026-09-15T14:27:12Z
Jay Jay Etheridge,3000,WR,KENT,KENT @ OSU,Night,https://dkn.gs/sports/images/cfb/teams/50/8004.png,1511630,44148793,09/19/2026 12:00 PM,2026-09-15T14:27:12Z
Ali Fisher,3000,WR,KENT,KENT @ OSU,Night,https://dkn.gs/sports/images/cfb/teams/50/8004.png,1289433,44148796,09/19/2026 12:00 PM,2026-09-15T14:27:12Z
Zymir Reed,3000,WR,KENT,KENT @ OSU,Night,https://dkn.gs/sports/images/cfb/teams/50/8004.png,1651696,44148799,09/19/2026 12:00 PM,2026-09-15T14:27:12Z
Brendyn Smith,3000,WR,KENT,KENT @ OSU,Night,https://dkn.gs/sports/images/cfb/teams/50/8004.png,1651697,44148802,09/19/2026 12:00 PM,2026-09-15T14:27:12Z
Teaunn Hunter,3000,WR,KENT,KENT @ OSU,Night,https://dkn.gs/sports/images/cfb/teams/50/8004.png,1585025,44148805,09/19/2026 12:00 PM,2026-09-15T14:27:12Z
Maurice Stephens,3000,WR,KENT,KENT @ OSU,Night,https://dkn.gs/sports/images/cfb/teams/50/8004.png,1589960,44148808,09/19/2026 12:00 PM,2026-09-15T14:27:12Z
Matthew Maxey,3000,WR,KENT,KENT @ OSU,Night,https://dkn.gs/sports/images/cfb/teams/50/8004.png,1590018,44148811,09/19/2026 12:00 PM,2026-09-15T14:27:12Z
Javier Wills,3000,WR,KENT,KENT @ OSU,Night,https://dkn.gs/sports/images/cfb/teams/50/8004.png,1655039,44148814,09/19/2026 12:00 PM,2026-09-15T14:27:12Z
Luke Simms,3000,WR,KENT,KENT @ OSU,Night,https://dkn.gs/sports/images/cfb/teams/50/8004.png,1655866,44148817,09/19/2026 12:00 PM,2026-09-15T14:27:12Z
William Bierfeldt,3000,WR,KENT,KENT @ OSU,Night,https://dkn.gs/sports/images/cfb/teams/50/8004.png,1655865,44148820,09/19/2026 12:00 PM,2026-09-15T14:27:12Z
Aidan Stewart,3000,WR,KENT,KENT @ OSU,Night,https://dkn.gs/sports/images/cfb/teams/50/8004.png,1655864,44148823,09/19/2026 12:00 PM,2026-09-15T14:27:12Z
Wyatt Januska,3000,WR,KENT,KENT @ OSU,Night,https://dkn.gs/sports/images/cfb/teams/50/8004.png,1655859,44148826,09/19/2026 12:00 PM,2026-09-15T14:27:12Z
Anthony Miller,3000,WR,ASU,ASU @ KU,Night,https://dkn.gs/sports/images/cfb/teams/50/8042.png,1461208,44148829,09/19/2026 12:00 PM,2026-09-15T14:27:12Z
Kristian Ingman,3000,WR,ASU,ASU @ KU,Night,https://dkn.gs/sports/images/cfb/teams/50/8042.png,1466876,44148832,09/19/2026 12:00 PM,2026-09-15T14:27:12Z
James Giggey,3000,WR,ASU,ASU @ KU,Night,https://dkn.gs/sports/images/cfb/teams/50/8042.png,1506536,44148835,09/19/2026 12:00 PM,2026-09-15T14:27:12Z
Landen Miree,3000,WR,ASU,ASU @ KU,Night,https://dkn.gs/sports/images/cfb/teams/50/8042.png,1647174,44148838,09/19/2026 12:00 PM,2026-09-15T14:27:12Z
Hayden Vercher,3000,WR,ASU,ASU @ KU,Night,https://dkn.gs/sports/images/cfb/teams/50/8042.png,1666170,44148841,09/19/2026 12:00 PM,2026-09-15T14:27:12Z
Jaren Hamilton,3000,WR,ASU,ASU @ KU,Night,https://dkn.gs/sports/images/cfb/teams/50/8042.png,1440893,44148844,09/19/2026 12:00 PM,2026-09-15T14:27:12Z
Cory Butler Jr.,3000,WR,ASU,ASU @ KU,Night,https://dkn.gs/sports/images/cfb/teams/50/8042.png,1582648,44148847,09/19/2026 12:00 PM,2026-09-15T14:27:12Z
Uriah Neloms,3000,WR,ASU,ASU @ KU,Night,https://dkn.gs/sports/images/cfb/teams/50/8042.png,1582639,44148850,09/19/2026 12:00 PM,2026-09-15T14:27:12Z
Derek Eusebio,3000,WR,ASU,ASU @ KU,Night,https://dkn.gs/sports/images/cfb/teams/50/8042.png,1460499,44148853,09/19/2026 12:00 PM,2026-09-15T14:27:12Z
Michael Tollefson,3000,WR,ASU,ASU @ KU,Night,https://dkn.gs/sports/images/cfb/teams/50/8042.png,1582644,44148856,09/19/2026 12:00 PM,2026-09-15T14:27:12Z
Plas Johnson,3000,WR,ASU,ASU @ KU,Night,https://dkn.gs/sports/images/cfb/teams/50/8042.png,1506539,44148859,09/19/2026 12:00 PM,2026-09-15T14:27:12Z
Harry Hassmann,3000,WR,ASU,ASU @ KU,Night,https://dkn.gs/sports/images/cfb/teams/50/8042.png,1582635,44148862,09/19/2026 12:00 PM,2026-09-15T14:27:12Z
Chance Ables,3000,WR,ASU,ASU @ KU,Night,https://dkn.gs/sports/images/cfb/teams/50/8042.png,1582632,44148865,09/19/2026 12:00 PM,2026-09-15T14:27:12Z
Jeremiah Johnson,3000,WR,ASU,ASU @ KU,Night,https://dkn.gs/sports/images/cfb/teams/50/8042.png,1666172,44148868,09/19/2026 12:00 PM,2026-09-15T14:27:12Z
Carson Tabaracci,3000,WR,USC,USC @ RU,Night,https://dkn.gs/sports/images/cfb/teams/50/8080.png,1381140,44148871,09/19/2026 03:30 PM,2026-09-15T14:27:12Z
Walter Matthews,3000,WR,USC,USC @ RU,Night,https://dkn.gs/sports/images/cfb/teams/50/8080.png,1523006,44148874,09/19/2026 03:30 PM,2026-09-15T14:27:12Z
Taniela Tupou,3000,WR,USC,USC @ RU,Night,https://dkn.gs/sports/images/cfb/teams/50/8080.png,1586390,44148877,09/19/2026 03:30 PM,2026-09-15T14:27:12Z
Tucker Ashcraft,3000,WR,USC,USC @ RU,Night,https://dkn.gs/sports/images/cfb/teams/50/8080.png,1461165,44148880,09/19/2026 03:30 PM,2026-09-15T14:27:12Z
Fisher Melton,3000,WR,USC,USC @ RU,Night,https://dkn.gs/sports/images/cfb/teams/50/8080.png,1598546,44148883,09/19/2026 03:30 PM,2026-09-15T14:27:12Z
Josiah Jefferson,3000,WR,USC,USC @ RU,Night,https://dkn.gs/sports/images/cfb/teams/50/8080.png,1653008,44148886,09/19/2026 03:30 PM,2026-09-15T14:27:12Z
Manoah Leiato,3000,WR,USC,USC @ RU,Night,https://dkn.gs/sports/images/cfb/teams/50/8080.png,1663660,44148889,09/19/2026 03:30 PM,2026-09-15T14:27:12Z
Grant Woods,3000,WR,USC,USC @ RU,Night,https://dkn.gs/sports/images/cfb/teams/50/8080.png,1663664,44148892,09/19/2026 03:30 PM,2026-09-15T14:27:12Z
Patrick O'Brien,3000,WR,USC,USC @ RU,Night,https://dkn.gs/sports/images/cfb/teams/50/8080.png,1663638,44148895,09/19/2026 03:30 PM,2026-09-15T14:27:12Z
Ethan Feaster,3000,WR,USC,USC @ RU,Night,https://dkn.gs/sports/images/cfb/teams/50/8080.png,1663650,44148898,09/19/2026 03:30 PM,2026-09-15T14:27:12Z
Roderick Tezeno,3000,WR,USC,USC @ RU,Night,https://dkn.gs/sports/images/cfb/teams/50/8080.png,1663666,44148901,09/19/2026 03:30 PM,2026-09-15T14:27:12Z
Romero Ison,3000,WR,USC,USC @ RU,Night,https://dkn.gs/sports/images/cfb/teams/50/8080.png,1598550,44148904,09/19/2026 03:30 PM,2026-09-15T14:27:12Z
Luke Degner,3000,WR,USC,USC @ RU,Night,https://dkn.gs/sports/images/cfb/teams/50/8080.png,1663641,44148907,09/19/2026 03:30 PM,2026-09-15T14:27:12Z
Seth Zamora,3000,WR,USC,USC @ RU,Night,https://dkn.gs/sports/images/cfb/teams/50/8080.png,1523018,44148910,09/19/2026 03:30 PM,2026-09-15T14:27:12Z
Marcus Sung,3000,WR,USC,USC @ RU,Night,https://dkn.gs/sports/images/cfb/teams/50/8080.png,1663639,44148913,09/19/2026 03:30 PM,2026-09-15T14:27:12Z
Cameron Sermons,3000,WR,USC,USC @ RU,Night,https://dkn.gs/sports/images/cfb/teams/50/8080.png,1598549,44148916,09/19/2026 03:30 PM,2026-09-15T14:27:12Z
Luc Weaver,3000,WR,USC,USC @ RU,Night,https://dkn.gs/sports/images/cfb/teams/50/8080.png,1651329,44148919,09/19/2026 03:30 PM,2026-09-15T14:27:12Z
Griffin Brahm,3000,WR,USC,USC @ RU,Night,https://dkn.gs/sports/images/cfb/teams/50/8080.png,1663669,44148922,09/19/2026 03:30 PM,2026-09-15T14:27:12Z
Aiden Black,3000,WR,STAN,STAN @ DUKE,Night,https://dkn.gs/sports/images/cfb/teams/50/8084.png,1518069,44148925,09/19/2026 04:00 PM,2026-09-15T14:27:12Z
Chico Holt,3000,WR,STAN,STAN @ DUKE,Night,https://dkn.gs/sports/images/cfb/teams/50/8084.png,1466113,44148928,09/19/2026 04:00 PM,2026-09-15T14:27:12Z
Zach Giuliano,3000,WR,STAN,STAN @ DUKE,Night,https://dkn.gs/sports/images/cfb/teams/50/8084.png,1591058,44148931,09/19/2026 04:00 PM,2026-09-15T14:27:12Z
Reiman Zebert,3000,WR,STAN,STAN @ DUKE,Night,https://dkn.gs/sports/images/cfb/teams/50/8084.png,1591057,44148934,09/19/2026 04:00 PM,2026-09-15T14:27:12Z
Marcus Monroe,3000,WR,STAN,STAN @ DUKE,Night,https://dkn.gs/sports/images/cfb/teams/50/8084.png,1659890,44148937,09/19/2026 04:00 PM,2026-09-15T14:27:12Z
Atticus Joseph,3000,WR,STAN,STAN @ DUKE,Night,https://dkn.gs/sports/images/cfb/teams/50/8084.png,1659892,44148940,09/19/2026 04:00 PM,2026-09-15T14:27:12Z
Liam Thorpe,3000,WR,STAN,STAN @ DUKE,Night,https://dkn.gs/sports/images/cfb/teams/50/8084.png,1591028,44148943,09/19/2026 04:00 PM,2026-09-15T14:27:12Z
Carter Shaw,3000,WR,STAN,STAN @ DUKE,Night,https://dkn.gs/sports/images/cfb/teams/50/8084.png,1457939,44148946,09/19/2026 04:00 PM,2026-09-15T14:27:12Z
Zion Robinson,3000,WR,STAN,STAN @ DUKE,Night,https://dkn.gs/sports/images/cfb/teams/50/8084.png,1659550,44148949,09/19/2026 04:00 PM,2026-09-15T14:27:12Z
Marcus Brown,3000,WR,STAN,STAN @ DUKE,Night,https://dkn.gs/sports/images/cfb/teams/50/8084.png,1518041,44148952,09/19/2026 04:00 PM,2026-09-15T14:27:12Z
Langdon Horace,3000,WR,STAN,STAN @ DUKE,Night,https://dkn.gs/sports/images/cfb/teams/50/8084.png,1659581,44148955,09/19/2026 04:00 PM,2026-09-15T14:27:12Z
David Pantelis,3000,WR,STAN,STAN @ DUKE,Night,https://dkn.gs/sports/images/cfb/teams/50/8084.png,1333548,44148958,09/19/2026 04:00 PM,2026-09-15T14:27:12Z
Owen van Loben Sels,3000,WR,STAN,STAN @ DUKE,Night,https://dkn.gs/sports/images/cfb/teams/50/8084.png,1518048,44148961,09/19/2026 04:00 PM,2026-09-15T14:27:12Z
Daylen Sharper,3000,WR,STAN,STAN @ DUKE,Night,https://dkn.gs/sports/images/cfb/teams/50/8084.png,1659586,44148964,09/19/2026 04:00 PM,2026-09-15T14:27:12Z
Jacob Butler,3000,WR,STAN,STAN @ DUKE,Night,https://dkn.gs/sports/images/cfb/teams/50/8084.png,1659889,44148967,09/19/2026 04:00 PM,2026-09-15T14:27:12Z
Tyler Kuo,3000,WR,STAN,STAN @ DUKE,Night,https://dkn.gs/sports/images/cfb/teams/50/8084.png,1462712,44148970,09/19/2026 04:00 PM,2026-09-15T14:27:12Z
Elyiss Williams,3000,WR,UGA,UGA @ ARK,Night,https://dkn.gs/sports/images/cfb/teams/50/8121.png,1581911,44148973,09/19/2026 12:00 PM,2026-09-15T14:27:12Z
Jaden Reddell,3000,WR,UGA,UGA @ ARK,Night,https://dkn.gs/sports/images/cfb/teams/50/8121.png,1506129,44148976,09/19/2026 12:00 PM,2026-09-15T14:27:12Z
Kaiden Prothro,3000,WR,UGA,UGA @ ARK,Night,https://dkn.gs/sports/images/cfb/teams/50/8121.png,1646635,44148979,09/19/2026 12:00 PM,2026-09-15T14:27:12Z
Colton Heinrich,3000,WR,UGA,UGA @ ARK,Night,https://dkn.gs/sports/images/cfb/teams/50/8121.png,1506146,44148982,09/19/2026 12:00 PM,2026-09-15T14:27:12Z
David Lalaian,3000,WR,UGA,UGA @ ARK,Night,https://dkn.gs/sports/images/cfb/teams/50/8121.png,1442648,44148985,09/19/2026 12:00 PM,2026-09-15T14:27:12Z
Lincoln Keyes,3000,WR,UGA,UGA @ ARK,Night,https://dkn.gs/sports/images/cfb/teams/50/8121.png,1646630,44148988,09/19/2026 12:00 PM,2026-09-15T14:27:12Z
Brayden Fogle,3000,WR,UGA,UGA @ ARK,Night,https://dkn.gs/sports/images/cfb/teams/50/8121.png,1646631,44148991,09/19/2026 12:00 PM,2026-09-15T14:27:12Z
Landon Roldan,3000,WR,UGA,UGA @ ARK,Night,https://dkn.gs/sports/images/cfb/teams/50/8121.png,1581883,44148994,09/19/2026 12:00 PM,2026-09-15T14:27:12Z
Jeremy Bell,3000,WR,UGA,UGA @ ARK,Night,https://dkn.gs/sports/images/cfb/teams/50/8121.png,1518501,44148997,09/19/2026 12:00 PM,2026-09-15T14:27:12Z
CJ Wiley,3000,WR,UGA,UGA @ ARK,Night,https://dkn.gs/sports/images/cfb/teams/50/8121.png,1581915,44149000,09/19/2026 12:00 PM,2026-09-15T14:27:12Z
Tyler J. Williams,3000,WR,UGA,UGA @ ARK,Night,https://dkn.gs/sports/images/cfb/teams/50/8121.png,1581904,44149003,09/19/2026 12:00 PM,2026-09-15T14:27:12Z
Dallas Dickerson,3000,WR,UGA,UGA @ ARK,Night,https://dkn.gs/sports/images/cfb/teams/50/8121.png,1646629,44149006,09/19/2026 12:00 PM,2026-09-15T14:27:12Z
Tre Shields,3000,WR,UGA,UGA @ ARK,Night,https://dkn.gs/sports/images/cfb/teams/50/8121.png,1663107,44149009,09/19/2026 12:00 PM,2026-09-15T14:27:12Z
Benjamin McElreath,3000,WR,UGA,UGA @ ARK,Night,https://dkn.gs/sports/images/cfb/teams/50/8121.png,1597653,44149012,09/19/2026 12:00 PM,2026-09-15T14:27:12Z
Danny Curran,3000,WR,UGA,UGA @ ARK,Night,https://dkn.gs/sports/images/cfb/teams/50/8121.png,1509970,44149015,09/19/2026 12:00 PM,2026-09-15T14:27:12Z
Walter Blanchard,3000,WR,UGA,UGA @ ARK,Night,https://dkn.gs/sports/images/cfb/teams/50/8121.png,1468363,44149018,09/19/2026 12:00 PM,2026-09-15T14:27:12Z
Will Taylor,3000,WR,UGA,UGA @ ARK,Night,https://dkn.gs/sports/images/cfb/teams/50/8121.png,1468365,44149021,09/19/2026 12:00 PM,2026-09-15T14:27:12Z
Ryan Mosley,3000,WR,UGA,UGA @ ARK,Night,https://dkn.gs/sports/images/cfb/teams/50/8121.png,1646648,44149024,09/19/2026 12:00 PM,2026-09-15T14:27:12Z
Brody Tolbert,3000,WR,UGA,UGA @ ARK,Night,https://dkn.gs/sports/images/cfb/teams/50/8121.png,1595583,44149027,09/19/2026 12:00 PM,2026-09-15T14:27:12Z
Jackson St. Clair,3000,WR,UGA,UGA @ ARK,Night,https://dkn.gs/sports/images/cfb/teams/50/8121.png,1597651,44149030,09/19/2026 12:00 PM,2026-09-15T14:27:12Z
Mikkel Skinner,3000,WR,UK,UK @ TA&M,Night,https://dkn.gs/sports/images/cfb/teams/50/8128.png,1591582,44149033,09/19/2026 03:30 PM,2026-09-15T14:27:12Z
Elijah Brown,3000,WR,UK,UK @ TA&M,Night,https://dkn.gs/sports/images/cfb/teams/50/8128.png,1378907,44149036,09/19/2026 03:30 PM,2026-09-15T14:27:12Z
Justin Kattus,3000,WR,UK,UK @ TA&M,Night,https://dkn.gs/sports/images/cfb/teams/50/8128.png,1519398,44149039,09/19/2026 03:30 PM,2026-09-15T14:27:12Z
Lincoln Watkins,3000,WR,UK,UK @ TA&M,Night,https://dkn.gs/sports/images/cfb/teams/50/8128.png,1646290,44149042,09/19/2026 03:30 PM,2026-09-15T14:27:12Z
Kendall Tambling,3000,WR,UK,UK @ TA&M,Night,https://dkn.gs/sports/images/cfb/teams/50/8128.png,1660970,44149045,09/19/2026 03:30 PM,2026-09-15T14:27:12Z
Prince Jean,3000,WR,UK,UK @ TA&M,Night,https://dkn.gs/sports/images/cfb/teams/50/8128.png,1646279,44149048,09/19/2026 03:30 PM,2026-09-15T14:27:12Z
Ja'Kayden Ferguson,3000,WR,UK,UK @ TA&M,Night,https://dkn.gs/sports/images/cfb/teams/50/8128.png,1582248,44149051,09/19/2026 03:30 PM,2026-09-15T14:27:12Z
Brock Coffman,3000,WR,UK,UK @ TA&M,Night,https://dkn.gs/sports/images/cfb/teams/50/8128.png,1589199,44149054,09/19/2026 03:30 PM,2026-09-15T14:27:12Z
Xavier Daisy,3000,WR,UK,UK @ TA&M,Night,https://dkn.gs/sports/images/cfb/teams/50/8128.png,1515392,44149057,09/19/2026 03:30 PM,2026-09-15T14:27:12Z
Shane Carr,3000,WR,UK,UK @ TA&M,Night,https://dkn.gs/sports/images/cfb/teams/50/8128.png,1531438,44149060,09/19/2026 03:30 PM,2026-09-15T14:27:12Z
Ashton Cozart,3000,WR,UK,UK @ TA&M,Night,https://dkn.gs/sports/images/cfb/teams/50/8128.png,1444576,44149063,09/19/2026 03:30 PM,2026-09-15T14:27:12Z
Spencer Leadbetter,3000,WR,UK,UK @ TA&M,Night,https://dkn.gs/sports/images/cfb/teams/50/8128.png,1461839,44149066,09/19/2026 03:30 PM,2026-09-15T14:27:12Z
Rico Crowder,3000,WR,UK,UK @ TA&M,Night,https://dkn.gs/sports/images/cfb/teams/50/8128.png,1506463,44149069,09/19/2026 03:30 PM,2026-09-15T14:27:12Z
Davis McCray,3000,WR,UK,UK @ TA&M,Night,https://dkn.gs/sports/images/cfb/teams/50/8128.png,1646242,44149072,09/19/2026 03:30 PM,2026-09-15T14:27:12Z
Cash Harney,3000,WR,UK,UK @ TA&M,Night,https://dkn.gs/sports/images/cfb/teams/50/8128.png,1660971,44149075,09/19/2026 03:30 PM,2026-09-15T14:27:12Z
Saxton Howard,3000,WR,UK,UK @ TA&M,Night,https://dkn.gs/sports/images/cfb/teams/50/8128.png,1602187,44149078,09/19/2026 03:30 PM,2026-09-15T14:27:12Z
Denairius Gray,3000,WR,UK,UK @ TA&M,Night,https://dkn.gs/sports/images/cfb/teams/50/8128.png,1646246,44149081,09/19/2026 03:30 PM,2026-09-15T14:27:12Z
Mike Tyler,3000,WR,SCAR,MSST @ SCAR,Night,https://dkn.gs/sports/images/cfb/teams/50/8133.png,1596589,44149084,09/19/2026 04:15 PM,2026-09-15T14:27:12Z
Maurice Brown II,3000,WR,SCAR,MSST @ SCAR,Night,https://dkn.gs/sports/images/cfb/teams/50/8133.png,1441530,44149087,09/19/2026 04:15 PM,2026-09-15T14:27:12Z
Max Drag,3000,WR,SCAR,MSST @ SCAR,Night,https://dkn.gs/sports/images/cfb/teams/50/8133.png,1445237,44149090,09/19/2026 04:15 PM,2026-09-15T14:27:12Z
Reno Roehm,3000,WR,SCAR,MSST @ SCAR,Night,https://dkn.gs/sports/images/cfb/teams/50/8133.png,1584749,44149093,09/19/2026 04:15 PM,2026-09-15T14:27:12Z
Caden Ramsey,3000,WR,SCAR,MSST @ SCAR,Night,https://dkn.gs/sports/images/cfb/teams/50/8133.png,1656140,44149096,09/19/2026 04:15 PM,2026-09-15T14:27:12Z
Donovan Murph,3000,WR,SCAR,MSST @ SCAR,Night,https://dkn.gs/sports/images/cfb/teams/50/8133.png,1596585,44149099,09/19/2026 04:15 PM,2026-09-15T14:27:12Z
Malik Clark,3000,WR,SCAR,MSST @ SCAR,Night,https://dkn.gs/sports/images/cfb/teams/50/8133.png,1582290,44149102,09/19/2026 04:15 PM,2026-09-15T14:27:12Z
Charly Mullaly,3000,WR,SCAR,MSST @ SCAR,Night,https://dkn.gs/sports/images/cfb/teams/50/8133.png,1466181,44149105,09/19/2026 04:15 PM,2026-09-15T14:27:12Z
Lex Cyrus,3000,WR,SCAR,MSST @ SCAR,Night,https://dkn.gs/sports/images/cfb/teams/50/8133.png,1582287,44149108,09/19/2026 04:15 PM,2026-09-15T14:27:12Z
Jordon Gidron,3000,WR,SCAR,MSST @ SCAR,Night,https://dkn.gs/sports/images/cfb/teams/50/8133.png,1582289,44149111,09/19/2026 04:15 PM,2026-09-15T14:27:12Z
Stone Furrey,3000,WR,SCAR,MSST @ SCAR,Night,https://dkn.gs/sports/images/cfb/teams/50/8133.png,1646243,44149114,09/19/2026 04:15 PM,2026-09-15T14:27:12Z
Jackson Repp,3000,WR,SCAR,MSST @ SCAR,Night,https://dkn.gs/sports/images/cfb/teams/50/8133.png,1596609,44149117,09/19/2026 04:15 PM,2026-09-15T14:27:12Z
Jayden Gibson,3000,WR,SCAR,MSST @ SCAR,Night,https://dkn.gs/sports/images/cfb/teams/50/8133.png,1381300,44149120,09/19/2026 04:15 PM,2026-09-15T14:27:12Z
Jayden Sellers,3000,WR,SCAR,MSST @ SCAR,Night,https://dkn.gs/sports/images/cfb/teams/50/8133.png,1582292,44149123,09/19/2026 04:15 PM,2026-09-15T14:27:12Z
Sequel Patterson,3000,WR,SCAR,MSST @ SCAR,Night,https://dkn.gs/sports/images/cfb/teams/50/8133.png,1656129,44149126,09/19/2026 04:15 PM,2026-09-15T14:27:12Z
Josh Ford,3000,WR,BAMA,FSU @ BAMA,Night,https://dkn.gs/sports/images/cfb/teams/50/8166.png,1507219,44149129,09/19/2026 03:30 PM,2026-09-15T14:27:12Z
Marshall Pritchett,3000,WR,BAMA,FSU @ BAMA,Night,https://dkn.gs/sports/images/cfb/teams/50/8166.png,1582200,44149132,09/19/2026 03:30 PM,2026-09-15T14:27:12Z
Danny Lewis Jr.,3000,WR,BAMA,FSU @ BAMA,Night,https://dkn.gs/sports/images/cfb/teams/50/8166.png,1398547,44149135,09/19/2026 03:30 PM,2026-09-15T14:27:12Z
Jay Lindsey,3000,WR,BAMA,FSU @ BAMA,Night,https://dkn.gs/sports/images/cfb/teams/50/8166.png,1520239,44149138,09/19/2026 03:30 PM,2026-09-15T14:27:12Z
Mack Sutter,3000,WR,BAMA,FSU @ BAMA,Night,https://dkn.gs/sports/images/cfb/teams/50/8166.png,1645536,44149141,09/19/2026 03:30 PM,2026-09-15T14:27:12Z
Jaxon Shuttlesworth,3000,WR,BAMA,FSU @ BAMA,Night,https://dkn.gs/sports/images/cfb/teams/50/8166.png,1523506,44149144,09/19/2026 03:30 PM,2026-09-15T14:27:12Z
Jack Sammarco,3000,WR,BAMA,FSU @ BAMA,Night,https://dkn.gs/sports/images/cfb/teams/50/8166.png,1507292,44149147,09/19/2026 03:30 PM,2026-09-15T14:27:12Z
Peyton Fox,3000,WR,BAMA,FSU @ BAMA,Night,https://dkn.gs/sports/images/cfb/teams/50/8166.png,1398525,44149150,09/19/2026 03:30 PM,2026-09-15T14:27:12Z
Jude Cascone,3000,WR,BAMA,FSU @ BAMA,Night,https://dkn.gs/sports/images/cfb/teams/50/8166.png,1645557,44149153,09/19/2026 03:30 PM,2026-09-15T14:27:12Z
Noah Rogers,3000,WR,BAMA,FSU @ BAMA,Night,https://dkn.gs/sports/images/cfb/teams/50/8166.png,1442189,44149156,09/19/2026 03:30 PM,2026-09-15T14:27:12Z
Tyler Henderson,3000,WR,BAMA,FSU @ BAMA,Night,https://dkn.gs/sports/images/cfb/teams/50/8166.png,1647514,44149159,09/19/2026 03:30 PM,2026-09-15T14:27:12Z
Maurice Mathis Jr.,3000,WR,BAMA,FSU @ BAMA,Night,https://dkn.gs/sports/images/cfb/teams/50/8166.png,1645543,44149162,09/19/2026 03:30 PM,2026-09-15T14:27:12Z
MJ Chirgwin,3000,WR,BAMA,FSU @ BAMA,Night,https://dkn.gs/sports/images/cfb/teams/50/8166.png,1409959,44149165,09/19/2026 03:30 PM,2026-09-15T14:27:12Z
Elijah Murray,3000,WR,BAMA,FSU @ BAMA,Night,https://dkn.gs/sports/images/cfb/teams/50/8166.png,1647511,44149168,09/19/2026 03:30 PM,2026-09-15T14:27:12Z
Ben Jackson,3000,WR,BAMA,FSU @ BAMA,Night,https://dkn.gs/sports/images/cfb/teams/50/8166.png,1595175,44149171,09/19/2026 03:30 PM,2026-09-15T14:27:12Z
Cooper Mollison,3000,WR,BAMA,FSU @ BAMA,Night,https://dkn.gs/sports/images/cfb/teams/50/8166.png,1520237,44149174,09/19/2026 03:30 PM,2026-09-15T14:27:12Z
Preston Landry,3000,WR,BAMA,FSU @ BAMA,Night,https://dkn.gs/sports/images/cfb/teams/50/8166.png,1647515,44149177,09/19/2026 03:30 PM,2026-09-15T14:27:12Z
Warner Ross,3000,WR,BAMA,FSU @ BAMA,Night,https://dkn.gs/sports/images/cfb/teams/50/8166.png,1647517,44149180,09/19/2026 03:30 PM,2026-09-15T14:27:12Z
Amari Sabb,3000,WR,BAMA,FSU @ BAMA,Night,https://dkn.gs/sports/images/cfb/teams/50/8166.png,1661725,44149183,09/19/2026 03:30 PM,2026-09-15T14:27:12Z
Aubrey Walker,3000,WR,BAMA,FSU @ BAMA,Night,https://dkn.gs/sports/images/cfb/teams/50/8166.png,1661728,44149186,09/19/2026 03:30 PM,2026-09-15T14:27:12Z
Tailan Hall,3000,WR,BAMA,FSU @ BAMA,Night,https://dkn.gs/sports/images/cfb/teams/50/8166.png,1669996,44149189,09/19/2026 03:30 PM,2026-09-15T14:27:12Z
Matt Adcock,3000,WR,ARK,UGA @ ARK,Night,https://dkn.gs/sports/images/cfb/teams/50/8175.png,1585803,44149192,09/19/2026 12:00 PM,2026-09-15T14:27:12Z
Gavin Garretson,3000,WR,ARK,UGA @ ARK,Night,https://dkn.gs/sports/images/cfb/teams/50/8175.png,1582211,44149195,09/19/2026 12:00 PM,2026-09-15T14:27:12Z
Hutson Hendrix,3000,WR,ARK,UGA @ ARK,Night,https://dkn.gs/sports/images/cfb/teams/50/8175.png,1589449,44149198,09/19/2026 12:00 PM,2026-09-15T14:27:12Z
Breylen Gilbert,3000,WR,ARK,UGA @ ARK,Night,https://dkn.gs/sports/images/cfb/teams/50/8175.png,1521340,44149201,09/19/2026 12:00 PM,2026-09-15T14:27:12Z
Maddox Lassiter,3000,WR,ARK,UGA @ ARK,Night,https://dkn.gs/sports/images/cfb/teams/50/8175.png,1451010,44149204,09/19/2026 12:00 PM,2026-09-15T14:27:12Z
Braxton Scriber,3000,WR,ARK,UGA @ ARK,Night,https://dkn.gs/sports/images/cfb/teams/50/8175.png,1595839,44149207,09/19/2026 12:00 PM,2026-09-15T14:27:12Z
Antonio Jordan,3000,WR,ARK,UGA @ ARK,Night,https://dkn.gs/sports/images/cfb/teams/50/8175.png,1589446,44149210,09/19/2026 12:00 PM,2026-09-15T14:27:12Z
Courtney Crutchfield,3000,WR,ARK,UGA @ ARK,Night,https://dkn.gs/sports/images/cfb/teams/50/8175.png,1514628,44149213,09/19/2026 12:00 PM,2026-09-15T14:27:12Z
Jelani Watkins,3000,WR,ARK,UGA @ ARK,Night,https://dkn.gs/sports/images/cfb/teams/50/8175.png,1506361,44149216,09/19/2026 12:00 PM,2026-09-15T14:27:12Z
Monte Harrison,3000,WR,ARK,UGA @ ARK,Night,https://dkn.gs/sports/images/cfb/teams/50/8175.png,1514443,44149219,09/19/2026 12:00 PM,2026-09-15T14:27:12Z
Dequane Prevo,3000,WR,ARK,UGA @ ARK,Night,https://dkn.gs/sports/images/cfb/teams/50/8175.png,1645633,44149222,09/19/2026 12:00 PM,2026-09-15T14:27:12Z
Blair Irvin III,3000,WR,ARK,UGA @ ARK,Night,https://dkn.gs/sports/images/cfb/teams/50/8175.png,1645636,44149225,09/19/2026 12:00 PM,2026-09-15T14:27:12Z
Cory Henderson Jr.,3000,WR,ARK,UGA @ ARK,Night,https://dkn.gs/sports/images/cfb/teams/50/8175.png,1656026,44149228,09/19/2026 12:00 PM,2026-09-15T14:27:12Z
Jude Hall,3000,WR,ARK,UGA @ ARK,Night,https://dkn.gs/sports/images/cfb/teams/50/8175.png,1653389,44149231,09/19/2026 12:00 PM,2026-09-15T14:27:12Z
Ben Pupplo,3000,WR,ARK,UGA @ ARK,Night,https://dkn.gs/sports/images/cfb/teams/50/8175.png,1463606,44149234,09/19/2026 12:00 PM,2026-09-15T14:27:12Z
Dai'Shaun Thomas,3000,WR,ARK,UGA @ ARK,Night,https://dkn.gs/sports/images/cfb/teams/50/8175.png,1514936,44149237,09/19/2026 12:00 PM,2026-09-15T14:27:12Z
Joeseph Skipworth,3000,WR,MSST,MSST @ SCAR,Night,https://dkn.gs/sports/images/cfb/teams/50/8205.png,1590315,44149240,09/19/2026 04:15 PM,2026-09-15T14:27:12Z
Riley Williams,3000,WR,MSST,MSST @ SCAR,Night,https://dkn.gs/sports/images/cfb/teams/50/8205.png,1442258,44149243,09/19/2026 04:15 PM,2026-09-15T14:27:12Z
Zayion Cotton,3000,WR,MSST,MSST @ SCAR,Night,https://dkn.gs/sports/images/cfb/teams/50/8205.png,1645850,44149246,09/19/2026 04:15 PM,2026-09-15T14:27:12Z
Adam Land,3000,WR,MSST,MSST @ SCAR,Night,https://dkn.gs/sports/images/cfb/teams/50/8205.png,1645936,44149249,09/19/2026 04:15 PM,2026-09-15T14:27:12Z
Luke Hutchinson,3000,WR,MSST,MSST @ SCAR,Night,https://dkn.gs/sports/images/cfb/teams/50/8205.png,1645937,44149252,09/19/2026 04:15 PM,2026-09-15T14:27:12Z
Gracen Harris,3000,WR,MSST,MSST @ SCAR,Night,https://dkn.gs/sports/images/cfb/teams/50/8205.png,1581995,44149255,09/19/2026 04:15 PM,2026-09-15T14:27:12Z
Matt Mayfield,3000,WR,MSST,MSST @ SCAR,Night,https://dkn.gs/sports/images/cfb/teams/50/8205.png,1648534,44149258,09/19/2026 04:15 PM,2026-09-15T14:27:12Z
Junior Henderson,3000,WR,MSST,MSST @ SCAR,Night,https://dkn.gs/sports/images/cfb/teams/50/8205.png,1645888,44149261,09/19/2026 04:15 PM,2026-09-15T14:27:12Z
Zion Crumpton,3000,WR,MSST,MSST @ SCAR,Night,https://dkn.gs/sports/images/cfb/teams/50/8205.png,1653728,44149264,09/19/2026 04:15 PM,2026-09-15T14:27:12Z
Bull Mitchell,3000,WR,MSST,MSST @ SCAR,Night,https://dkn.gs/sports/images/cfb/teams/50/8205.png,1590313,44149267,09/19/2026 04:15 PM,2026-09-15T14:27:12Z
Jessie Primer IV,3000,WR,MSST,MSST @ SCAR,Night,https://dkn.gs/sports/images/cfb/teams/50/8205.png,1599694,44149270,09/19/2026 04:15 PM,2026-09-15T14:27:12Z
Fisher Southall,3000,WR,MSST,MSST @ SCAR,Night,https://dkn.gs/sports/images/cfb/teams/50/8205.png,1653726,44149273,09/19/2026 04:15 PM,2026-09-15T14:27:12Z
Camden Capehart,3000,WR,MSST,MSST @ SCAR,Night,https://dkn.gs/sports/images/cfb/teams/50/8205.png,1653388,44149276,09/19/2026 04:15 PM,2026-09-15T14:27:12Z
Jayden Cration,3000,WR,MSST,MSST @ SCAR,Night,https://dkn.gs/sports/images/cfb/teams/50/8205.png,1653727,44149279,09/19/2026 04:15 PM,2026-09-15T14:27:12Z
Trey Jackson,3000,WR,SMU,SMU @ UL,Night,https://dkn.gs/sports/images/cfb/teams/50/8233.png,1507242,44149282,09/19/2026 03:30 PM,2026-09-15T14:27:12Z
Will Locke,3000,WR,SMU,SMU @ UL,Night,https://dkn.gs/sports/images/cfb/teams/50/8233.png,1518050,44149285,09/19/2026 03:30 PM,2026-09-15T14:27:12Z
Miles Uter,3000,WR,SMU,SMU @ UL,Night,https://dkn.gs/sports/images/cfb/teams/50/8233.png,1586152,44149288,09/19/2026 03:30 PM,2026-09-15T14:27:12Z
Andre Nickerson Jr.,3000,WR,SMU,SMU @ UL,Night,https://dkn.gs/sports/images/cfb/teams/50/8233.png,1649609,44149291,09/19/2026 03:30 PM,2026-09-15T14:27:12Z
Zack Turner,3000,WR,SMU,SMU @ UL,Night,https://dkn.gs/sports/images/cfb/teams/50/8233.png,1649540,44149294,09/19/2026 03:30 PM,2026-09-15T14:27:12Z
Daylon Singleton,3000,WR,SMU,SMU @ UL,Night,https://dkn.gs/sports/images/cfb/teams/50/8233.png,1583296,44149297,09/19/2026 03:30 PM,2026-09-15T14:27:12Z
Jakai Anderson,3000,WR,SMU,SMU @ UL,Night,https://dkn.gs/sports/images/cfb/teams/50/8233.png,1649568,44149300,09/19/2026 03:30 PM,2026-09-15T14:27:12Z
X'Zavier Barnett,3000,WR,SMU,SMU @ UL,Night,https://dkn.gs/sports/images/cfb/teams/50/8233.png,1649608,44149303,09/19/2026 03:30 PM,2026-09-15T14:27:12Z
Tyrone Crethers,3000,WR,SMU,SMU @ UL,Night,https://dkn.gs/sports/images/cfb/teams/50/8233.png,1649607,44149306,09/19/2026 03:30 PM,2026-09-15T14:27:12Z
Aljour Miles II,3000,WR,SMU,SMU @ UL,Night,https://dkn.gs/sports/images/cfb/teams/50/8233.png,1649567,44149309,09/19/2026 03:30 PM,2026-09-15T14:27:12Z
Jordyn Adams,3000,WR,SMU,SMU @ UL,Night,https://dkn.gs/sports/images/cfb/teams/50/8233.png,1656464,44149312,09/19/2026 03:30 PM,2026-09-15T14:27:12Z
Siler Cooke,3000,WR,SMU,SMU @ UL,Night,https://dkn.gs/sports/images/cfb/teams/50/8233.png,1653234,44149315,09/19/2026 03:30 PM,2026-09-15T14:27:12Z
David Kniffen Jr.,3000,WR,SMU,SMU @ UL,Night,https://dkn.gs/sports/images/cfb/teams/50/8233.png,1653236,44149318,09/19/2026 03:30 PM,2026-09-15T14:27:12Z
Micah Riley,3000,WR,TA&M,UK @ TA&M,Night,https://dkn.gs/sports/images/cfb/teams/50/8251.png,1380650,44149321,09/19/2026 03:30 PM,2026-09-15T14:27:12Z
Kiotti Armstrong,3000,WR,TA&M,UK @ TA&M,Night,https://dkn.gs/sports/images/cfb/teams/50/8251.png,1582502,44149324,09/19/2026 03:30 PM,2026-09-15T14:27:12Z
Carter Braugh,3000,WR,TA&M,UK @ TA&M,Night,https://dkn.gs/sports/images/cfb/teams/50/8251.png,1524395,44149327,09/19/2026 03:30 PM,2026-09-15T14:27:12Z
Luke Braden,3000,WR,TA&M,UK @ TA&M,Night,https://dkn.gs/sports/images/cfb/teams/50/8251.png,1511611,44149330,09/19/2026 03:30 PM,2026-09-15T14:27:12Z
Evan Jacobson,3000,WR,TA&M,UK @ TA&M,Night,https://dkn.gs/sports/images/cfb/teams/50/8251.png,1652051,44149333,09/19/2026 03:30 PM,2026-09-15T14:27:12Z
KK Johnson,3000,WR,TA&M,UK @ TA&M,Night,https://dkn.gs/sports/images/cfb/teams/50/8251.png,1646028,44149336,09/19/2026 03:30 PM,2026-09-15T14:27:12Z
Caleb Tafua,3000,WR,TA&M,UK @ TA&M,Night,https://dkn.gs/sports/images/cfb/teams/50/8251.png,1646019,44149339,09/19/2026 03:30 PM,2026-09-15T14:27:12Z
Kelshaun Johnson,3000,WR,TA&M,UK @ TA&M,Night,https://dkn.gs/sports/images/cfb/teams/50/8251.png,1582513,44149342,09/19/2026 03:30 PM,2026-09-15T14:27:12Z
Aaron Gregory,3000,WR,TA&M,UK @ TA&M,Night,https://dkn.gs/sports/images/cfb/teams/50/8251.png,1646419,44149345,09/19/2026 03:30 PM,2026-09-15T14:27:12Z
Jayden Warren,3000,WR,TA&M,UK @ TA&M,Night,https://dkn.gs/sports/images/cfb/teams/50/8251.png,1646068,44149348,09/19/2026 03:30 PM,2026-09-15T14:27:12Z
TK Norman,3000,WR,TA&M,UK @ TA&M,Night,https://dkn.gs/sports/images/cfb/teams/50/8251.png,1582505,44149351,09/19/2026 03:30 PM,2026-09-15T14:27:12Z
Madden Williams,3000,WR,TA&M,UK @ TA&M,Night,https://dkn.gs/sports/images/cfb/teams/50/8251.png,1646027,44149354,09/19/2026 03:30 PM,2026-09-15T14:27:12Z
Will Hargett,3000,WR,TA&M,UK @ TA&M,Night,https://dkn.gs/sports/images/cfb/teams/50/8251.png,1594934,44149357,09/19/2026 03:30 PM,2026-09-15T14:27:12Z
Mike Brown,3000,WR,TA&M,UK @ TA&M,Night,https://dkn.gs/sports/images/cfb/teams/50/8251.png,1646035,44149360,09/19/2026 03:30 PM,2026-09-15T14:27:12Z
Kade Stewart,3000,WR,TA&M,UK @ TA&M,Night,https://dkn.gs/sports/images/cfb/teams/50/8251.png,1582474,44149363,09/19/2026 03:30 PM,2026-09-15T14:27:12Z
Whitaker Williams,3000,WR,TA&M,UK @ TA&M,Night,https://dkn.gs/sports/images/cfb/teams/50/8251.png,1601180,44149366,09/19/2026 03:30 PM,2026-09-15T14:27:12Z
Chase Burton,3000,WR,TA&M,UK @ TA&M,Night,https://dkn.gs/sports/images/cfb/teams/50/8251.png,1465232,44149369,09/19/2026 03:30 PM,2026-09-15T14:27:12Z
Semi Taulanga,3000,WR,UTAH,UTST @ UTAH,Night,https://dkn.gs/sports/images/cfb/teams/50/8341.png,1592506,44149372,09/19/2026 03:30 PM,2026-09-15T14:27:12Z
Will Monney,3000,WR,UTAH,UTST @ UTAH,Night,https://dkn.gs/sports/images/cfb/teams/50/8341.png,1443178,44149375,09/19/2026 03:30 PM,2026-09-15T14:27:12Z
Teague Matthews,3000,WR,UTAH,UTST @ UTAH,Night,https://dkn.gs/sports/images/cfb/teams/50/8341.png,1672541,44149378,09/19/2026 03:30 PM,2026-09-15T14:27:12Z
Kana'i Lopes,3000,WR,UTAH,UTST @ UTAH,Night,https://dkn.gs/sports/images/cfb/teams/50/8341.png,1507265,44149381,09/19/2026 03:30 PM,2026-09-15T14:27:12Z
Bear Fisher,3000,WR,UTAH,UTST @ UTAH,Night,https://dkn.gs/sports/images/cfb/teams/50/8341.png,1648313,44149384,09/19/2026 03:30 PM,2026-09-15T14:27:12Z
Sione Motuapuaka,3000,WR,UTAH,UTST @ UTAH,Night,https://dkn.gs/sports/images/cfb/teams/50/8341.png,1582989,44149387,09/19/2026 03:30 PM,2026-09-15T14:27:12Z
Broderick Redden,3000,WR,UTAH,UTST @ UTAH,Night,https://dkn.gs/sports/images/cfb/teams/50/8341.png,1582992,44149390,09/19/2026 03:30 PM,2026-09-15T14:27:12Z
Tobias Merriweather,3000,WR,UTAH,UTST @ UTAH,Night,https://dkn.gs/sports/images/cfb/teams/50/8341.png,1403976,44149393,09/19/2026 03:30 PM,2026-09-15T14:27:12Z
Daidren Zipperer,3000,WR,UTAH,UTST @ UTAH,Night,https://dkn.gs/sports/images/cfb/teams/50/8341.png,1456805,44149396,09/19/2026 03:30 PM,2026-09-15T14:27:12Z
Bryson Baker,3000,WR,UTAH,UTST @ UTAH,Night,https://dkn.gs/sports/images/cfb/teams/50/8341.png,1592501,44149399,09/19/2026 03:30 PM,2026-09-15T14:27:12Z
Max Ausmus,3000,WR,UTAH,UTST @ UTAH,Night,https://dkn.gs/sports/images/cfb/teams/50/8341.png,1651373,44149402,09/19/2026 03:30 PM,2026-09-15T14:27:12Z
Matt Clark,3000,WR,UTAH,UTST @ UTAH,Night,https://dkn.gs/sports/images/cfb/teams/50/8341.png,1519180,44149405,09/19/2026 03:30 PM,2026-09-15T14:27:12Z
Peyton Rice,3000,WR,UTAH,UTST @ UTAH,Night,https://dkn.gs/sports/images/cfb/teams/50/8341.png,1461615,44149408,09/19/2026 03:30 PM,2026-09-15T14:27:12Z
Junior Coughlin,3000,WR,UTAH,UTST @ UTAH,Night,https://dkn.gs/sports/images/cfb/teams/50/8341.png,1582986,44149411,09/19/2026 03:30 PM,2026-09-15T14:27:12Z
Justyn Reid,3000,WR,UL,SMU @ UL,Night,https://dkn.gs/sports/images/cfb/teams/50/8373.png,1445950,44149414,09/19/2026 03:30 PM,2026-09-15T14:27:12Z
Dylan Mesman,3000,WR,UL,SMU @ UL,Night,https://dkn.gs/sports/images/cfb/teams/50/8373.png,1514147,44149417,09/19/2026 03:30 PM,2026-09-15T14:27:12Z
Travis Egan,3000,WR,UL,SMU @ UL,Night,https://dkn.gs/sports/images/cfb/teams/50/8373.png,1451089,44149420,09/19/2026 03:30 PM,2026-09-15T14:27:12Z
Julius Miles,3000,WR,UL,SMU @ UL,Night,https://dkn.gs/sports/images/cfb/teams/50/8373.png,1649165,44149423,09/19/2026 03:30 PM,2026-09-15T14:27:12Z
Hamilton Atkins,3000,WR,UL,SMU @ UL,Night,https://dkn.gs/sports/images/cfb/teams/50/8373.png,1523656,44149426,09/19/2026 03:30 PM,2026-09-15T14:27:12Z
Jackson Voth,3000,WR,UL,SMU @ UL,Night,https://dkn.gs/sports/images/cfb/teams/50/8373.png,1517142,44149429,09/19/2026 03:30 PM,2026-09-15T14:27:12Z
Jakob Dixon,3000,WR,UL,SMU @ UL,Night,https://dkn.gs/sports/images/cfb/teams/50/8373.png,1466651,44149432,09/19/2026 03:30 PM,2026-09-15T14:27:12Z
Payton Cook,3000,WR,UL,SMU @ UL,Night,https://dkn.gs/sports/images/cfb/teams/50/8373.png,1649192,44149435,09/19/2026 03:30 PM,2026-09-15T14:27:12Z
DJ Williams,3000,WR,UL,SMU @ UL,Night,https://dkn.gs/sports/images/cfb/teams/50/8373.png,1649190,44149438,09/19/2026 03:30 PM,2026-09-15T14:27:12Z
Gavin Waddell,3000,WR,UL,SMU @ UL,Night,https://dkn.gs/sports/images/cfb/teams/50/8373.png,1649193,44149441,09/19/2026 03:30 PM,2026-09-15T14:27:12Z
Rhys Dorsey,3000,WR,UL,SMU @ UL,Night,https://dkn.gs/sports/images/cfb/teams/50/8373.png,1649179,44149444,09/19/2026 03:30 PM,2026-09-15T14:27:12Z
DeVuan Jones,3000,WR,UL,SMU @ UL,Night,https://dkn.gs/sports/images/cfb/teams/50/8373.png,1599271,44149447,09/19/2026 03:30 PM,2026-09-15T14:27:12Z
Montavin Quisenberry,3000,WR,UL,SMU @ UL,Night,https://dkn.gs/sports/images/cfb/teams/50/8373.png,1582136,44149450,09/19/2026 03:30 PM,2026-09-15T14:27:12Z
Kris Hughes,3000,WR,UL,SMU @ UL,Night,https://dkn.gs/sports/images/cfb/teams/50/8373.png,1469279,44149453,09/19/2026 03:30 PM,2026-09-15T14:27:12Z
Michael Gelatko,3000,WR,BUFF,BUFF @ PSU,Night,https://dkn.gs/sports/images/cfb/teams/50/9238.png,1595047,44149456,09/19/2026 12:00 PM,2026-09-15T14:27:12Z
Nick Leonard,3000,WR,BUFF,BUFF @ PSU,Night,https://dkn.gs/sports/images/cfb/teams/50/9238.png,1514530,44149459,09/19/2026 12:00 PM,2026-09-15T14:27:12Z
Stone Rozak,3000,WR,BUFF,BUFF @ PSU,Night,https://dkn.gs/sports/images/cfb/teams/50/9238.png,1655627,44149462,09/19/2026 12:00 PM,2026-09-15T14:27:12Z
Aiden Howard,3000,WR,BUFF,BUFF @ PSU,Night,https://dkn.gs/sports/images/cfb/teams/50/9238.png,1655638,44149465,09/19/2026 12:00 PM,2026-09-15T14:27:12Z
TJ Sabatucci,3000,WR,BUFF,BUFF @ PSU,Night,https://dkn.gs/sports/images/cfb/teams/50/9238.png,1655636,44149468,09/19/2026 12:00 PM,2026-09-15T14:27:12Z
Dwayne Early Jr.,3000,WR,BUFF,BUFF @ PSU,Night,https://dkn.gs/sports/images/cfb/teams/50/9238.png,1585087,44149471,09/19/2026 12:00 PM,2026-09-15T14:27:12Z
Phillip Folmar,3000,WR,BUFF,BUFF @ PSU,Night,https://dkn.gs/sports/images/cfb/teams/50/9238.png,1594738,44149474,09/19/2026 12:00 PM,2026-09-15T14:27:12Z
Mark-Anthony Scott Jr.,3000,WR,BUFF,BUFF @ PSU,Night,https://dkn.gs/sports/images/cfb/teams/50/9238.png,1400143,44149477,09/19/2026 12:00 PM,2026-09-15T14:27:12Z
Bobby Mays,3000,WR,BUFF,BUFF @ PSU,Night,https://dkn.gs/sports/images/cfb/teams/50/9238.png,1514505,44149480,09/19/2026 12:00 PM,2026-09-15T14:27:12Z
Tyrell Simmons Jr.,3000,WR,BUFF,BUFF @ PSU,Night,https://dkn.gs/sports/images/cfb/teams/50/9238.png,1514529,44149483,09/19/2026 12:00 PM,2026-09-15T14:27:12Z
Shey Williams,3000,WR,BUFF,BUFF @ PSU,Night,https://dkn.gs/sports/images/cfb/teams/50/9238.png,1514511,44149486,09/19/2026 12:00 PM,2026-09-15T14:27:12Z
Terrell Richards,3000,WR,BUFF,BUFF @ PSU,Night,https://dkn.gs/sports/images/cfb/teams/50/9238.png,1511729,44149489,09/19/2026 12:00 PM,2026-09-15T14:27:12Z
Jeremiah Watkins,3000,WR,BUFF,BUFF @ PSU,Night,https://dkn.gs/sports/images/cfb/teams/50/9238.png,1514501,44149492,09/19/2026 12:00 PM,2026-09-15T14:27:12Z
Aaron Clark,3000,WR,BUFF,BUFF @ PSU,Night,https://dkn.gs/sports/images/cfb/teams/50/9238.png,1655639,44149495,09/19/2026 12:00 PM,2026-09-15T14:27:12Z
Jack Eskridge,3000,WR,BUFF,BUFF @ PSU,Night,https://dkn.gs/sports/images/cfb/teams/50/9238.png,1655637,44149498,09/19/2026 12:00 PM,2026-09-15T14:27:12Z
Alvin Jones III,3000,WR,BUFF,BUFF @ PSU,Night,https://dkn.gs/sports/images/cfb/teams/50/9238.png,1594739,44149501,09/19/2026 12:00 PM,2026-09-15T14:27:12Z
David Clement,2600,WR,SYR,SYR @ PITT,Showdown Captain Mode,https://dkn.gs/sports/images/cfb/teams/50/7729.png,1443210,44149536,09/17/2026 07:30 PM,2026-09-15T14:27:12Z
Justus Ross-Simmons,2400,WR,SYR,SYR @ PITT,Showdown Captain Mode,https://dkn.gs/sports/images/cfb/teams/50/7729.png,1397455,44149537,09/17/2026 07:30 PM,2026-09-15T14:27:12Z
Carson Kent,2000,WR,PITT,SYR @ PITT,Showdown Captain Mode,https://dkn.gs/sports/images/cfb/teams/50/7712.png,485570,44149538,09/17/2026 07:30 PM,2026-09-15T14:27:12Z
Tony Kinsler,1600,WR,PITT,SYR @ PITT,Showdown Captain Mode,https://dkn.gs/sports/images/cfb/teams/50/7712.png,1583238,44149539,09/17/2026 07:30 PM,2026-09-15T14:27:12Z
Matt Outten,1400,WR,SYR,SYR @ PITT,Showdown Captain Mode,https://dkn.gs/sports/images/cfb/teams/50/7729.png,1583941,44149540,09/17/2026 07:30 PM,2026-09-15T14:27:12Z
Noah Meyers,1200,WR,SYR,SYR @ PITT,Showdown Captain Mode,https://dkn.gs/sports/images/cfb/teams/50/7729.png,1450506,44149541,09/17/2026 07:30 PM,2026-09-15T14:27:12Z
Davion Kerr,1000,RB,SYR,SYR @ PITT,Showdown Captain Mode,https://dkn.gs/sports/images/cfb/teams/50/7729.png,1583230,44149542,09/17/2026 07:30 PM,2026-09-15T14:27:12Z
Zaky Roberts,1000,RB,PITT,SYR @ PITT,Showdown Captain Mode,https://dkn.gs/sports/images/cfb/teams/50/7712.png,1663584,44149543,09/17/2026 07:30 PM,2026-09-15T14:27:12Z
Justin Cook,1000,RB,PITT,SYR @ PITT,Showdown Captain Mode,https://dkn.gs/sports/images/cfb/teams/50/7712.png,1585012,44149544,09/17/2026 07:30 PM,2026-09-15T14:27:12Z
Ahmad Miller,1000,RB,SYR,SYR @ PITT,Showdown Captain Mode,https://dkn.gs/sports/images/cfb/teams/50/7729.png,1465878,44149545,09/17/2026 07:30 PM,2026-09-15T14:27:12Z
Synkwan Smith,1000,RB,PITT,SYR @ PITT,Showdown Captain Mode,https://dkn.gs/sports/images/cfb/teams/50/7712.png,1590845,44149546,09/17/2026 07:30 PM,2026-09-15T14:27:12Z
Jaylin Brown,1000,RB,PITT,SYR @ PITT,Showdown Captain Mode,https://dkn.gs/sports/images/cfb/teams/50/7712.png,1590834,44149547,09/17/2026 07:30 PM,2026-09-15T14:27:12Z
Malachi Coleman,1000,RB,SYR,SYR @ PITT,Showdown Captain Mode,https://dkn.gs/sports/images/cfb/teams/50/7729.png,1583239,44149548,09/17/2026 07:30 PM,2026-09-15T14:27:12Z
Benny Haselrig,1000,WR,PITT,SYR @ PITT,Showdown Captain Mode,https://dkn.gs/sports/images/cfb/teams/50/7712.png,1458629,44149549,09/17/2026 07:30 PM,2026-09-15T14:27:12Z
Truitt Brown,1000,WR,PITT,SYR @ PITT,Showdown Captain Mode,https://dkn.gs/sports/images/cfb/teams/50/7712.png,1522616,44149550,09/17/2026 07:30 PM,2026-09-15T14:27:12Z
Rodney Dunbar,1000,WR,PITT,SYR @ PITT,Showdown Captain Mode,https://dkn.gs/sports/images/cfb/teams/50/7712.png,1649320,44149551,09/17/2026 07:30 PM,2026-09-15T14:27:12Z
Zamondre Merriweather,1000,WR,SYR,SYR @ PITT,Showdown Captain Mode,https://dkn.gs/sports/images/cfb/teams/50/7729.png,1401722,44149552,09/17/2026 07:30 PM,2026-09-15T14:27:12Z
Carter Bashir,1000,WR,SYR,SYR @ PITT,Showdown Captain Mode,https://dkn.gs/sports/images/cfb/teams/50/7729.png,1656572,44149553,09/17/2026 07:30 PM,2026-09-15T14:27:12Z
Jordan Fields,1000,WR,PITT,SYR @ PITT,Showdown Captain Mode,https://dkn.gs/sports/images/cfb/teams/50/7712.png,1590839,44149554,09/17/2026 07:30 PM,2026-09-15T14:27:12Z
Max Hunt,1000,WR,PITT,SYR @ PITT,Showdown Captain Mode,https://dkn.gs/sports/images/cfb/teams/50/7712.png,1583287,44149555,09/17/2026 07:30 PM,2026-09-15T14:27:12Z
Amah Agwu,1000,WR,PITT,SYR @ PITT,Showdown Captain Mode,https://dkn.gs/sports/images/cfb/teams/50/7712.png,1522618,44149556,09/17/2026 07:30 PM,2026-09-15T14:27:12Z
Phoenix Henriquez,1000,WR,SYR,SYR @ PITT,Showdown Captain Mode,https://dkn.gs/sports/images/cfb/teams/50/7729.png,1656578,44149557,09/17/2026 07:30 PM,2026-09-15T14:27:12Z
Cam Sapp,1000,WR,PITT,SYR @ PITT,Showdown Captain Mode,https://dkn.gs/sports/images/cfb/teams/50/7712.png,1583285,44149558,09/17/2026 07:30 PM,2026-09-15T14:27:12Z
Adam Howanitz,1000,WR,PITT,SYR @ PITT,Showdown Captain Mode,https://dkn.gs/sports/images/cfb/teams/50/7712.png,1458621,44149559,09/17/2026 07:30 PM,2026-09-15T14:27:12Z
Demetrice McCray,1000,WR,PITT,SYR @ PITT,Showdown Captain Mode,https://dkn.gs/sports/images/cfb/teams/50/7712.png,1649324,44149560,09/17/2026 07:30 PM,2026-09-15T14:27:12Z
Calvin Russell III,1000,WR,SYR,SYR @ PITT,Showdown Captain Mode,https://dkn.gs/sports/images/cfb/teams/50/7729.png,1649344,44149561,09/17/2026 07:30 PM,2026-09-15T14:27:12Z
Elijah Moore,1000,WR,SYR,SYR @ PITT,Showdown Captain Mode,https://dkn.gs/sports/images/cfb/teams/50/7729.png,1516047,44149562,09/17/2026 07:30 PM,2026-09-15T14:27:12Z
Jack Lesniewicz,1000,WR,PITT,SYR @ PITT,Showdown Captain Mode,https://dkn.gs/sports/images/cfb/teams/50/7712.png,1653225,44149563,09/17/2026 07:30 PM,2026-09-15T14:27:12Z
Dylan Wester,1000,WR,PITT,SYR @ PITT,Showdown Captain Mode,https://dkn.gs/sports/images/cfb/teams/50/7712.png,1649323,44149564,09/17/2026 07:30 PM,2026-09-15T14:27:12Z
Daunte Bacheyie,1000,WR,SYR,SYR @ PITT,Showdown Captain Mode,https://dkn.gs/sports/images/cfb/teams/50/7729.png,1598581,44149565,09/17/2026 07:30 PM,2026-09-15T14:27:12Z
Darien Williams,1000,WR,SYR,SYR @ PITT,Showdown Captain Mode,https://dkn.gs/sports/images/cfb/teams/50/7729.png,1598577,44149566,09/17/2026 07:30 PM,2026-09-15T14:27:12Z
Tyreek Robinson,1000,WR,PITT,SYR @ PITT,Showdown Captain Mode,https://dkn.gs/sports/images/cfb/teams/50/7712.png,1522613,44149567,09/17/2026 07:30 PM,2026-09-15T14:27:12Z
Elijah Washington-Baker,1000,WR,SYR,SYR @ PITT,Showdown Captain Mode,https://dkn.gs/sports/images/cfb/teams/50/7729.png,1522593,44149568,09/17/2026 07:30 PM,2026-09-15T14:27:12Z
Wyatt Villarreal,1000,WR,PITT,SYR @ PITT,Showdown Captain Mode,https://dkn.gs/sports/images/cfb/teams/50/7712.png,1649325,44149569,09/17/2026 07:30 PM,2026-09-15T14:27:12Z
BJ Garrett,1000,WR,SYR,SYR @ PITT,Showdown Captain Mode,https://dkn.gs/sports/images/cfb/teams/50/7729.png,1656575,44149570,09/17/2026 07:30 PM,2026-09-15T14:27:12Z
Bryan Hamilton,1000,WR,PITT,SYR @ PITT,Showdown Captain Mode,https://dkn.gs/sports/images/cfb/teams/50/7712.png,1653223,44149571,09/17/2026 07:30 PM,2026-09-15T14:27:12Z
Tyshawn Russell,1000,WR,SYR,SYR @ PITT,Showdown Captain Mode,https://dkn.gs/sports/images/cfb/teams/50/7729.png,1458655,44149572,09/17/2026 07:30 PM,2026-09-15T14:27:12Z
Amare' Gough,1000,WR,SYR,SYR @ PITT,Showdown Captain Mode,https://dkn.gs/sports/images/cfb/teams/50/7729.png,1649347,44149573,09/17/2026 07:30 PM,2026-09-15T14:27:12Z
Nate Edwards,1000,WR,SYR,SYR @ PITT,Showdown Captain Mode,https://dkn.gs/sports/images/cfb/teams/50/7729.png,1585010,44149574,09/17/2026 07:30 PM,2026-09-15T14:27:12Z
Julian McFadden,1000,WR,SYR,SYR @ PITT,Showdown Captain Mode,https://dkn.gs/sports/images/cfb/teams/50/7729.png,1598594,44149575,09/17/2026 07:30 PM,2026-09-15T14:27:12Z
Terrell Wilfong,1000,WR,SYR,SYR @ PITT,Showdown Captain Mode,https://dkn.gs/sports/images/cfb/teams/50/7729.png,1598595,44149576,09/17/2026 07:30 PM,2026-09-15T14:27:12Z
Darius Johnson,1000,WR,SYR,SYR @ PITT,Showdown Captain Mode,https://dkn.gs/sports/images/cfb/teams/50/7729.png,1583261,44149577,09/17/2026 07:30 PM,2026-09-15T14:27:12Z
Jake Sassic,1000,WR,PITT,SYR @ PITT,Showdown Captain Mode,https://dkn.gs/sports/images/cfb/teams/50/7712.png,1522626,44149578,09/17/2026 07:30 PM,2026-09-15T14:27:12Z
