Player Name - Slate Type,Contest IDs,Player ID,Draftable ID,Player Name,First Name,Last Name,Salary,Position,Team,Game,Game Start Time,Player Image,Tournament,Slate Type,Game Type,Date,Role,Contest Names,Contest IDs (Full),Slate Header
Devon Dampier - Showdown Captain Mode (Captain),195476951;195476948;195476952;195477720;195477723;195476956;195477719;195477727;195477721;195476955;195477726;195476949;195476950;195476953;195476954;195567364;195477928;195477927;195477926;195477925,1442304,44095495,Devon Dampier,Devon,Dampier,17700,CPT,UTAH,ARK @ UTAH,09/12/2026 10:15 PM,https://dkn.gs/sports/images/cfb/teams/50/8341.png,ARK @ UTAH,Showdown Captain Mode,CFB,9/12,Captain,"CFB Showdown $6K Air Raid [$2K to 1st] (ARK @ UTAH);CFB Showdown $720 Kick Return [Single Entry, Top 2 Win] (ARK @ UTAH);CFB Showdown $750 First Down (ARK @ UTAH);CFB Showdown $530 Winner Take All [Must Fill] (ARK @ UTAH);CFB Showdown $408 Winner Take All [$1.5K to 1st, Must Fill] (ARK @ UTAH);CFB Showdown $400 Coffin Corner [Single Entry] (ARK @ UTAH);CFB Showdown $267 Winner Take All [Must Fill] (ARK @ UTAH);CFB Showdown Satellite to NHL 11-3 $555 Barn Burner [Must Fill] (ARK @ UTAH);CFB Showdown $100 Winner Take All [$460 to 1st] (Must Fill) (ARK @ UTAH);CFB Showdown $155 White-Out [Single Entry] (ARK @ UTAH)",195476951;195476948;195476952;195477720;195477723;195476956;195477719;195477727;195477721;195476955;195477726;195476949;195476950;195476953;195476954;195567364;195477928;195477927;195477926;195477925,9/12 10:15PM (ARK @ UTAH)
Micah Alejado - Showdown Captain Mode (Captain),195476961;195476957;195477828;195476965;195477831;195477827;195476958;195477835;195477829;195476959;195477834;195476960;195476962;195476963;195476964;195477944;195477943;195477942;195477941;195477940,1509399,44095644,Micah Alejado,Micah,Alejado,17100,CPT,HAW,NMST @ HAW,09/13/2026 12:00 AM,https://dkn.gs/sports/images/cfb/teams/50/8316.png,NMST @ HAW,Showdown Captain Mode,CFB,9/13,Captain,"CFB Showdown $4K Air Raid [$1K to 1st] (NMST @ HAW);CFB Showdown $720 Kick Return [Single Entry, Top 2 Win] (NMST @ HAW);CFB Showdown $530 Winner Take All [Must Fill] (NMST @ HAW);CFB Showdown $200 Redshirt [Single Entry] (NMST @ HAW);CFB Showdown $408 Winner Take All [$1.5K to 1st, Must Fill] (NMST @ HAW);CFB Showdown $267 Winner Take All [Must Fill] (NMST @ HAW);CFB Showdown $155 White-Out [Single Entry] (NMST @ HAW);CFB Showdown Satellite to NHL 11-3 $555 Barn Burner [Must Fill] (NMST @ HAW);CFB Showdown $100 Winner Take All [$460 to 1st] (Must Fill) (NMST @ HAW);CFB Showdown $310 Blitz [Single Entry] (NMST @ HAW)",195476961;195476957;195477828;195476965;195477831;195477827;195476958;195477835;195477829;195476959;195477834;195476960;195476962;195476963;195476964;195477944;195477943;195477942;195477941;195477940,9/13 12:00AM (NMST @ HAW)
Arch Manning - Showdown Captain Mode (Captain),195582379;195582460;195580463;195582104;195581991;195582352;195477619;195477613;195581177;195478126;195478125;195478124;195478123;195478122;195478121;195478120;195477985;195477986;195478032;195478034,1441363,44095793,Arch Manning,Arch,Manning,15300,CPT,TEX,OSU @ TEX,09/12/2026 07:30 PM,https://dkn.gs/sports/images/cfb/teams/50/8240.png,OSU @ TEX,Showdown Captain Mode,CFB,9/12,Captain,"CFB Showdown $240 Huddle [Single Entry] (OSU @ TEX);CFB Showdown $100 Redshirt [Single Entry] (OSU @ TEX);CFB Showdown $408 Winner Take All [$1.5K to 1st, Must Fill] (OSU @ TEX);CFB Showdown $530 Winner Take All [Must Fill] (OSU @ TEX);CFB Showdown $50 Quarter Jukebox [Just $0.25!] (OSU @ TEX);CFB Showdown $267 Winner Take All [Must Fill] (OSU @ TEX);CFB Showdown Satellite to NHL 11-3 $555 Barn Burner [Must Fill] (OSU @ TEX);CFB Showdown $100 Winner Take All [$460 to 1st] (Must Fill) (OSU @ TEX);CFB Showdown Satellite to NHL 9-29 $15 Opening Night Puck Drop [Must Fill] (OSU @ TEX);CFB Showdown Satellite to CFB $555 Mid-Season Main Event (10-10) (OSU @ TEX)",195582379;195582460;195580463;195582104;195581991;195582352;195477619;195477613;195581177;195478126;195478125;195478124;195478123;195478122;195478121;195478120;195477985;195477986;195478032;195478034,9/12 7:30PM (OSU @ TEX)
Julian Sayin - Showdown Captain Mode (Captain),195582379;195582460;195580463;195582104;195581991;195582352;195477619;195477613;195581177;195478126;195478125;195478124;195478123;195478122;195478121;195478120;195477985;195477986;195478032;195478034,1508833,44095794,Julian Sayin,Julian,Sayin,15000,CPT,OSU,OSU @ TEX,09/12/2026 07:30 PM,https://dkn.gs/sports/images/cfb/teams/50/7874.png,OSU @ TEX,Showdown Captain Mode,CFB,9/12,Captain,"CFB Showdown $240 Huddle [Single Entry] (OSU @ TEX);CFB Showdown $100 Redshirt [Single Entry] (OSU @ TEX);CFB Showdown $408 Winner Take All [$1.5K to 1st, Must Fill] (OSU @ TEX);CFB Showdown $530 Winner Take All [Must Fill] (OSU @ TEX);CFB Showdown $50 Quarter Jukebox [Just $0.25!] (OSU @ TEX);CFB Showdown $267 Winner Take All [Must Fill] (OSU @ TEX);CFB Showdown Satellite to NHL 11-3 $555 Barn Burner [Must Fill] (OSU @ TEX);CFB Showdown $100 Winner Take All [$460 to 1st] (Must Fill) (OSU @ TEX);CFB Showdown Satellite to NHL 9-29 $15 Opening Night Puck Drop [Must Fill] (OSU @ TEX);CFB Showdown Satellite to CFB $555 Mid-Season Main Event (10-10) (OSU @ TEX)",195582379;195582460;195580463;195582104;195581991;195582352;195477619;195477613;195581177;195478126;195478125;195478124;195478123;195478122;195478121;195478120;195477985;195477986;195478032;195478034,9/12 7:30PM (OSU @ TEX)
Byrd Ficklin - Showdown Captain Mode (Captain),195476951;195476948;195476952;195477720;195477723;195476956;195477719;195477727;195477721;195476955;195477726;195476949;195476950;195476953;195476954;195567364;195477928;195477927;195477926;195477925,1582977,44095496,Byrd Ficklin,Byrd,Ficklin,14700,CPT,UTAH,ARK @ UTAH,09/12/2026 10:15 PM,https://dkn.gs/sports/images/cfb/teams/50/8341.png,ARK @ UTAH,Showdown Captain Mode,CFB,9/12,Captain,"CFB Showdown $6K Air Raid [$2K to 1st] (ARK @ UTAH);CFB Showdown $720 Kick Return [Single Entry, Top 2 Win] (ARK @ UTAH);CFB Showdown $750 First Down (ARK @ UTAH);CFB Showdown $530 Winner Take All [Must Fill] (ARK @ UTAH);CFB Showdown $408 Winner Take All [$1.5K to 1st, Must Fill] (ARK @ UTAH);CFB Showdown $400 Coffin Corner [Single Entry] (ARK @ UTAH);CFB Showdown $267 Winner Take All [Must Fill] (ARK @ UTAH);CFB Showdown Satellite to NHL 11-3 $555 Barn Burner [Must Fill] (ARK @ UTAH);CFB Showdown $100 Winner Take All [$460 to 1st] (Must Fill) (ARK @ UTAH);CFB Showdown $155 White-Out [Single Entry] (ARK @ UTAH)",195476951;195476948;195476952;195477720;195477723;195476956;195477719;195477727;195477721;195476955;195477726;195476949;195476950;195476953;195476954;195567364;195477928;195477927;195477926;195477925,9/12 10:15PM (ARK @ UTAH)
Jeremiah Smith - Showdown Captain Mode (Captain),195582379;195582460;195580463;195582104;195581991;195582352;195477619;195477613;195581177;195478126;195478125;195478124;195478123;195478122;195478121;195478120;195477985;195477986;195478032;195478034,1508831,44095795,Jeremiah Smith,Jeremiah,Smith,14100,CPT,OSU,OSU @ TEX,09/12/2026 07:30 PM,https://dkn.gs/sports/images/cfb/teams/50/7874.png,OSU @ TEX,Showdown Captain Mode,CFB,9/12,Captain,"CFB Showdown $240 Huddle [Single Entry] (OSU @ TEX);CFB Showdown $100 Redshirt [Single Entry] (OSU @ TEX);CFB Showdown $408 Winner Take All [$1.5K to 1st, Must Fill] (OSU @ TEX);CFB Showdown $530 Winner Take All [Must Fill] (OSU @ TEX);CFB Showdown $50 Quarter Jukebox [Just $0.25!] (OSU @ TEX);CFB Showdown $267 Winner Take All [Must Fill] (OSU @ TEX);CFB Showdown Satellite to NHL 11-3 $555 Barn Burner [Must Fill] (OSU @ TEX);CFB Showdown $100 Winner Take All [$460 to 1st] (Must Fill) (OSU @ TEX);CFB Showdown Satellite to NHL 9-29 $15 Opening Night Puck Drop [Must Fill] (OSU @ TEX);CFB Showdown Satellite to CFB $555 Mid-Season Main Event (10-10) (OSU @ TEX)",195582379;195582460;195580463;195582104;195581991;195582352;195477619;195477613;195581177;195478126;195478125;195478124;195478123;195478122;195478121;195478120;195477985;195477986;195478032;195478034,9/12 7:30PM (OSU @ TEX)
KJ Jackson - Showdown Captain Mode (Captain),195476951;195476948;195476952;195477720;195477723;195476956;195477719;195477727;195477721;195476955;195477726;195476949;195476950;195476953;195476954;195567364;195477928;195477927;195477926;195477925,1506081,44095497,KJ Jackson,KJ,Jackson,14100,CPT,ARK,ARK @ UTAH,09/12/2026 10:15 PM,https://dkn.gs/sports/images/cfb/teams/50/8175.png,ARK @ UTAH,Showdown Captain Mode,CFB,9/12,Captain,"CFB Showdown $6K Air Raid [$2K to 1st] (ARK @ UTAH);CFB Showdown $720 Kick Return [Single Entry, Top 2 Win] (ARK @ UTAH);CFB Showdown $750 First Down (ARK @ UTAH);CFB Showdown $530 Winner Take All [Must Fill] (ARK @ UTAH);CFB Showdown $408 Winner Take All [$1.5K to 1st, Must Fill] (ARK @ UTAH);CFB Showdown $400 Coffin Corner [Single Entry] (ARK @ UTAH);CFB Showdown $267 Winner Take All [Must Fill] (ARK @ UTAH);CFB Showdown Satellite to NHL 11-3 $555 Barn Burner [Must Fill] (ARK @ UTAH);CFB Showdown $100 Winner Take All [$460 to 1st] (Must Fill) (ARK @ UTAH);CFB Showdown $155 White-Out [Single Entry] (ARK @ UTAH)",195476951;195476948;195476952;195477720;195477723;195476956;195477719;195477727;195477721;195476955;195477726;195476949;195476950;195476953;195476954;195567364;195477928;195477927;195477926;195477925,9/12 10:15PM (ARK @ UTAH)
Bjorn Jurgensen - Showdown Captain Mode (Captain),195476961;195476957;195477828;195476965;195477831;195477827;195476958;195477835;195477829;195476959;195477834;195476960;195476962;195476963;195476964;195477944;195477943;195477942;195477941;195477940,1583196,44095645,Bjorn Jurgensen,Bjorn,Jurgensen,14100,CPT,HAW,NMST @ HAW,09/13/2026 12:00 AM,https://dkn.gs/sports/images/cfb/teams/50/8316.png,NMST @ HAW,Showdown Captain Mode,CFB,9/13,Captain,"CFB Showdown $4K Air Raid [$1K to 1st] (NMST @ HAW);CFB Showdown $720 Kick Return [Single Entry, Top 2 Win] (NMST @ HAW);CFB Showdown $530 Winner Take All [Must Fill] (NMST @ HAW);CFB Showdown $200 Redshirt [Single Entry] (NMST @ HAW);CFB Showdown $408 Winner Take All [$1.5K to 1st, Must Fill] (NMST @ HAW);CFB Showdown $267 Winner Take All [Must Fill] (NMST @ HAW);CFB Showdown $155 White-Out [Single Entry] (NMST @ HAW);CFB Showdown Satellite to NHL 11-3 $555 Barn Burner [Must Fill] (NMST @ HAW);CFB Showdown $100 Winner Take All [$460 to 1st] (Must Fill) (NMST @ HAW);CFB Showdown $310 Blitz [Single Entry] (NMST @ HAW)",195476961;195476957;195477828;195476965;195477831;195477827;195476958;195477835;195477829;195476959;195477834;195476960;195476962;195476963;195476964;195477944;195477943;195477942;195477941;195477940,9/13 12:00AM (NMST @ HAW)
Trey Hedden - Showdown Captain Mode (Captain),195476961;195476957;195477828;195476965;195477831;195477827;195476958;195477835;195477829;195476959;195477834;195476960;195476962;195476963;195476964;195477944;195477943;195477942;195477941;195477940,1517362,44095646,Trey Hedden,Trey,Hedden,13500,CPT,NMST,NMST @ HAW,09/13/2026 12:00 AM,https://dkn.gs/sports/images/cfb/teams/50/7946.png,NMST @ HAW,Showdown Captain Mode,CFB,9/13,Captain,"CFB Showdown $4K Air Raid [$1K to 1st] (NMST @ HAW);CFB Showdown $720 Kick Return [Single Entry, Top 2 Win] (NMST @ HAW);CFB Showdown $530 Winner Take All [Must Fill] (NMST @ HAW);CFB Showdown $200 Redshirt [Single Entry] (NMST @ HAW);CFB Showdown $408 Winner Take All [$1.5K to 1st, Must Fill] (NMST @ HAW);CFB Showdown $267 Winner Take All [Must Fill] (NMST @ HAW);CFB Showdown $155 White-Out [Single Entry] (NMST @ HAW);CFB Showdown Satellite to NHL 11-3 $555 Barn Burner [Must Fill] (NMST @ HAW);CFB Showdown $100 Winner Take All [$460 to 1st] (Must Fill) (NMST @ HAW);CFB Showdown $310 Blitz [Single Entry] (NMST @ HAW)",195476961;195476957;195477828;195476965;195477831;195477827;195476958;195477835;195477829;195476959;195477834;195476960;195476962;195476963;195476964;195477944;195477943;195477942;195477941;195477940,9/13 12:00AM (NMST @ HAW)
Bo Jackson - Showdown Captain Mode (Captain),195582379;195582460;195580463;195582104;195581991;195582352;195477619;195477613;195581177;195478126;195478125;195478124;195478123;195478122;195478121;195478120;195477985;195477986;195478032;195478034,1583952,44095796,Bo Jackson,Bo,Jackson,13200,CPT,OSU,OSU @ TEX,09/12/2026 07:30 PM,https://dkn.gs/sports/images/cfb/teams/50/7874.png,OSU @ TEX,Showdown Captain Mode,CFB,9/12,Captain,"CFB Showdown $240 Huddle [Single Entry] (OSU @ TEX);CFB Showdown $100 Redshirt [Single Entry] (OSU @ TEX);CFB Showdown $408 Winner Take All [$1.5K to 1st, Must Fill] (OSU @ TEX);CFB Showdown $530 Winner Take All [Must Fill] (OSU @ TEX);CFB Showdown $50 Quarter Jukebox [Just $0.25!] (OSU @ TEX);CFB Showdown $267 Winner Take All [Must Fill] (OSU @ TEX);CFB Showdown Satellite to NHL 11-3 $555 Barn Burner [Must Fill] (OSU @ TEX);CFB Showdown $100 Winner Take All [$460 to 1st] (Must Fill) (OSU @ TEX);CFB Showdown Satellite to NHL 9-29 $15 Opening Night Puck Drop [Must Fill] (OSU @ TEX);CFB Showdown Satellite to CFB $555 Mid-Season Main Event (10-10) (OSU @ TEX)",195582379;195582460;195580463;195582104;195581991;195582352;195477619;195477613;195581177;195478126;195478125;195478124;195478123;195478122;195478121;195478120;195477985;195477986;195478032;195478034,9/12 7:30PM (OSU @ TEX)
Wayshawn Parker - Showdown Captain Mode (Captain),195476951;195476948;195476952;195477720;195477723;195476956;195477719;195477727;195477721;195476955;195477726;195476949;195476950;195476953;195476954;195567364;195477928;195477927;195477926;195477925,1506517,44095498,Wayshawn Parker,Wayshawn,Parker,13200,CPT,UTAH,ARK @ UTAH,09/12/2026 10:15 PM,https://dkn.gs/sports/images/cfb/teams/50/8341.png,ARK @ UTAH,Showdown Captain Mode,CFB,9/12,Captain,"CFB Showdown $6K Air Raid [$2K to 1st] (ARK @ UTAH);CFB Showdown $720 Kick Return [Single Entry, Top 2 Win] (ARK @ UTAH);CFB Showdown $750 First Down (ARK @ UTAH);CFB Showdown $530 Winner Take All [Must Fill] (ARK @ UTAH);CFB Showdown $408 Winner Take All [$1.5K to 1st, Must Fill] (ARK @ UTAH);CFB Showdown $400 Coffin Corner [Single Entry] (ARK @ UTAH);CFB Showdown $267 Winner Take All [Must Fill] (ARK @ UTAH);CFB Showdown Satellite to NHL 11-3 $555 Barn Burner [Must Fill] (ARK @ UTAH);CFB Showdown $100 Winner Take All [$460 to 1st] (Must Fill) (ARK @ UTAH);CFB Showdown $155 White-Out [Single Entry] (ARK @ UTAH)",195476951;195476948;195476952;195477720;195477723;195476956;195477719;195477727;195477721;195476955;195477726;195476949;195476950;195476953;195476954;195567364;195477928;195477927;195477926;195477925,9/12 10:15PM (ARK @ UTAH)
Pofele Ashlock - Showdown Captain Mode (Captain),195476961;195476957;195477828;195476965;195477831;195477827;195476958;195477835;195477829;195476959;195477834;195476960;195476962;195476963;195476964;195477944;195477943;195477942;195477941;195477940,1400528,44095647,Pofele Ashlock,Pofele,Ashlock,12900,CPT,HAW,NMST @ HAW,09/13/2026 12:00 AM,https://dkn.gs/sports/images/cfb/teams/50/8316.png,NMST @ HAW,Showdown Captain Mode,CFB,9/13,Captain,"CFB Showdown $4K Air Raid [$1K to 1st] (NMST @ HAW);CFB Showdown $720 Kick Return [Single Entry, Top 2 Win] (NMST @ HAW);CFB Showdown $530 Winner Take All [Must Fill] (NMST @ HAW);CFB Showdown $200 Redshirt [Single Entry] (NMST @ HAW);CFB Showdown $408 Winner Take All [$1.5K to 1st, Must Fill] (NMST @ HAW);CFB Showdown $267 Winner Take All [Must Fill] (NMST @ HAW);CFB Showdown $155 White-Out [Single Entry] (NMST @ HAW);CFB Showdown Satellite to NHL 11-3 $555 Barn Burner [Must Fill] (NMST @ HAW);CFB Showdown $100 Winner Take All [$460 to 1st] (Must Fill) (NMST @ HAW);CFB Showdown $310 Blitz [Single Entry] (NMST @ HAW)",195476961;195476957;195477828;195476965;195477831;195477827;195476958;195477835;195477829;195476959;195477834;195476960;195476962;195476963;195476964;195477944;195477943;195477942;195477941;195477940,9/13 12:00AM (NMST @ HAW)
Karle Lacey Jr. - Showdown Captain Mode (Captain),195582379;195582460;195580463;195582104;195581991;195582352;195477619;195477613;195581177;195478126;195478125;195478124;195478123;195478122;195478121;195478120;195477985;195477986;195478032;195478034,1582500,44095797,Karle Lacey Jr.,Karle,Lacey Jr.,12600,CPT,TEX,OSU @ TEX,09/12/2026 07:30 PM,https://dkn.gs/sports/images/cfb/teams/50/8240.png,OSU @ TEX,Showdown Captain Mode,CFB,9/12,Captain,"CFB Showdown $240 Huddle [Single Entry] (OSU @ TEX);CFB Showdown $100 Redshirt [Single Entry] (OSU @ TEX);CFB Showdown $408 Winner Take All [$1.5K to 1st, Must Fill] (OSU @ TEX);CFB Showdown $530 Winner Take All [Must Fill] (OSU @ TEX);CFB Showdown $50 Quarter Jukebox [Just $0.25!] (OSU @ TEX);CFB Showdown $267 Winner Take All [Must Fill] (OSU @ TEX);CFB Showdown Satellite to NHL 11-3 $555 Barn Burner [Must Fill] (OSU @ TEX);CFB Showdown $100 Winner Take All [$460 to 1st] (Must Fill) (OSU @ TEX);CFB Showdown Satellite to NHL 9-29 $15 Opening Night Puck Drop [Must Fill] (OSU @ TEX);CFB Showdown Satellite to CFB $555 Mid-Season Main Event (10-10) (OSU @ TEX)",195582379;195582460;195580463;195582104;195581991;195582352;195477619;195477613;195581177;195478126;195478125;195478124;195478123;195478122;195478121;195478120;195477985;195477986;195478032;195478034,9/12 7:30PM (OSU @ TEX)
DeVon Rice - Showdown Captain Mode (Captain),195476961;195476957;195477828;195476965;195477831;195477827;195476958;195477835;195477829;195476959;195477834;195476960;195476962;195476963;195476964;195477944;195477943;195477942;195477941;195477940,1507082,44095648,DeVon Rice,DeVon,Rice,12600,CPT,HAW,NMST @ HAW,09/13/2026 12:00 AM,https://dkn.gs/sports/images/cfb/teams/50/8316.png,NMST @ HAW,Showdown Captain Mode,CFB,9/13,Captain,"CFB Showdown $4K Air Raid [$1K to 1st] (NMST @ HAW);CFB Showdown $720 Kick Return [Single Entry, Top 2 Win] (NMST @ HAW);CFB Showdown $530 Winner Take All [Must Fill] (NMST @ HAW);CFB Showdown $200 Redshirt [Single Entry] (NMST @ HAW);CFB Showdown $408 Winner Take All [$1.5K to 1st, Must Fill] (NMST @ HAW);CFB Showdown $267 Winner Take All [Must Fill] (NMST @ HAW);CFB Showdown $155 White-Out [Single Entry] (NMST @ HAW);CFB Showdown Satellite to NHL 11-3 $555 Barn Burner [Must Fill] (NMST @ HAW);CFB Showdown $100 Winner Take All [$460 to 1st] (Must Fill) (NMST @ HAW);CFB Showdown $310 Blitz [Single Entry] (NMST @ HAW)",195476961;195476957;195477828;195476965;195477831;195477827;195476958;195477835;195477829;195476959;195477834;195476960;195476962;195476963;195476964;195477944;195477943;195477942;195477941;195477940,9/13 12:00AM (NMST @ HAW)
Hollywood Smothers - Showdown Captain Mode (Captain),195582379;195582460;195580463;195582104;195581991;195582352;195477619;195477613;195581177;195478126;195478125;195478124;195478123;195478122;195478121;195478120;195477985;195477986;195478032;195478034,1443308,44095798,Hollywood Smothers,Hollywood,Smothers,12300,CPT,TEX,OSU @ TEX,09/12/2026 07:30 PM,https://dkn.gs/sports/images/cfb/teams/50/8240.png,OSU @ TEX,Showdown Captain Mode,CFB,9/12,Captain,"CFB Showdown $240 Huddle [Single Entry] (OSU @ TEX);CFB Showdown $100 Redshirt [Single Entry] (OSU @ TEX);CFB Showdown $408 Winner Take All [$1.5K to 1st, Must Fill] (OSU @ TEX);CFB Showdown $530 Winner Take All [Must Fill] (OSU @ TEX);CFB Showdown $50 Quarter Jukebox [Just $0.25!] (OSU @ TEX);CFB Showdown $267 Winner Take All [Must Fill] (OSU @ TEX);CFB Showdown Satellite to NHL 11-3 $555 Barn Burner [Must Fill] (OSU @ TEX);CFB Showdown $100 Winner Take All [$460 to 1st] (Must Fill) (OSU @ TEX);CFB Showdown Satellite to NHL 9-29 $15 Opening Night Puck Drop [Must Fill] (OSU @ TEX);CFB Showdown Satellite to CFB $555 Mid-Season Main Event (10-10) (OSU @ TEX)",195582379;195582460;195580463;195582104;195581991;195582352;195477619;195477613;195581177;195478126;195478125;195478124;195478123;195478122;195478121;195478120;195477985;195477986;195478032;195478034,9/12 7:30PM (OSU @ TEX)
Tavien St. Clair - Showdown Captain Mode (Captain),195582379;195582460;195580463;195582104;195581991;195582352;195477619;195477613;195581177;195478126;195478125;195478124;195478123;195478122;195478121;195478120;195477985;195477986;195478032;195478034,1583919,44095799,Tavien St. Clair,Tavien,St. Clair,12000,CPT,OSU,OSU @ TEX,09/12/2026 07:30 PM,https://dkn.gs/sports/images/cfb/teams/50/7874.png,OSU @ TEX,Showdown Captain Mode,CFB,9/12,Captain,"CFB Showdown $240 Huddle [Single Entry] (OSU @ TEX);CFB Showdown $100 Redshirt [Single Entry] (OSU @ TEX);CFB Showdown $408 Winner Take All [$1.5K to 1st, Must Fill] (OSU @ TEX);CFB Showdown $530 Winner Take All [Must Fill] (OSU @ TEX);CFB Showdown $50 Quarter Jukebox [Just $0.25!] (OSU @ TEX);CFB Showdown $267 Winner Take All [Must Fill] (OSU @ TEX);CFB Showdown Satellite to NHL 11-3 $555 Barn Burner [Must Fill] (OSU @ TEX);CFB Showdown $100 Winner Take All [$460 to 1st] (Must Fill) (OSU @ TEX);CFB Showdown Satellite to NHL 9-29 $15 Opening Night Puck Drop [Must Fill] (OSU @ TEX);CFB Showdown Satellite to CFB $555 Mid-Season Main Event (10-10) (OSU @ TEX)",195582379;195582460;195580463;195582104;195581991;195582352;195477619;195477613;195581177;195478126;195478125;195478124;195478123;195478122;195478121;195478120;195477985;195477986;195478032;195478034,9/12 7:30PM (OSU @ TEX)
Steve Chavez-Soto - Showdown Captain Mode (Captain),195476951;195476948;195476952;195477720;195477723;195476956;195477719;195477727;195477721;195476955;195477726;195476949;195476950;195476953;195476954;195567364;195477928;195477927;195477926;195477925,1586258,44095499,Steve Chavez-Soto,Steve,Chavez-Soto,12000,CPT,UTAH,ARK @ UTAH,09/12/2026 10:15 PM,https://dkn.gs/sports/images/cfb/teams/50/8341.png,ARK @ UTAH,Showdown Captain Mode,CFB,9/12,Captain,"CFB Showdown $6K Air Raid [$2K to 1st] (ARK @ UTAH);CFB Showdown $720 Kick Return [Single Entry, Top 2 Win] (ARK @ UTAH);CFB Showdown $750 First Down (ARK @ UTAH);CFB Showdown $530 Winner Take All [Must Fill] (ARK @ UTAH);CFB Showdown $408 Winner Take All [$1.5K to 1st, Must Fill] (ARK @ UTAH);CFB Showdown $400 Coffin Corner [Single Entry] (ARK @ UTAH);CFB Showdown $267 Winner Take All [Must Fill] (ARK @ UTAH);CFB Showdown Satellite to NHL 11-3 $555 Barn Burner [Must Fill] (ARK @ UTAH);CFB Showdown $100 Winner Take All [$460 to 1st] (Must Fill) (ARK @ UTAH);CFB Showdown $155 White-Out [Single Entry] (ARK @ UTAH)",195476951;195476948;195476952;195477720;195477723;195476956;195477719;195477727;195477721;195476955;195477726;195476949;195476950;195476953;195476954;195567364;195477928;195477927;195477926;195477925,9/12 10:15PM (ARK @ UTAH)
Devon Dampier - Showdown Captain Mode (Flex),195476951;195476948;195476952;195477720;195477723;195476956;195477719;195477727;195477721;195476955;195477726;195476949;195476950;195476953;195476954;195567364;195477928;195477927;195477926;195477925,1442304,44095419,Devon Dampier,Devon,Dampier,11800,QB,UTAH,ARK @ UTAH,09/12/2026 10:15 PM,https://dkn.gs/sports/images/cfb/teams/50/8341.png,ARK @ UTAH,Showdown Captain Mode,CFB,9/12,Flex,"CFB Showdown $6K Air Raid [$2K to 1st] (ARK @ UTAH);CFB Showdown $720 Kick Return [Single Entry, Top 2 Win] (ARK @ UTAH);CFB Showdown $750 First Down (ARK @ UTAH);CFB Showdown $530 Winner Take All [Must Fill] (ARK @ UTAH);CFB Showdown $408 Winner Take All [$1.5K to 1st, Must Fill] (ARK @ UTAH);CFB Showdown $400 Coffin Corner [Single Entry] (ARK @ UTAH);CFB Showdown $267 Winner Take All [Must Fill] (ARK @ UTAH);CFB Showdown Satellite to NHL 11-3 $555 Barn Burner [Must Fill] (ARK @ UTAH);CFB Showdown $100 Winner Take All [$460 to 1st] (Must Fill) (ARK @ UTAH);CFB Showdown $155 White-Out [Single Entry] (ARK @ UTAH)",195476951;195476948;195476952;195477720;195477723;195476956;195477719;195477727;195477721;195476955;195477726;195476949;195476950;195476953;195476954;195567364;195477928;195477927;195477926;195477925,9/12 10:15PM (ARK @ UTAH)
AJ Hill - Showdown Captain Mode (Captain),195476951;195476948;195476952;195477720;195477723;195476956;195477719;195477727;195477721;195476955;195477726;195476949;195476950;195476953;195476954;195567364;195477928;195477927;195477926;195477925,1584025,44095500,AJ Hill,AJ,Hill,11700,CPT,ARK,ARK @ UTAH,09/12/2026 10:15 PM,https://dkn.gs/sports/images/cfb/teams/50/8175.png,ARK @ UTAH,Showdown Captain Mode,CFB,9/12,Captain,"CFB Showdown $6K Air Raid [$2K to 1st] (ARK @ UTAH);CFB Showdown $720 Kick Return [Single Entry, Top 2 Win] (ARK @ UTAH);CFB Showdown $750 First Down (ARK @ UTAH);CFB Showdown $530 Winner Take All [Must Fill] (ARK @ UTAH);CFB Showdown $408 Winner Take All [$1.5K to 1st, Must Fill] (ARK @ UTAH);CFB Showdown $400 Coffin Corner [Single Entry] (ARK @ UTAH);CFB Showdown $267 Winner Take All [Must Fill] (ARK @ UTAH);CFB Showdown Satellite to NHL 11-3 $555 Barn Burner [Must Fill] (ARK @ UTAH);CFB Showdown $100 Winner Take All [$460 to 1st] (Must Fill) (ARK @ UTAH);CFB Showdown $155 White-Out [Single Entry] (ARK @ UTAH)",195476951;195476948;195476952;195477720;195477723;195476956;195477719;195477727;195477721;195476955;195477726;195476949;195476950;195476953;195476954;195567364;195477928;195477927;195477926;195477925,9/12 10:15PM (ARK @ UTAH)
James Jones - Showdown Captain Mode (Captain),195476961;195476957;195477828;195476965;195477831;195477827;195476958;195477835;195477829;195476959;195477834;195476960;195476962;195476963;195476964;195477944;195477943;195477942;195477941;195477940,1516229,44095649,James Jones,James,Jones,11700,CPT,NMST,NMST @ HAW,09/13/2026 12:00 AM,https://dkn.gs/sports/images/cfb/teams/50/7946.png,NMST @ HAW,Showdown Captain Mode,CFB,9/13,Captain,"CFB Showdown $4K Air Raid [$1K to 1st] (NMST @ HAW);CFB Showdown $720 Kick Return [Single Entry, Top 2 Win] (NMST @ HAW);CFB Showdown $530 Winner Take All [Must Fill] (NMST @ HAW);CFB Showdown $200 Redshirt [Single Entry] (NMST @ HAW);CFB Showdown $408 Winner Take All [$1.5K to 1st, Must Fill] (NMST @ HAW);CFB Showdown $267 Winner Take All [Must Fill] (NMST @ HAW);CFB Showdown $155 White-Out [Single Entry] (NMST @ HAW);CFB Showdown Satellite to NHL 11-3 $555 Barn Burner [Must Fill] (NMST @ HAW);CFB Showdown $100 Winner Take All [$460 to 1st] (Must Fill) (NMST @ HAW);CFB Showdown $310 Blitz [Single Entry] (NMST @ HAW)",195476961;195476957;195477828;195476965;195477831;195477827;195476958;195477835;195477829;195476959;195477834;195476960;195476962;195476963;195476964;195477944;195477943;195477942;195477941;195477940,9/13 12:00AM (NMST @ HAW)
Cam Coleman - Showdown Captain Mode (Captain),195582379;195582460;195580463;195582104;195581991;195582352;195477619;195477613;195581177;195478126;195478125;195478124;195478123;195478122;195478121;195478120;195477985;195477986;195478032;195478034,1506067,44095800,Cam Coleman,Cam,Coleman,11400,CPT,TEX,OSU @ TEX,09/12/2026 07:30 PM,https://dkn.gs/sports/images/cfb/teams/50/8240.png,OSU @ TEX,Showdown Captain Mode,CFB,9/12,Captain,"CFB Showdown $240 Huddle [Single Entry] (OSU @ TEX);CFB Showdown $100 Redshirt [Single Entry] (OSU @ TEX);CFB Showdown $408 Winner Take All [$1.5K to 1st, Must Fill] (OSU @ TEX);CFB Showdown $530 Winner Take All [Must Fill] (OSU @ TEX);CFB Showdown $50 Quarter Jukebox [Just $0.25!] (OSU @ TEX);CFB Showdown $267 Winner Take All [Must Fill] (OSU @ TEX);CFB Showdown Satellite to NHL 11-3 $555 Barn Burner [Must Fill] (OSU @ TEX);CFB Showdown $100 Winner Take All [$460 to 1st] (Must Fill) (OSU @ TEX);CFB Showdown Satellite to NHL 9-29 $15 Opening Night Puck Drop [Must Fill] (OSU @ TEX);CFB Showdown Satellite to CFB $555 Mid-Season Main Event (10-10) (OSU @ TEX)",195582379;195582460;195580463;195582104;195581991;195582352;195477619;195477613;195581177;195478126;195478125;195478124;195478123;195478122;195478121;195478120;195477985;195477986;195478032;195478034,9/12 7:30PM (OSU @ TEX)
Micah Alejado - Showdown Captain Mode (Flex),195476961;195476957;195477828;195476965;195477831;195477827;195476958;195477835;195477829;195476959;195477834;195476960;195476962;195476963;195476964;195477944;195477943;195477942;195477941;195477940,1509399,44095571,Micah Alejado,Micah,Alejado,11400,QB,HAW,NMST @ HAW,09/13/2026 12:00 AM,https://dkn.gs/sports/images/cfb/teams/50/8316.png,NMST @ HAW,Showdown Captain Mode,CFB,9/13,Flex,"CFB Showdown $4K Air Raid [$1K to 1st] (NMST @ HAW);CFB Showdown $720 Kick Return [Single Entry, Top 2 Win] (NMST @ HAW);CFB Showdown $530 Winner Take All [Must Fill] (NMST @ HAW);CFB Showdown $200 Redshirt [Single Entry] (NMST @ HAW);CFB Showdown $408 Winner Take All [$1.5K to 1st, Must Fill] (NMST @ HAW);CFB Showdown $267 Winner Take All [Must Fill] (NMST @ HAW);CFB Showdown $155 White-Out [Single Entry] (NMST @ HAW);CFB Showdown Satellite to NHL 11-3 $555 Barn Burner [Must Fill] (NMST @ HAW);CFB Showdown $100 Winner Take All [$460 to 1st] (Must Fill) (NMST @ HAW);CFB Showdown $310 Blitz [Single Entry] (NMST @ HAW)",195476961;195476957;195477828;195476965;195477831;195477827;195476958;195477835;195477829;195476959;195477834;195476960;195476962;195476963;195476964;195477944;195477943;195477942;195477941;195477940,9/13 12:00AM (NMST @ HAW)
Cam Barfield - Showdown Captain Mode (Captain),195476961;195476957;195477828;195476965;195477831;195477827;195476958;195477835;195477829;195476959;195477834;195476960;195476962;195476963;195476964;195477944;195477943;195477942;195477941;195477940,1404178,44095650,Cam Barfield,Cam,Barfield,11400,CPT,HAW,NMST @ HAW,09/13/2026 12:00 AM,https://dkn.gs/sports/images/cfb/teams/50/8316.png,NMST @ HAW,Showdown Captain Mode,CFB,9/13,Captain,"CFB Showdown $4K Air Raid [$1K to 1st] (NMST @ HAW);CFB Showdown $720 Kick Return [Single Entry, Top 2 Win] (NMST @ HAW);CFB Showdown $530 Winner Take All [Must Fill] (NMST @ HAW);CFB Showdown $200 Redshirt [Single Entry] (NMST @ HAW);CFB Showdown $408 Winner Take All [$1.5K to 1st, Must Fill] (NMST @ HAW);CFB Showdown $267 Winner Take All [Must Fill] (NMST @ HAW);CFB Showdown $155 White-Out [Single Entry] (NMST @ HAW);CFB Showdown Satellite to NHL 11-3 $555 Barn Burner [Must Fill] (NMST @ HAW);CFB Showdown $100 Winner Take All [$460 to 1st] (Must Fill) (NMST @ HAW);CFB Showdown $310 Blitz [Single Entry] (NMST @ HAW)",195476961;195476957;195477828;195476965;195477831;195477827;195476958;195477835;195477829;195476959;195477834;195476960;195476962;195476963;195476964;195477944;195477943;195477942;195477941;195477940,9/13 12:00AM (NMST @ HAW)
Ryan Wingo - Showdown Captain Mode (Captain),195582379;195582460;195580463;195582104;195581991;195582352;195477619;195477613;195581177;195478126;195478125;195478124;195478123;195478122;195478121;195478120;195477985;195477986;195478032;195478034,1506377,44095801,Ryan Wingo,Ryan,Wingo,11100,CPT,TEX,OSU @ TEX,09/12/2026 07:30 PM,https://dkn.gs/sports/images/cfb/teams/50/8240.png,OSU @ TEX,Showdown Captain Mode,CFB,9/12,Captain,"CFB Showdown $240 Huddle [Single Entry] (OSU @ TEX);CFB Showdown $100 Redshirt [Single Entry] (OSU @ TEX);CFB Showdown $408 Winner Take All [$1.5K to 1st, Must Fill] (OSU @ TEX);CFB Showdown $530 Winner Take All [Must Fill] (OSU @ TEX);CFB Showdown $50 Quarter Jukebox [Just $0.25!] (OSU @ TEX);CFB Showdown $267 Winner Take All [Must Fill] (OSU @ TEX);CFB Showdown Satellite to NHL 11-3 $555 Barn Burner [Must Fill] (OSU @ TEX);CFB Showdown $100 Winner Take All [$460 to 1st] (Must Fill) (OSU @ TEX);CFB Showdown Satellite to NHL 9-29 $15 Opening Night Puck Drop [Must Fill] (OSU @ TEX);CFB Showdown Satellite to CFB $555 Mid-Season Main Event (10-10) (OSU @ TEX)",195582379;195582460;195580463;195582104;195581991;195582352;195477619;195477613;195581177;195478126;195478125;195478124;195478123;195478122;195478121;195478120;195477985;195477986;195478032;195478034,9/12 7:30PM (OSU @ TEX)
Braden Pegan - Showdown Captain Mode (Captain),195476951;195476948;195476952;195477720;195477723;195476956;195477719;195477727;195477721;195476955;195477726;195476949;195476950;195476953;195476954;195567364;195477928;195477927;195477926;195477925,1405422,44095501,Braden Pegan,Braden,Pegan,11100,CPT,UTAH,ARK @ UTAH,09/12/2026 10:15 PM,https://dkn.gs/sports/images/cfb/teams/50/8341.png,ARK @ UTAH,Showdown Captain Mode,CFB,9/12,Captain,"CFB Showdown $6K Air Raid [$2K to 1st] (ARK @ UTAH);CFB Showdown $720 Kick Return [Single Entry, Top 2 Win] (ARK @ UTAH);CFB Showdown $750 First Down (ARK @ UTAH);CFB Showdown $530 Winner Take All [Must Fill] (ARK @ UTAH);CFB Showdown $408 Winner Take All [$1.5K to 1st, Must Fill] (ARK @ UTAH);CFB Showdown $400 Coffin Corner [Single Entry] (ARK @ UTAH);CFB Showdown $267 Winner Take All [Must Fill] (ARK @ UTAH);CFB Showdown Satellite to NHL 11-3 $555 Barn Burner [Must Fill] (ARK @ UTAH);CFB Showdown $100 Winner Take All [$460 to 1st] (Must Fill) (ARK @ UTAH);CFB Showdown $155 White-Out [Single Entry] (ARK @ UTAH)",195476951;195476948;195476952;195477720;195477723;195476956;195477719;195477727;195477721;195476955;195477726;195476949;195476950;195476953;195476954;195567364;195477928;195477927;195477926;195477925,9/12 10:15PM (ARK @ UTAH)
Adam Damante - Showdown Captain Mode (Captain),195476961;195476957;195477828;195476965;195477831;195477827;195476958;195477835;195477829;195476959;195477834;195476960;195476962;195476963;195476964;195477944;195477943;195477942;195477941;195477940,1453347,44095651,Adam Damante,Adam,Damante,11100,CPT,NMST,NMST @ HAW,09/13/2026 12:00 AM,https://dkn.gs/sports/images/cfb/teams/50/7946.png,NMST @ HAW,Showdown Captain Mode,CFB,9/13,Captain,"CFB Showdown $4K Air Raid [$1K to 1st] (NMST @ HAW);CFB Showdown $720 Kick Return [Single Entry, Top 2 Win] (NMST @ HAW);CFB Showdown $530 Winner Take All [Must Fill] (NMST @ HAW);CFB Showdown $200 Redshirt [Single Entry] (NMST @ HAW);CFB Showdown $408 Winner Take All [$1.5K to 1st, Must Fill] (NMST @ HAW);CFB Showdown $267 Winner Take All [Must Fill] (NMST @ HAW);CFB Showdown $155 White-Out [Single Entry] (NMST @ HAW);CFB Showdown Satellite to NHL 11-3 $555 Barn Burner [Must Fill] (NMST @ HAW);CFB Showdown $100 Winner Take All [$460 to 1st] (Must Fill) (NMST @ HAW);CFB Showdown $310 Blitz [Single Entry] (NMST @ HAW)",195476961;195476957;195477828;195476965;195477831;195477827;195476958;195477835;195477829;195476959;195477834;195476960;195476962;195476963;195476964;195477944;195477943;195477942;195477941;195477940,9/13 12:00AM (NMST @ HAW)
LaMarcus Bell - Showdown Captain Mode (Captain),195476951;195476948;195476952;195477720;195477723;195476956;195477719;195477727;195477721;195476955;195477726;195476949;195476950;195476953;195476954;195567364;195477928;195477927;195477926;195477925,1648191,44095502,LaMarcus Bell,LaMarcus,Bell,10800,CPT,UTAH,ARK @ UTAH,09/12/2026 10:15 PM,https://dkn.gs/sports/images/cfb/teams/50/8341.png,ARK @ UTAH,Showdown Captain Mode,CFB,9/12,Captain,"CFB Showdown $6K Air Raid [$2K to 1st] (ARK @ UTAH);CFB Showdown $720 Kick Return [Single Entry, Top 2 Win] (ARK @ UTAH);CFB Showdown $750 First Down (ARK @ UTAH);CFB Showdown $530 Winner Take All [Must Fill] (ARK @ UTAH);CFB Showdown $408 Winner Take All [$1.5K to 1st, Must Fill] (ARK @ UTAH);CFB Showdown $400 Coffin Corner [Single Entry] (ARK @ UTAH);CFB Showdown $267 Winner Take All [Must Fill] (ARK @ UTAH);CFB Showdown Satellite to NHL 11-3 $555 Barn Burner [Must Fill] (ARK @ UTAH);CFB Showdown $100 Winner Take All [$460 to 1st] (Must Fill) (ARK @ UTAH);CFB Showdown $155 White-Out [Single Entry] (ARK @ UTAH)",195476951;195476948;195476952;195477720;195477723;195476956;195477719;195477727;195477721;195476955;195477726;195476949;195476950;195476953;195476954;195567364;195477928;195477927;195477926;195477925,9/12 10:15PM (ARK @ UTAH)
Tama Uiliata - Showdown Captain Mode (Captain),195476961;195476957;195477828;195476965;195477831;195477827;195476958;195477835;195477829;195476959;195477834;195476960;195476962;195476963;195476964;195477944;195477943;195477942;195477941;195477940,1509411,44095652,Tama Uiliata,Tama,Uiliata,10800,CPT,HAW,NMST @ HAW,09/13/2026 12:00 AM,https://dkn.gs/sports/images/cfb/teams/50/8316.png,NMST @ HAW,Showdown Captain Mode,CFB,9/13,Captain,"CFB Showdown $4K Air Raid [$1K to 1st] (NMST @ HAW);CFB Showdown $720 Kick Return [Single Entry, Top 2 Win] (NMST @ HAW);CFB Showdown $530 Winner Take All [Must Fill] (NMST @ HAW);CFB Showdown $200 Redshirt [Single Entry] (NMST @ HAW);CFB Showdown $408 Winner Take All [$1.5K to 1st, Must Fill] (NMST @ HAW);CFB Showdown $267 Winner Take All [Must Fill] (NMST @ HAW);CFB Showdown $155 White-Out [Single Entry] (NMST @ HAW);CFB Showdown Satellite to NHL 11-3 $555 Barn Burner [Must Fill] (NMST @ HAW);CFB Showdown $100 Winner Take All [$460 to 1st] (Must Fill) (NMST @ HAW);CFB Showdown $310 Blitz [Single Entry] (NMST @ HAW)",195476961;195476957;195477828;195476965;195477831;195477827;195476958;195477835;195477829;195476959;195477834;195476960;195476962;195476963;195476964;195477944;195477943;195477942;195477941;195477940,9/13 12:00AM (NMST @ HAW)
Sutton Smith - Showdown Captain Mode (Captain),195476951;195476948;195476952;195477720;195477723;195476956;195477719;195477727;195477721;195476955;195477726;195476949;195476950;195476953;195476954;195567364;195477928;195477927;195477926;195477925,1400570,44095503,Sutton Smith,Sutton,Smith,10500,CPT,ARK,ARK @ UTAH,09/12/2026 10:15 PM,https://dkn.gs/sports/images/cfb/teams/50/8175.png,ARK @ UTAH,Showdown Captain Mode,CFB,9/12,Captain,"CFB Showdown $6K Air Raid [$2K to 1st] (ARK @ UTAH);CFB Showdown $720 Kick Return [Single Entry, Top 2 Win] (ARK @ UTAH);CFB Showdown $750 First Down (ARK @ UTAH);CFB Showdown $530 Winner Take All [Must Fill] (ARK @ UTAH);CFB Showdown $408 Winner Take All [$1.5K to 1st, Must Fill] (ARK @ UTAH);CFB Showdown $400 Coffin Corner [Single Entry] (ARK @ UTAH);CFB Showdown $267 Winner Take All [Must Fill] (ARK @ UTAH);CFB Showdown Satellite to NHL 11-3 $555 Barn Burner [Must Fill] (ARK @ UTAH);CFB Showdown $100 Winner Take All [$460 to 1st] (Must Fill) (ARK @ UTAH);CFB Showdown $155 White-Out [Single Entry] (ARK @ UTAH)",195476951;195476948;195476952;195477720;195477723;195476956;195477719;195477727;195477721;195476955;195477726;195476949;195476950;195476953;195476954;195567364;195477928;195477927;195477926;195477925,9/12 10:15PM (ARK @ UTAH)
Arch Manning - Showdown Captain Mode (Flex),195582379;195582460;195580463;195582104;195581991;195582352;195477619;195477613;195581177;195478126;195478125;195478124;195478123;195478122;195478121;195478120;195477985;195477986;195478032;195478034,1441363,44095717,Arch Manning,Arch,Manning,10200,QB,TEX,OSU @ TEX,09/12/2026 07:30 PM,https://dkn.gs/sports/images/cfb/teams/50/8240.png,OSU @ TEX,Showdown Captain Mode,CFB,9/12,Flex,"CFB Showdown $240 Huddle [Single Entry] (OSU @ TEX);CFB Showdown $100 Redshirt [Single Entry] (OSU @ TEX);CFB Showdown $408 Winner Take All [$1.5K to 1st, Must Fill] (OSU @ TEX);CFB Showdown $530 Winner Take All [Must Fill] (OSU @ TEX);CFB Showdown $50 Quarter Jukebox [Just $0.25!] (OSU @ TEX);CFB Showdown $267 Winner Take All [Must Fill] (OSU @ TEX);CFB Showdown Satellite to NHL 11-3 $555 Barn Burner [Must Fill] (OSU @ TEX);CFB Showdown $100 Winner Take All [$460 to 1st] (Must Fill) (OSU @ TEX);CFB Showdown Satellite to NHL 9-29 $15 Opening Night Puck Drop [Must Fill] (OSU @ TEX);CFB Showdown Satellite to CFB $555 Mid-Season Main Event (10-10) (OSU @ TEX)",195582379;195582460;195580463;195582104;195581991;195582352;195477619;195477613;195581177;195478126;195478125;195478124;195478123;195478122;195478121;195478120;195477985;195477986;195478032;195478034,9/12 7:30PM (OSU @ TEX)
Raleek Brown - Showdown Captain Mode (Captain),195582379;195582460;195580463;195582104;195581991;195582352;195477619;195477613;195581177;195478126;195478125;195478124;195478123;195478122;195478121;195478120;195477985;195477986;195478032;195478034,1401098,44095802,Raleek Brown,Raleek,Brown,10200,CPT,TEX,OSU @ TEX,09/12/2026 07:30 PM,https://dkn.gs/sports/images/cfb/teams/50/8240.png,OSU @ TEX,Showdown Captain Mode,CFB,9/12,Captain,"CFB Showdown $240 Huddle [Single Entry] (OSU @ TEX);CFB Showdown $100 Redshirt [Single Entry] (OSU @ TEX);CFB Showdown $408 Winner Take All [$1.5K to 1st, Must Fill] (OSU @ TEX);CFB Showdown $530 Winner Take All [Must Fill] (OSU @ TEX);CFB Showdown $50 Quarter Jukebox [Just $0.25!] (OSU @ TEX);CFB Showdown $267 Winner Take All [Must Fill] (OSU @ TEX);CFB Showdown Satellite to NHL 11-3 $555 Barn Burner [Must Fill] (OSU @ TEX);CFB Showdown $100 Winner Take All [$460 to 1st] (Must Fill) (OSU @ TEX);CFB Showdown Satellite to NHL 9-29 $15 Opening Night Puck Drop [Must Fill] (OSU @ TEX);CFB Showdown Satellite to CFB $555 Mid-Season Main Event (10-10) (OSU @ TEX)",195582379;195582460;195580463;195582104;195581991;195582352;195477619;195477613;195581177;195478126;195478125;195478124;195478123;195478122;195478121;195478120;195477985;195477986;195478032;195478034,9/12 7:30PM (OSU @ TEX)
TK King - Showdown Captain Mode (Captain),195476961;195476957;195477828;195476965;195477831;195477827;195476958;195477835;195477829;195476959;195477834;195476960;195476962;195476963;195476964;195477944;195477943;195477942;195477941;195477940,1389629,44095653,TK King,TK,King,10200,CPT,NMST,NMST @ HAW,09/13/2026 12:00 AM,https://dkn.gs/sports/images/cfb/teams/50/7946.png,NMST @ HAW,Showdown Captain Mode,CFB,9/13,Captain,"CFB Showdown $4K Air Raid [$1K to 1st] (NMST @ HAW);CFB Showdown $720 Kick Return [Single Entry, Top 2 Win] (NMST @ HAW);CFB Showdown $530 Winner Take All [Must Fill] (NMST @ HAW);CFB Showdown $200 Redshirt [Single Entry] (NMST @ HAW);CFB Showdown $408 Winner Take All [$1.5K to 1st, Must Fill] (NMST @ HAW);CFB Showdown $267 Winner Take All [Must Fill] (NMST @ HAW);CFB Showdown $155 White-Out [Single Entry] (NMST @ HAW);CFB Showdown Satellite to NHL 11-3 $555 Barn Burner [Must Fill] (NMST @ HAW);CFB Showdown $100 Winner Take All [$460 to 1st] (Must Fill) (NMST @ HAW);CFB Showdown $310 Blitz [Single Entry] (NMST @ HAW)",195476961;195476957;195477828;195476965;195477831;195477827;195476958;195477835;195477829;195476959;195477834;195476960;195476962;195476963;195476964;195477944;195477943;195477942;195477941;195477940,9/13 12:00AM (NMST @ HAW)
Julian Sayin - Showdown Captain Mode (Flex),195582379;195582460;195580463;195582104;195581991;195582352;195477619;195477613;195581177;195478126;195478125;195478124;195478123;195478122;195478121;195478120;195477985;195477986;195478032;195478034,1508833,44095718,Julian Sayin,Julian,Sayin,10000,QB,OSU,OSU @ TEX,09/12/2026 07:30 PM,https://dkn.gs/sports/images/cfb/teams/50/7874.png,OSU @ TEX,Showdown Captain Mode,CFB,9/12,Flex,"CFB Showdown $240 Huddle [Single Entry] (OSU @ TEX);CFB Showdown $100 Redshirt [Single Entry] (OSU @ TEX);CFB Showdown $408 Winner Take All [$1.5K to 1st, Must Fill] (OSU @ TEX);CFB Showdown $530 Winner Take All [Must Fill] (OSU @ TEX);CFB Showdown $50 Quarter Jukebox [Just $0.25!] (OSU @ TEX);CFB Showdown $267 Winner Take All [Must Fill] (OSU @ TEX);CFB Showdown Satellite to NHL 11-3 $555 Barn Burner [Must Fill] (OSU @ TEX);CFB Showdown $100 Winner Take All [$460 to 1st] (Must Fill) (OSU @ TEX);CFB Showdown Satellite to NHL 9-29 $15 Opening Night Puck Drop [Must Fill] (OSU @ TEX);CFB Showdown Satellite to CFB $555 Mid-Season Main Event (10-10) (OSU @ TEX)",195582379;195582460;195580463;195582104;195581991;195582352;195477619;195477613;195581177;195478126;195478125;195478124;195478123;195478122;195478121;195478120;195477985;195477986;195478032;195478034,9/12 7:30PM (OSU @ TEX)
Braylen Russell - Showdown Captain Mode (Captain),195476951;195476948;195476952;195477720;195477723;195476956;195477719;195477727;195477721;195476955;195477726;195476949;195476950;195476953;195476954;195567364;195477928;195477927;195477926;195477925,1506059,44095504,Braylen Russell,Braylen,Russell,9900,CPT,ARK,ARK @ UTAH,09/12/2026 10:15 PM,https://dkn.gs/sports/images/cfb/teams/50/8175.png,ARK @ UTAH,Showdown Captain Mode,CFB,9/12,Captain,"CFB Showdown $6K Air Raid [$2K to 1st] (ARK @ UTAH);CFB Showdown $720 Kick Return [Single Entry, Top 2 Win] (ARK @ UTAH);CFB Showdown $750 First Down (ARK @ UTAH);CFB Showdown $530 Winner Take All [Must Fill] (ARK @ UTAH);CFB Showdown $408 Winner Take All [$1.5K to 1st, Must Fill] (ARK @ UTAH);CFB Showdown $400 Coffin Corner [Single Entry] (ARK @ UTAH);CFB Showdown $267 Winner Take All [Must Fill] (ARK @ UTAH);CFB Showdown Satellite to NHL 11-3 $555 Barn Burner [Must Fill] (ARK @ UTAH);CFB Showdown $100 Winner Take All [$460 to 1st] (Must Fill) (ARK @ UTAH);CFB Showdown $155 White-Out [Single Entry] (ARK @ UTAH)",195476951;195476948;195476952;195477720;195477723;195476956;195477719;195477727;195477721;195476955;195477726;195476949;195476950;195476953;195476954;195567364;195477928;195477927;195477926;195477925,9/12 10:15PM (ARK @ UTAH)
Byrd Ficklin - Showdown Captain Mode (Flex),195476951;195476948;195476952;195477720;195477723;195476956;195477719;195477727;195477721;195476955;195477726;195476949;195476950;195476953;195476954;195567364;195477928;195477927;195477926;195477925,1582977,44095420,Byrd Ficklin,Byrd,Ficklin,9800,QB,UTAH,ARK @ UTAH,09/12/2026 10:15 PM,https://dkn.gs/sports/images/cfb/teams/50/8341.png,ARK @ UTAH,Showdown Captain Mode,CFB,9/12,Flex,"CFB Showdown $6K Air Raid [$2K to 1st] (ARK @ UTAH);CFB Showdown $720 Kick Return [Single Entry, Top 2 Win] (ARK @ UTAH);CFB Showdown $750 First Down (ARK @ UTAH);CFB Showdown $530 Winner Take All [Must Fill] (ARK @ UTAH);CFB Showdown $408 Winner Take All [$1.5K to 1st, Must Fill] (ARK @ UTAH);CFB Showdown $400 Coffin Corner [Single Entry] (ARK @ UTAH);CFB Showdown $267 Winner Take All [Must Fill] (ARK @ UTAH);CFB Showdown Satellite to NHL 11-3 $555 Barn Burner [Must Fill] (ARK @ UTAH);CFB Showdown $100 Winner Take All [$460 to 1st] (Must Fill) (ARK @ UTAH);CFB Showdown $155 White-Out [Single Entry] (ARK @ UTAH)",195476951;195476948;195476952;195477720;195477723;195476956;195477719;195477727;195477721;195476955;195477726;195476949;195476950;195476953;195476954;195567364;195477928;195477927;195477926;195477925,9/12 10:15PM (ARK @ UTAH)
Devin McCuin - Showdown Captain Mode (Captain),195582379;195582460;195580463;195582104;195581991;195582352;195477619;195477613;195581177;195478126;195478125;195478124;195478123;195478122;195478121;195478120;195477985;195477986;195478032;195478034,1460651,44095803,Devin McCuin,Devin,McCuin,9600,CPT,OSU,OSU @ TEX,09/12/2026 07:30 PM,https://dkn.gs/sports/images/cfb/teams/50/7874.png,OSU @ TEX,Showdown Captain Mode,CFB,9/12,Captain,"CFB Showdown $240 Huddle [Single Entry] (OSU @ TEX);CFB Showdown $100 Redshirt [Single Entry] (OSU @ TEX);CFB Showdown $408 Winner Take All [$1.5K to 1st, Must Fill] (OSU @ TEX);CFB Showdown $530 Winner Take All [Must Fill] (OSU @ TEX);CFB Showdown $50 Quarter Jukebox [Just $0.25!] (OSU @ TEX);CFB Showdown $267 Winner Take All [Must Fill] (OSU @ TEX);CFB Showdown Satellite to NHL 11-3 $555 Barn Burner [Must Fill] (OSU @ TEX);CFB Showdown $100 Winner Take All [$460 to 1st] (Must Fill) (OSU @ TEX);CFB Showdown Satellite to NHL 9-29 $15 Opening Night Puck Drop [Must Fill] (OSU @ TEX);CFB Showdown Satellite to CFB $555 Mid-Season Main Event (10-10) (OSU @ TEX)",195582379;195582460;195580463;195582104;195581991;195582352;195477619;195477613;195581177;195478126;195478125;195478124;195478123;195478122;195478121;195478120;195477985;195477986;195478032;195478034,9/12 7:30PM (OSU @ TEX)
Kyri Shoels - Showdown Captain Mode (Captain),195476951;195476948;195476952;195477720;195477723;195476956;195477719;195477727;195477721;195476955;195477726;195476949;195476950;195476953;195476954;195567364;195477928;195477927;195477926;195477925,1519601,44095505,Kyri Shoels,Kyri,Shoels,9600,CPT,UTAH,ARK @ UTAH,09/12/2026 10:15 PM,https://dkn.gs/sports/images/cfb/teams/50/8341.png,ARK @ UTAH,Showdown Captain Mode,CFB,9/12,Captain,"CFB Showdown $6K Air Raid [$2K to 1st] (ARK @ UTAH);CFB Showdown $720 Kick Return [Single Entry, Top 2 Win] (ARK @ UTAH);CFB Showdown $750 First Down (ARK @ UTAH);CFB Showdown $530 Winner Take All [Must Fill] (ARK @ UTAH);CFB Showdown $408 Winner Take All [$1.5K to 1st, Must Fill] (ARK @ UTAH);CFB Showdown $400 Coffin Corner [Single Entry] (ARK @ UTAH);CFB Showdown $267 Winner Take All [Must Fill] (ARK @ UTAH);CFB Showdown Satellite to NHL 11-3 $555 Barn Burner [Must Fill] (ARK @ UTAH);CFB Showdown $100 Winner Take All [$460 to 1st] (Must Fill) (ARK @ UTAH);CFB Showdown $155 White-Out [Single Entry] (ARK @ UTAH)",195476951;195476948;195476952;195477720;195477723;195476956;195477719;195477727;195477721;195476955;195477726;195476949;195476950;195476953;195476954;195567364;195477928;195477927;195477926;195477925,9/12 10:15PM (ARK @ UTAH)
TJ Washington Jr. - Showdown Captain Mode (Captain),195476961;195476957;195477828;195476965;195477831;195477827;195476958;195477835;195477829;195476959;195477834;195476960;195476962;195476963;195476964;195477944;195477943;195477942;195477941;195477940,1442761,44095654,TJ Washington Jr.,TJ,Washington Jr.,9600,CPT,NMST,NMST @ HAW,09/13/2026 12:00 AM,https://dkn.gs/sports/images/cfb/teams/50/7946.png,NMST @ HAW,Showdown Captain Mode,CFB,9/13,Captain,"CFB Showdown $4K Air Raid [$1K to 1st] (NMST @ HAW);CFB Showdown $720 Kick Return [Single Entry, Top 2 Win] (NMST @ HAW);CFB Showdown $530 Winner Take All [Must Fill] (NMST @ HAW);CFB Showdown $200 Redshirt [Single Entry] (NMST @ HAW);CFB Showdown $408 Winner Take All [$1.5K to 1st, Must Fill] (NMST @ HAW);CFB Showdown $267 Winner Take All [Must Fill] (NMST @ HAW);CFB Showdown $155 White-Out [Single Entry] (NMST @ HAW);CFB Showdown Satellite to NHL 11-3 $555 Barn Burner [Must Fill] (NMST @ HAW);CFB Showdown $100 Winner Take All [$460 to 1st] (Must Fill) (NMST @ HAW);CFB Showdown $310 Blitz [Single Entry] (NMST @ HAW)",195476961;195476957;195477828;195476965;195477831;195477827;195476958;195477835;195477829;195476959;195477834;195476960;195476962;195476963;195476964;195477944;195477943;195477942;195477941;195477940,9/13 12:00AM (NMST @ HAW)
Jeremiah Smith - Showdown Captain Mode (Flex),195582379;195582460;195580463;195582104;195581991;195582352;195477619;195477613;195581177;195478126;195478125;195478124;195478123;195478122;195478121;195478120;195477985;195477986;195478032;195478034,1508831,44095719,Jeremiah Smith,Jeremiah,Smith,9400,WR,OSU,OSU @ TEX,09/12/2026 07:30 PM,https://dkn.gs/sports/images/cfb/teams/50/7874.png,OSU @ TEX,Showdown Captain Mode,CFB,9/12,Flex,"CFB Showdown $240 Huddle [Single Entry] (OSU @ TEX);CFB Showdown $100 Redshirt [Single Entry] (OSU @ TEX);CFB Showdown $408 Winner Take All [$1.5K to 1st, Must Fill] (OSU @ TEX);CFB Showdown $530 Winner Take All [Must Fill] (OSU @ TEX);CFB Showdown $50 Quarter Jukebox [Just $0.25!] (OSU @ TEX);CFB Showdown $267 Winner Take All [Must Fill] (OSU @ TEX);CFB Showdown Satellite to NHL 11-3 $555 Barn Burner [Must Fill] (OSU @ TEX);CFB Showdown $100 Winner Take All [$460 to 1st] (Must Fill) (OSU @ TEX);CFB Showdown Satellite to NHL 9-29 $15 Opening Night Puck Drop [Must Fill] (OSU @ TEX);CFB Showdown Satellite to CFB $555 Mid-Season Main Event (10-10) (OSU @ TEX)",195582379;195582460;195580463;195582104;195581991;195582352;195477619;195477613;195581177;195478126;195478125;195478124;195478123;195478122;195478121;195478120;195477985;195477986;195478032;195478034,9/12 7:30PM (OSU @ TEX)
KJ Jackson - Showdown Captain Mode (Flex),195476951;195476948;195476952;195477720;195477723;195476956;195477719;195477727;195477721;195476955;195477726;195476949;195476950;195476953;195476954;195567364;195477928;195477927;195477926;195477925,1506081,44095421,KJ Jackson,KJ,Jackson,9400,QB,ARK,ARK @ UTAH,09/12/2026 10:15 PM,https://dkn.gs/sports/images/cfb/teams/50/8175.png,ARK @ UTAH,Showdown Captain Mode,CFB,9/12,Flex,"CFB Showdown $6K Air Raid [$2K to 1st] (ARK @ UTAH);CFB Showdown $720 Kick Return [Single Entry, Top 2 Win] (ARK @ UTAH);CFB Showdown $750 First Down (ARK @ UTAH);CFB Showdown $530 Winner Take All [Must Fill] (ARK @ UTAH);CFB Showdown $408 Winner Take All [$1.5K to 1st, Must Fill] (ARK @ UTAH);CFB Showdown $400 Coffin Corner [Single Entry] (ARK @ UTAH);CFB Showdown $267 Winner Take All [Must Fill] (ARK @ UTAH);CFB Showdown Satellite to NHL 11-3 $555 Barn Burner [Must Fill] (ARK @ UTAH);CFB Showdown $100 Winner Take All [$460 to 1st] (Must Fill) (ARK @ UTAH);CFB Showdown $155 White-Out [Single Entry] (ARK @ UTAH)",195476951;195476948;195476952;195477720;195477723;195476956;195477719;195477727;195477721;195476955;195477726;195476949;195476950;195476953;195476954;195567364;195477928;195477927;195477926;195477925,9/12 10:15PM (ARK @ UTAH)
Bjorn Jurgensen - Showdown Captain Mode (Flex),195476961;195476957;195477828;195476965;195477831;195477827;195476958;195477835;195477829;195476959;195477834;195476960;195476962;195476963;195476964;195477944;195477943;195477942;195477941;195477940,1583196,44095572,Bjorn Jurgensen,Bjorn,Jurgensen,9400,QB,HAW,NMST @ HAW,09/13/2026 12:00 AM,https://dkn.gs/sports/images/cfb/teams/50/8316.png,NMST @ HAW,Showdown Captain Mode,CFB,9/13,Flex,"CFB Showdown $4K Air Raid [$1K to 1st] (NMST @ HAW);CFB Showdown $720 Kick Return [Single Entry, Top 2 Win] (NMST @ HAW);CFB Showdown $530 Winner Take All [Must Fill] (NMST @ HAW);CFB Showdown $200 Redshirt [Single Entry] (NMST @ HAW);CFB Showdown $408 Winner Take All [$1.5K to 1st, Must Fill] (NMST @ HAW);CFB Showdown $267 Winner Take All [Must Fill] (NMST @ HAW);CFB Showdown $155 White-Out [Single Entry] (NMST @ HAW);CFB Showdown Satellite to NHL 11-3 $555 Barn Burner [Must Fill] (NMST @ HAW);CFB Showdown $100 Winner Take All [$460 to 1st] (Must Fill) (NMST @ HAW);CFB Showdown $310 Blitz [Single Entry] (NMST @ HAW)",195476961;195476957;195477828;195476965;195477831;195477827;195476958;195477835;195477829;195476959;195477834;195476960;195476962;195476963;195476964;195477944;195477943;195477942;195477941;195477940,9/13 12:00AM (NMST @ HAW)
Jayden Maiava - Night,195377008;195377010;195377006;195377018;195377004;195377009;195470707;195470708;195377016;195377011;195386816;195386815;195377007;195377014;195377005;195377012;195386812;195386809;195386808;195386810,1398514,44082663,Jayden Maiava,Jayden,Maiava,9000,QB,USC,ULL @ USC,09/12/2026 11:00 PM,https://dkn.gs/sports/images/cfb/teams/50/8080.png,ULL @ USC,Night,CFB,9/12,Standard,CFB $20K Hook and Ladder [$5K to 1st] (Late Night);CFB $35K Late Night Snack [$10K to 1st] (Late Night);CFB $4K First Down (Late Night);CFB $3K Coffin Corner [Single Entry] (Late Night);CFB $2.4K Big House [Single Entry] (Late Night);CFB $2K Tailgate [3 Entry Max] (Late Night);CFB $50K Pocket Cup Qualifier #34 (Late Night);CFB $50K Pocket Cup Qualifier #35 (Late Night);CFB $1.8K Kick Return [Single Entry] (Late Night);CFB $1.5K Fourth Down Conversion (Late Night),195377008;195377010;195377006;195377018;195377004;195377009;195470707;195470708;195377016;195377011;195386816;195386815;195377007;195377014;195377005;195377012;195386812;195386809;195386808;195386810,"9/12 10:00PM, 4 Games"
Luke Dunham - Showdown Captain Mode (Captain),195582379;195582460;195580463;195582104;195581991;195582352;195477619;195477613;195581177;195478126;195478125;195478124;195478123;195478122;195478121;195478120;195477985;195477986;195478032;195478034,1597666,44095804,Luke Dunham,Luke,Dunham,9000,CPT,TEX,OSU @ TEX,09/12/2026 07:30 PM,https://dkn.gs/sports/images/cfb/teams/50/8240.png,OSU @ TEX,Showdown Captain Mode,CFB,9/12,Captain,"CFB Showdown $240 Huddle [Single Entry] (OSU @ TEX);CFB Showdown $100 Redshirt [Single Entry] (OSU @ TEX);CFB Showdown $408 Winner Take All [$1.5K to 1st, Must Fill] (OSU @ TEX);CFB Showdown $530 Winner Take All [Must Fill] (OSU @ TEX);CFB Showdown $50 Quarter Jukebox [Just $0.25!] (OSU @ TEX);CFB Showdown $267 Winner Take All [Must Fill] (OSU @ TEX);CFB Showdown Satellite to NHL 11-3 $555 Barn Burner [Must Fill] (OSU @ TEX);CFB Showdown $100 Winner Take All [$460 to 1st] (Must Fill) (OSU @ TEX);CFB Showdown Satellite to NHL 9-29 $15 Opening Night Puck Drop [Must Fill] (OSU @ TEX);CFB Showdown Satellite to CFB $555 Mid-Season Main Event (10-10) (OSU @ TEX)",195582379;195582460;195580463;195582104;195581991;195582352;195477619;195477613;195581177;195478126;195478125;195478124;195478123;195478122;195478121;195478120;195477985;195477986;195478032;195478034,9/12 7:30PM (OSU @ TEX)
Luke Fahey - Showdown Captain Mode (Captain),195582379;195582460;195580463;195582104;195581991;195582352;195477619;195477613;195581177;195478126;195478125;195478124;195478123;195478122;195478121;195478120;195477985;195477986;195478032;195478034,1649755,44095805,Luke Fahey,Luke,Fahey,9000,CPT,OSU,OSU @ TEX,09/12/2026 07:30 PM,https://dkn.gs/sports/images/cfb/teams/50/7874.png,OSU @ TEX,Showdown Captain Mode,CFB,9/12,Captain,"CFB Showdown $240 Huddle [Single Entry] (OSU @ TEX);CFB Showdown $100 Redshirt [Single Entry] (OSU @ TEX);CFB Showdown $408 Winner Take All [$1.5K to 1st, Must Fill] (OSU @ TEX);CFB Showdown $530 Winner Take All [Must Fill] (OSU @ TEX);CFB Showdown $50 Quarter Jukebox [Just $0.25!] (OSU @ TEX);CFB Showdown $267 Winner Take All [Must Fill] (OSU @ TEX);CFB Showdown Satellite to NHL 11-3 $555 Barn Burner [Must Fill] (OSU @ TEX);CFB Showdown $100 Winner Take All [$460 to 1st] (Must Fill) (OSU @ TEX);CFB Showdown Satellite to NHL 9-29 $15 Opening Night Puck Drop [Must Fill] (OSU @ TEX);CFB Showdown Satellite to CFB $555 Mid-Season Main Event (10-10) (OSU @ TEX)",195582379;195582460;195580463;195582104;195581991;195582352;195477619;195477613;195581177;195478126;195478125;195478124;195478123;195478122;195478121;195478120;195477985;195477986;195478032;195478034,9/12 7:30PM (OSU @ TEX)
Justyn Martin - Showdown Captain Mode (Captain),195582379;195582460;195580463;195582104;195581991;195582352;195477619;195477613;195581177;195478126;195478125;195478124;195478123;195478122;195478121;195478120;195477985;195477986;195478032;195478034,1384735,44095806,Justyn Martin,Justyn,Martin,9000,CPT,OSU,OSU @ TEX,09/12/2026 07:30 PM,https://dkn.gs/sports/images/cfb/teams/50/7874.png,OSU @ TEX,Showdown Captain Mode,CFB,9/12,Captain,"CFB Showdown $240 Huddle [Single Entry] (OSU @ TEX);CFB Showdown $100 Redshirt [Single Entry] (OSU @ TEX);CFB Showdown $408 Winner Take All [$1.5K to 1st, Must Fill] (OSU @ TEX);CFB Showdown $530 Winner Take All [Must Fill] (OSU @ TEX);CFB Showdown $50 Quarter Jukebox [Just $0.25!] (OSU @ TEX);CFB Showdown $267 Winner Take All [Must Fill] (OSU @ TEX);CFB Showdown Satellite to NHL 11-3 $555 Barn Burner [Must Fill] (OSU @ TEX);CFB Showdown $100 Winner Take All [$460 to 1st] (Must Fill) (OSU @ TEX);CFB Showdown Satellite to NHL 9-29 $15 Opening Night Puck Drop [Must Fill] (OSU @ TEX);CFB Showdown Satellite to CFB $555 Mid-Season Main Event (10-10) (OSU @ TEX)",195582379;195582460;195580463;195582104;195581991;195582352;195477619;195477613;195581177;195478126;195478125;195478124;195478123;195478122;195478121;195478120;195477985;195477986;195478032;195478034,9/12 7:30PM (OSU @ TEX)
Kolton Stover - Showdown Captain Mode (Captain),195582379;195582460;195580463;195582104;195581991;195582352;195477619;195477613;195581177;195478126;195478125;195478124;195478123;195478122;195478121;195478120;195477985;195477986;195478032;195478034,1601189,44095807,Kolton Stover,Kolton,Stover,9000,CPT,OSU,OSU @ TEX,09/12/2026 07:30 PM,https://dkn.gs/sports/images/cfb/teams/50/7874.png,OSU @ TEX,Showdown Captain Mode,CFB,9/12,Captain,"CFB Showdown $240 Huddle [Single Entry] (OSU @ TEX);CFB Showdown $100 Redshirt [Single Entry] (OSU @ TEX);CFB Showdown $408 Winner Take All [$1.5K to 1st, Must Fill] (OSU @ TEX);CFB Showdown $530 Winner Take All [Must Fill] (OSU @ TEX);CFB Showdown $50 Quarter Jukebox [Just $0.25!] (OSU @ TEX);CFB Showdown $267 Winner Take All [Must Fill] (OSU @ TEX);CFB Showdown Satellite to NHL 11-3 $555 Barn Burner [Must Fill] (OSU @ TEX);CFB Showdown $100 Winner Take All [$460 to 1st] (Must Fill) (OSU @ TEX);CFB Showdown Satellite to NHL 9-29 $15 Opening Night Puck Drop [Must Fill] (OSU @ TEX);CFB Showdown Satellite to CFB $555 Mid-Season Main Event (10-10) (OSU @ TEX)",195582379;195582460;195580463;195582104;195581991;195582352;195477619;195477613;195581177;195478126;195478125;195478124;195478123;195478122;195478121;195478120;195477985;195477986;195478032;195478034,9/12 7:30PM (OSU @ TEX)
Brady Geibel - Showdown Captain Mode (Captain),195582379;195582460;195580463;195582104;195581991;195582352;195477619;195477613;195581177;195478126;195478125;195478124;195478123;195478122;195478121;195478120;195477985;195477986;195478032;195478034,1595880,44095808,Brady Geibel,Brady,Geibel,9000,CPT,OSU,OSU @ TEX,09/12/2026 07:30 PM,https://dkn.gs/sports/images/cfb/teams/50/7874.png,OSU @ TEX,Showdown Captain Mode,CFB,9/12,Captain,"CFB Showdown $240 Huddle [Single Entry] (OSU @ TEX);CFB Showdown $100 Redshirt [Single Entry] (OSU @ TEX);CFB Showdown $408 Winner Take All [$1.5K to 1st, Must Fill] (OSU @ TEX);CFB Showdown $530 Winner Take All [Must Fill] (OSU @ TEX);CFB Showdown $50 Quarter Jukebox [Just $0.25!] (OSU @ TEX);CFB Showdown $267 Winner Take All [Must Fill] (OSU @ TEX);CFB Showdown Satellite to NHL 11-3 $555 Barn Burner [Must Fill] (OSU @ TEX);CFB Showdown $100 Winner Take All [$460 to 1st] (Must Fill) (OSU @ TEX);CFB Showdown Satellite to NHL 9-29 $15 Opening Night Puck Drop [Must Fill] (OSU @ TEX);CFB Showdown Satellite to CFB $555 Mid-Season Main Event (10-10) (OSU @ TEX)",195582379;195582460;195580463;195582104;195581991;195582352;195477619;195477613;195581177;195478126;195478125;195478124;195478123;195478122;195478121;195478120;195477985;195477986;195478032;195478034,9/12 7:30PM (OSU @ TEX)
MJ Morris - Showdown Captain Mode (Captain),195582379;195582460;195580463;195582104;195581991;195582352;195477619;195477613;195581177;195478126;195478125;195478124;195478123;195478122;195478121;195478120;195477985;195477986;195478032;195478034,1389726,44095809,MJ Morris,MJ,Morris,9000,CPT,TEX,OSU @ TEX,09/12/2026 07:30 PM,https://dkn.gs/sports/images/cfb/teams/50/8240.png,OSU @ TEX,Showdown Captain Mode,CFB,9/12,Captain,"CFB Showdown $240 Huddle [Single Entry] (OSU @ TEX);CFB Showdown $100 Redshirt [Single Entry] (OSU @ TEX);CFB Showdown $408 Winner Take All [$1.5K to 1st, Must Fill] (OSU @ TEX);CFB Showdown $530 Winner Take All [Must Fill] (OSU @ TEX);CFB Showdown $50 Quarter Jukebox [Just $0.25!] (OSU @ TEX);CFB Showdown $267 Winner Take All [Must Fill] (OSU @ TEX);CFB Showdown Satellite to NHL 11-3 $555 Barn Burner [Must Fill] (OSU @ TEX);CFB Showdown $100 Winner Take All [$460 to 1st] (Must Fill) (OSU @ TEX);CFB Showdown Satellite to NHL 9-29 $15 Opening Night Puck Drop [Must Fill] (OSU @ TEX);CFB Showdown Satellite to CFB $555 Mid-Season Main Event (10-10) (OSU @ TEX)",195582379;195582460;195580463;195582104;195581991;195582352;195477619;195477613;195581177;195478126;195478125;195478124;195478123;195478122;195478121;195478120;195477985;195477986;195478032;195478034,9/12 7:30PM (OSU @ TEX)
Dia Bell - Showdown Captain Mode (Captain),195582379;195582460;195580463;195582104;195581991;195582352;195477619;195477613;195581177;195478126;195478125;195478124;195478123;195478122;195478121;195478120;195477985;195477986;195478032;195478034,1645901,44095810,Dia Bell,Dia,Bell,9000,CPT,TEX,OSU @ TEX,09/12/2026 07:30 PM,https://dkn.gs/sports/images/cfb/teams/50/8240.png,OSU @ TEX,Showdown Captain Mode,CFB,9/12,Captain,"CFB Showdown $240 Huddle [Single Entry] (OSU @ TEX);CFB Showdown $100 Redshirt [Single Entry] (OSU @ TEX);CFB Showdown $408 Winner Take All [$1.5K to 1st, Must Fill] (OSU @ TEX);CFB Showdown $530 Winner Take All [Must Fill] (OSU @ TEX);CFB Showdown $50 Quarter Jukebox [Just $0.25!] (OSU @ TEX);CFB Showdown $267 Winner Take All [Must Fill] (OSU @ TEX);CFB Showdown Satellite to NHL 11-3 $555 Barn Burner [Must Fill] (OSU @ TEX);CFB Showdown $100 Winner Take All [$460 to 1st] (Must Fill) (OSU @ TEX);CFB Showdown Satellite to NHL 9-29 $15 Opening Night Puck Drop [Must Fill] (OSU @ TEX);CFB Showdown Satellite to CFB $555 Mid-Season Main Event (10-10) (OSU @ TEX)",195582379;195582460;195580463;195582104;195581991;195582352;195477619;195477613;195581177;195478126;195478125;195478124;195478123;195478122;195478121;195478120;195477985;195477986;195478032;195478034,9/12 7:30PM (OSU @ TEX)
Ryan Niblett - Showdown Captain Mode (Captain),195582379;195582460;195580463;195582104;195581991;195582352;195477619;195477613;195581177;195478126;195478125;195478124;195478123;195478122;195478121;195478120;195477985;195477986;195478032;195478034,1455743,44095811,Ryan Niblett,Ryan,Niblett,9000,CPT,TEX,OSU @ TEX,09/12/2026 07:30 PM,https://dkn.gs/sports/images/cfb/teams/50/8240.png,OSU @ TEX,Showdown Captain Mode,CFB,9/12,Captain,"CFB Showdown $240 Huddle [Single Entry] (OSU @ TEX);CFB Showdown $100 Redshirt [Single Entry] (OSU @ TEX);CFB Showdown $408 Winner Take All [$1.5K to 1st, Must Fill] (OSU @ TEX);CFB Showdown $530 Winner Take All [Must Fill] (OSU @ TEX);CFB Showdown $50 Quarter Jukebox [Just $0.25!] (OSU @ TEX);CFB Showdown $267 Winner Take All [Must Fill] (OSU @ TEX);CFB Showdown Satellite to NHL 11-3 $555 Barn Burner [Must Fill] (OSU @ TEX);CFB Showdown $100 Winner Take All [$460 to 1st] (Must Fill) (OSU @ TEX);CFB Showdown Satellite to NHL 9-29 $15 Opening Night Puck Drop [Must Fill] (OSU @ TEX);CFB Showdown Satellite to CFB $555 Mid-Season Main Event (10-10) (OSU @ TEX)",195582379;195582460;195580463;195582104;195581991;195582352;195477619;195477613;195581177;195478126;195478125;195478124;195478123;195478122;195478121;195478120;195477985;195477986;195478032;195478034,9/12 7:30PM (OSU @ TEX)
Kane Archer - Showdown Captain Mode (Captain),195476951;195476948;195476952;195477720;195477723;195476956;195477719;195477727;195477721;195476955;195477726;195476949;195476950;195476953;195476954;195567364;195477928;195477927;195477926;195477925,1647842,44095506,Kane Archer,Kane,Archer,9000,CPT,UTAH,ARK @ UTAH,09/12/2026 10:15 PM,https://dkn.gs/sports/images/cfb/teams/50/8341.png,ARK @ UTAH,Showdown Captain Mode,CFB,9/12,Captain,"CFB Showdown $6K Air Raid [$2K to 1st] (ARK @ UTAH);CFB Showdown $720 Kick Return [Single Entry, Top 2 Win] (ARK @ UTAH);CFB Showdown $750 First Down (ARK @ UTAH);CFB Showdown $530 Winner Take All [Must Fill] (ARK @ UTAH);CFB Showdown $408 Winner Take All [$1.5K to 1st, Must Fill] (ARK @ UTAH);CFB Showdown $400 Coffin Corner [Single Entry] (ARK @ UTAH);CFB Showdown $267 Winner Take All [Must Fill] (ARK @ UTAH);CFB Showdown Satellite to NHL 11-3 $555 Barn Burner [Must Fill] (ARK @ UTAH);CFB Showdown $100 Winner Take All [$460 to 1st] (Must Fill) (ARK @ UTAH);CFB Showdown $155 White-Out [Single Entry] (ARK @ UTAH)",195476951;195476948;195476952;195477720;195477723;195476956;195477719;195477727;195477721;195476955;195477726;195476949;195476950;195476953;195476954;195567364;195477928;195477927;195477926;195477925,9/12 10:15PM (ARK @ UTAH)
Braeden Fuller - Showdown Captain Mode (Captain),195476951;195476948;195476952;195477720;195477723;195476956;195477719;195477727;195477721;195476955;195477726;195476949;195476950;195476953;195476954;195567364;195477928;195477927;195477926;195477925,1647519,44095507,Braeden Fuller,Braeden,Fuller,9000,CPT,ARK,ARK @ UTAH,09/12/2026 10:15 PM,https://dkn.gs/sports/images/cfb/teams/50/8175.png,ARK @ UTAH,Showdown Captain Mode,CFB,9/12,Captain,"CFB Showdown $6K Air Raid [$2K to 1st] (ARK @ UTAH);CFB Showdown $720 Kick Return [Single Entry, Top 2 Win] (ARK @ UTAH);CFB Showdown $750 First Down (ARK @ UTAH);CFB Showdown $530 Winner Take All [Must Fill] (ARK @ UTAH);CFB Showdown $408 Winner Take All [$1.5K to 1st, Must Fill] (ARK @ UTAH);CFB Showdown $400 Coffin Corner [Single Entry] (ARK @ UTAH);CFB Showdown $267 Winner Take All [Must Fill] (ARK @ UTAH);CFB Showdown Satellite to NHL 11-3 $555 Barn Burner [Must Fill] (ARK @ UTAH);CFB Showdown $100 Winner Take All [$460 to 1st] (Must Fill) (ARK @ UTAH);CFB Showdown $155 White-Out [Single Entry] (ARK @ UTAH)",195476951;195476948;195476952;195477720;195477723;195476956;195477719;195477727;195477721;195476955;195477726;195476949;195476950;195476953;195476954;195567364;195477928;195477927;195477926;195477925,9/12 10:15PM (ARK @ UTAH)
Brandon Rose - Showdown Captain Mode (Captain),195476951;195476948;195476952;195477720;195477723;195476956;195477719;195477727;195477721;195476955;195477726;195476949;195476950;195476953;195476954;195567364;195477928;195477927;195477926;195477925,1381155,44095508,Brandon Rose,Brandon,Rose,9000,CPT,UTAH,ARK @ UTAH,09/12/2026 10:15 PM,https://dkn.gs/sports/images/cfb/teams/50/8341.png,ARK @ UTAH,Showdown Captain Mode,CFB,9/12,Captain,"CFB Showdown $6K Air Raid [$2K to 1st] (ARK @ UTAH);CFB Showdown $720 Kick Return [Single Entry, Top 2 Win] (ARK @ UTAH);CFB Showdown $750 First Down (ARK @ UTAH);CFB Showdown $530 Winner Take All [Must Fill] (ARK @ UTAH);CFB Showdown $408 Winner Take All [$1.5K to 1st, Must Fill] (ARK @ UTAH);CFB Showdown $400 Coffin Corner [Single Entry] (ARK @ UTAH);CFB Showdown $267 Winner Take All [Must Fill] (ARK @ UTAH);CFB Showdown Satellite to NHL 11-3 $555 Barn Burner [Must Fill] (ARK @ UTAH);CFB Showdown $100 Winner Take All [$460 to 1st] (Must Fill) (ARK @ UTAH);CFB Showdown $155 White-Out [Single Entry] (ARK @ UTAH)",195476951;195476948;195476952;195477720;195477723;195476956;195477719;195477727;195477721;195476955;195477726;195476949;195476950;195476953;195476954;195567364;195477928;195477927;195477926;195477925,9/12 10:15PM (ARK @ UTAH)
Michael Johnson - Showdown Captain Mode (Captain),195476951;195476948;195476952;195477720;195477723;195476956;195477719;195477727;195477721;195476955;195477726;195476949;195476950;195476953;195476954;195567364;195477928;195477927;195477926;195477925,1647844,44095509,Michael Johnson,Michael,Johnson,9000,CPT,UTAH,ARK @ UTAH,09/12/2026 10:15 PM,https://dkn.gs/sports/images/cfb/teams/50/8341.png,ARK @ UTAH,Showdown Captain Mode,CFB,9/12,Captain,"CFB Showdown $6K Air Raid [$2K to 1st] (ARK @ UTAH);CFB Showdown $720 Kick Return [Single Entry, Top 2 Win] (ARK @ UTAH);CFB Showdown $750 First Down (ARK @ UTAH);CFB Showdown $530 Winner Take All [Must Fill] (ARK @ UTAH);CFB Showdown $408 Winner Take All [$1.5K to 1st, Must Fill] (ARK @ UTAH);CFB Showdown $400 Coffin Corner [Single Entry] (ARK @ UTAH);CFB Showdown $267 Winner Take All [Must Fill] (ARK @ UTAH);CFB Showdown Satellite to NHL 11-3 $555 Barn Burner [Must Fill] (ARK @ UTAH);CFB Showdown $100 Winner Take All [$460 to 1st] (Must Fill) (ARK @ UTAH);CFB Showdown $155 White-Out [Single Entry] (ARK @ UTAH)",195476951;195476948;195476952;195477720;195477723;195476956;195477719;195477727;195477721;195476955;195477726;195476949;195476950;195476953;195476954;195567364;195477928;195477927;195477926;195477925,9/12 10:15PM (ARK @ UTAH)
Nate Johnson - Showdown Captain Mode (Captain),195476951;195476948;195476952;195477720;195477723;195476956;195477719;195477727;195477721;195476955;195477726;195476949;195476950;195476953;195476954;195567364;195477928;195477927;195477926;195477925,1400818,44095510,Nate Johnson,Nate,Johnson,9000,CPT,UTAH,ARK @ UTAH,09/12/2026 10:15 PM,https://dkn.gs/sports/images/cfb/teams/50/8341.png,ARK @ UTAH,Showdown Captain Mode,CFB,9/12,Captain,"CFB Showdown $6K Air Raid [$2K to 1st] (ARK @ UTAH);CFB Showdown $720 Kick Return [Single Entry, Top 2 Win] (ARK @ UTAH);CFB Showdown $750 First Down (ARK @ UTAH);CFB Showdown $530 Winner Take All [Must Fill] (ARK @ UTAH);CFB Showdown $408 Winner Take All [$1.5K to 1st, Must Fill] (ARK @ UTAH);CFB Showdown $400 Coffin Corner [Single Entry] (ARK @ UTAH);CFB Showdown $267 Winner Take All [Must Fill] (ARK @ UTAH);CFB Showdown Satellite to NHL 11-3 $555 Barn Burner [Must Fill] (ARK @ UTAH);CFB Showdown $100 Winner Take All [$460 to 1st] (Must Fill) (ARK @ UTAH);CFB Showdown $155 White-Out [Single Entry] (ARK @ UTAH)",195476951;195476948;195476952;195477720;195477723;195476956;195477719;195477727;195477721;195476955;195477726;195476949;195476950;195476953;195476954;195567364;195477928;195477927;195477926;195477925,9/12 10:15PM (ARK @ UTAH)
Hank Hendrix - Showdown Captain Mode (Captain),195476951;195476948;195476952;195477720;195477723;195476956;195477719;195477727;195477721;195476955;195477726;195476949;195476950;195476953;195476954;195567364;195477928;195477927;195477926;195477925,1651908,44095511,Hank Hendrix,Hank,Hendrix,9000,CPT,ARK,ARK @ UTAH,09/12/2026 10:15 PM,https://dkn.gs/sports/images/cfb/teams/50/8175.png,ARK @ UTAH,Showdown Captain Mode,CFB,9/12,Captain,"CFB Showdown $6K Air Raid [$2K to 1st] (ARK @ UTAH);CFB Showdown $720 Kick Return [Single Entry, Top 2 Win] (ARK @ UTAH);CFB Showdown $750 First Down (ARK @ UTAH);CFB Showdown $530 Winner Take All [Must Fill] (ARK @ UTAH);CFB Showdown $408 Winner Take All [$1.5K to 1st, Must Fill] (ARK @ UTAH);CFB Showdown $400 Coffin Corner [Single Entry] (ARK @ UTAH);CFB Showdown $267 Winner Take All [Must Fill] (ARK @ UTAH);CFB Showdown Satellite to NHL 11-3 $555 Barn Burner [Must Fill] (ARK @ UTAH);CFB Showdown $100 Winner Take All [$460 to 1st] (Must Fill) (ARK @ UTAH);CFB Showdown $155 White-Out [Single Entry] (ARK @ UTAH)",195476951;195476948;195476952;195477720;195477723;195476956;195477719;195477727;195477721;195476955;195477726;195476949;195476950;195476953;195476954;195567364;195477928;195477927;195477926;195477925,9/12 10:15PM (ARK @ UTAH)
Cade Trotter - Showdown Captain Mode (Captain),195476951;195476948;195476952;195477720;195477723;195476956;195477719;195477727;195477721;195476955;195477726;195476949;195476950;195476953;195476954;195567364;195477928;195477927;195477926;195477925,1585770,44095512,Cade Trotter,Cade,Trotter,9000,CPT,ARK,ARK @ UTAH,09/12/2026 10:15 PM,https://dkn.gs/sports/images/cfb/teams/50/8175.png,ARK @ UTAH,Showdown Captain Mode,CFB,9/12,Captain,"CFB Showdown $6K Air Raid [$2K to 1st] (ARK @ UTAH);CFB Showdown $720 Kick Return [Single Entry, Top 2 Win] (ARK @ UTAH);CFB Showdown $750 First Down (ARK @ UTAH);CFB Showdown $530 Winner Take All [Must Fill] (ARK @ UTAH);CFB Showdown $408 Winner Take All [$1.5K to 1st, Must Fill] (ARK @ UTAH);CFB Showdown $400 Coffin Corner [Single Entry] (ARK @ UTAH);CFB Showdown $267 Winner Take All [Must Fill] (ARK @ UTAH);CFB Showdown Satellite to NHL 11-3 $555 Barn Burner [Must Fill] (ARK @ UTAH);CFB Showdown $100 Winner Take All [$460 to 1st] (Must Fill) (ARK @ UTAH);CFB Showdown $155 White-Out [Single Entry] (ARK @ UTAH)",195476951;195476948;195476952;195477720;195477723;195476956;195477719;195477727;195477721;195476955;195477726;195476949;195476950;195476953;195476954;195567364;195477928;195477927;195477926;195477925,9/12 10:15PM (ARK @ UTAH)
Trey Hedden - Showdown Captain Mode (Flex),195476961;195476957;195477828;195476965;195477831;195477827;195476958;195477835;195477829;195476959;195477834;195476960;195476962;195476963;195476964;195477944;195477943;195477942;195477941;195477940,1517362,44095573,Trey Hedden,Trey,Hedden,9000,QB,NMST,NMST @ HAW,09/13/2026 12:00 AM,https://dkn.gs/sports/images/cfb/teams/50/7946.png,NMST @ HAW,Showdown Captain Mode,CFB,9/13,Flex,"CFB Showdown $4K Air Raid [$1K to 1st] (NMST @ HAW);CFB Showdown $720 Kick Return [Single Entry, Top 2 Win] (NMST @ HAW);CFB Showdown $530 Winner Take All [Must Fill] (NMST @ HAW);CFB Showdown $200 Redshirt [Single Entry] (NMST @ HAW);CFB Showdown $408 Winner Take All [$1.5K to 1st, Must Fill] (NMST @ HAW);CFB Showdown $267 Winner Take All [Must Fill] (NMST @ HAW);CFB Showdown $155 White-Out [Single Entry] (NMST @ HAW);CFB Showdown Satellite to NHL 11-3 $555 Barn Burner [Must Fill] (NMST @ HAW);CFB Showdown $100 Winner Take All [$460 to 1st] (Must Fill) (NMST @ HAW);CFB Showdown $310 Blitz [Single Entry] (NMST @ HAW)",195476961;195476957;195477828;195476965;195477831;195477827;195476958;195477835;195477829;195476959;195477834;195476960;195476962;195476963;195476964;195477944;195477943;195477942;195477941;195477940,9/13 12:00AM (NMST @ HAW)
Parker Stofa - Showdown Captain Mode (Captain),195476961;195476957;195477828;195476965;195477831;195477827;195476958;195477835;195477829;195476959;195477834;195476960;195476962;195476963;195476964;195477944;195477943;195477942;195477941;195477940,1531404,44095655,Parker Stofa,Parker,Stofa,9000,CPT,NMST,NMST @ HAW,09/13/2026 12:00 AM,https://dkn.gs/sports/images/cfb/teams/50/7946.png,NMST @ HAW,Showdown Captain Mode,CFB,9/13,Captain,"CFB Showdown $4K Air Raid [$1K to 1st] (NMST @ HAW);CFB Showdown $720 Kick Return [Single Entry, Top 2 Win] (NMST @ HAW);CFB Showdown $530 Winner Take All [Must Fill] (NMST @ HAW);CFB Showdown $200 Redshirt [Single Entry] (NMST @ HAW);CFB Showdown $408 Winner Take All [$1.5K to 1st, Must Fill] (NMST @ HAW);CFB Showdown $267 Winner Take All [Must Fill] (NMST @ HAW);CFB Showdown $155 White-Out [Single Entry] (NMST @ HAW);CFB Showdown Satellite to NHL 11-3 $555 Barn Burner [Must Fill] (NMST @ HAW);CFB Showdown $100 Winner Take All [$460 to 1st] (Must Fill) (NMST @ HAW);CFB Showdown $310 Blitz [Single Entry] (NMST @ HAW)",195476961;195476957;195477828;195476965;195477831;195477827;195476958;195477835;195477829;195476959;195477834;195476960;195476962;195476963;195476964;195477944;195477943;195477942;195477941;195477940,9/13 12:00AM (NMST @ HAW)
Isaac Jaramilla-Phe - Showdown Captain Mode (Captain),195476961;195476957;195477828;195476965;195477831;195477827;195476958;195477835;195477829;195476959;195477834;195476960;195476962;195476963;195476964;195477944;195477943;195477942;195477941;195477940,1663652,44095656,Isaac Jaramilla-Phe,Isaac,Jaramilla-Phe,9000,CPT,HAW,NMST @ HAW,09/13/2026 12:00 AM,https://dkn.gs/sports/images/cfb/teams/50/8316.png,NMST @ HAW,Showdown Captain Mode,CFB,9/13,Captain,"CFB Showdown $4K Air Raid [$1K to 1st] (NMST @ HAW);CFB Showdown $720 Kick Return [Single Entry, Top 2 Win] (NMST @ HAW);CFB Showdown $530 Winner Take All [Must Fill] (NMST @ HAW);CFB Showdown $200 Redshirt [Single Entry] (NMST @ HAW);CFB Showdown $408 Winner Take All [$1.5K to 1st, Must Fill] (NMST @ HAW);CFB Showdown $267 Winner Take All [Must Fill] (NMST @ HAW);CFB Showdown $155 White-Out [Single Entry] (NMST @ HAW);CFB Showdown Satellite to NHL 11-3 $555 Barn Burner [Must Fill] (NMST @ HAW);CFB Showdown $100 Winner Take All [$460 to 1st] (Must Fill) (NMST @ HAW);CFB Showdown $310 Blitz [Single Entry] (NMST @ HAW)",195476961;195476957;195477828;195476965;195477831;195477827;195476958;195477835;195477829;195476959;195477834;195476960;195476962;195476963;195476964;195477944;195477943;195477942;195477941;195477940,9/13 12:00AM (NMST @ HAW)
Hazyn Botelho - Showdown Captain Mode (Captain),195476961;195476957;195477828;195476965;195477831;195477827;195476958;195477835;195477829;195476959;195477834;195476960;195476962;195476963;195476964;195477944;195477943;195477942;195477941;195477940,1663673,44095657,Hazyn Botelho,Hazyn,Botelho,9000,CPT,HAW,NMST @ HAW,09/13/2026 12:00 AM,https://dkn.gs/sports/images/cfb/teams/50/8316.png,NMST @ HAW,Showdown Captain Mode,CFB,9/13,Captain,"CFB Showdown $4K Air Raid [$1K to 1st] (NMST @ HAW);CFB Showdown $720 Kick Return [Single Entry, Top 2 Win] (NMST @ HAW);CFB Showdown $530 Winner Take All [Must Fill] (NMST @ HAW);CFB Showdown $200 Redshirt [Single Entry] (NMST @ HAW);CFB Showdown $408 Winner Take All [$1.5K to 1st, Must Fill] (NMST @ HAW);CFB Showdown $267 Winner Take All [Must Fill] (NMST @ HAW);CFB Showdown $155 White-Out [Single Entry] (NMST @ HAW);CFB Showdown Satellite to NHL 11-3 $555 Barn Burner [Must Fill] (NMST @ HAW);CFB Showdown $100 Winner Take All [$460 to 1st] (Must Fill) (NMST @ HAW);CFB Showdown $310 Blitz [Single Entry] (NMST @ HAW)",195476961;195476957;195477828;195476965;195477831;195477827;195476958;195477835;195477829;195476959;195477834;195476960;195476962;195476963;195476964;195477944;195477943;195477942;195477941;195477940,9/13 12:00AM (NMST @ HAW)
Kalani McLeod - Showdown Captain Mode (Captain),195476961;195476957;195477828;195476965;195477831;195477827;195476958;195477835;195477829;195476959;195477834;195476960;195476962;195476963;195476964;195477944;195477943;195477942;195477941;195477940,1655560,44095658,Kalani McLeod,Kalani,McLeod,9000,CPT,NMST,NMST @ HAW,09/13/2026 12:00 AM,https://dkn.gs/sports/images/cfb/teams/50/7946.png,NMST @ HAW,Showdown Captain Mode,CFB,9/13,Captain,"CFB Showdown $4K Air Raid [$1K to 1st] (NMST @ HAW);CFB Showdown $720 Kick Return [Single Entry, Top 2 Win] (NMST @ HAW);CFB Showdown $530 Winner Take All [Must Fill] (NMST @ HAW);CFB Showdown $200 Redshirt [Single Entry] (NMST @ HAW);CFB Showdown $408 Winner Take All [$1.5K to 1st, Must Fill] (NMST @ HAW);CFB Showdown $267 Winner Take All [Must Fill] (NMST @ HAW);CFB Showdown $155 White-Out [Single Entry] (NMST @ HAW);CFB Showdown Satellite to NHL 11-3 $555 Barn Burner [Must Fill] (NMST @ HAW);CFB Showdown $100 Winner Take All [$460 to 1st] (Must Fill) (NMST @ HAW);CFB Showdown $310 Blitz [Single Entry] (NMST @ HAW)",195476961;195476957;195477828;195476965;195477831;195477827;195476958;195477835;195477829;195476959;195477834;195476960;195476962;195476963;195476964;195477944;195477943;195477942;195477941;195477940,9/13 12:00AM (NMST @ HAW)
Trey Arnold - Showdown Captain Mode (Captain),195476961;195476957;195477828;195476965;195477831;195477827;195476958;195477835;195477829;195476959;195477834;195476960;195476962;195476963;195476964;195477944;195477943;195477942;195477941;195477940,1652657,44095659,Trey Arnold,Trey,Arnold,9000,CPT,NMST,NMST @ HAW,09/13/2026 12:00 AM,https://dkn.gs/sports/images/cfb/teams/50/7946.png,NMST @ HAW,Showdown Captain Mode,CFB,9/13,Captain,"CFB Showdown $4K Air Raid [$1K to 1st] (NMST @ HAW);CFB Showdown $720 Kick Return [Single Entry, Top 2 Win] (NMST @ HAW);CFB Showdown $530 Winner Take All [Must Fill] (NMST @ HAW);CFB Showdown $200 Redshirt [Single Entry] (NMST @ HAW);CFB Showdown $408 Winner Take All [$1.5K to 1st, Must Fill] (NMST @ HAW);CFB Showdown $267 Winner Take All [Must Fill] (NMST @ HAW);CFB Showdown $155 White-Out [Single Entry] (NMST @ HAW);CFB Showdown Satellite to NHL 11-3 $555 Barn Burner [Must Fill] (NMST @ HAW);CFB Showdown $100 Winner Take All [$460 to 1st] (Must Fill) (NMST @ HAW);CFB Showdown $310 Blitz [Single Entry] (NMST @ HAW)",195476961;195476957;195477828;195476965;195477831;195477827;195476958;195477835;195477829;195476959;195477834;195476960;195476962;195476963;195476964;195477944;195477943;195477942;195477941;195477940,9/13 12:00AM (NMST @ HAW)
Bo Jackson - Showdown Captain Mode (Flex),195582379;195582460;195580463;195582104;195581991;195582352;195477619;195477613;195581177;195478126;195478125;195478124;195478123;195478122;195478121;195478120;195477985;195477986;195478032;195478034,1583952,44095720,Bo Jackson,Bo,Jackson,8800,RB,OSU,OSU @ TEX,09/12/2026 07:30 PM,https://dkn.gs/sports/images/cfb/teams/50/7874.png,OSU @ TEX,Showdown Captain Mode,CFB,9/12,Flex,"CFB Showdown $240 Huddle [Single Entry] (OSU @ TEX);CFB Showdown $100 Redshirt [Single Entry] (OSU @ TEX);CFB Showdown $408 Winner Take All [$1.5K to 1st, Must Fill] (OSU @ TEX);CFB Showdown $530 Winner Take All [Must Fill] (OSU @ TEX);CFB Showdown $50 Quarter Jukebox [Just $0.25!] (OSU @ TEX);CFB Showdown $267 Winner Take All [Must Fill] (OSU @ TEX);CFB Showdown Satellite to NHL 11-3 $555 Barn Burner [Must Fill] (OSU @ TEX);CFB Showdown $100 Winner Take All [$460 to 1st] (Must Fill) (OSU @ TEX);CFB Showdown Satellite to NHL 9-29 $15 Opening Night Puck Drop [Must Fill] (OSU @ TEX);CFB Showdown Satellite to CFB $555 Mid-Season Main Event (10-10) (OSU @ TEX)",195582379;195582460;195580463;195582104;195581991;195582352;195477619;195477613;195581177;195478126;195478125;195478124;195478123;195478122;195478121;195478120;195477985;195477986;195478032;195478034,9/12 7:30PM (OSU @ TEX)
Wayshawn Parker - Showdown Captain Mode (Flex),195476951;195476948;195476952;195477720;195477723;195476956;195477719;195477727;195477721;195476955;195477726;195476949;195476950;195476953;195476954;195567364;195477928;195477927;195477926;195477925,1506517,44095422,Wayshawn Parker,Wayshawn,Parker,8800,RB,UTAH,ARK @ UTAH,09/12/2026 10:15 PM,https://dkn.gs/sports/images/cfb/teams/50/8341.png,ARK @ UTAH,Showdown Captain Mode,CFB,9/12,Flex,"CFB Showdown $6K Air Raid [$2K to 1st] (ARK @ UTAH);CFB Showdown $720 Kick Return [Single Entry, Top 2 Win] (ARK @ UTAH);CFB Showdown $750 First Down (ARK @ UTAH);CFB Showdown $530 Winner Take All [Must Fill] (ARK @ UTAH);CFB Showdown $408 Winner Take All [$1.5K to 1st, Must Fill] (ARK @ UTAH);CFB Showdown $400 Coffin Corner [Single Entry] (ARK @ UTAH);CFB Showdown $267 Winner Take All [Must Fill] (ARK @ UTAH);CFB Showdown Satellite to NHL 11-3 $555 Barn Burner [Must Fill] (ARK @ UTAH);CFB Showdown $100 Winner Take All [$460 to 1st] (Must Fill) (ARK @ UTAH);CFB Showdown $155 White-Out [Single Entry] (ARK @ UTAH)",195476951;195476948;195476952;195477720;195477723;195476956;195477719;195477727;195477721;195476955;195477726;195476949;195476950;195476953;195476954;195567364;195477928;195477927;195477926;195477925,9/12 10:15PM (ARK @ UTAH)
Chris Marshall - Showdown Captain Mode (Captain),195476951;195476948;195476952;195477720;195477723;195476956;195477719;195477727;195477721;195476955;195477726;195476949;195476950;195476953;195476954;195567364;195477928;195477927;195477926;195477925,1402693,44095513,Chris Marshall,Chris,Marshall,8700,CPT,ARK,ARK @ UTAH,09/12/2026 10:15 PM,https://dkn.gs/sports/images/cfb/teams/50/8175.png,ARK @ UTAH,Showdown Captain Mode,CFB,9/12,Captain,"CFB Showdown $6K Air Raid [$2K to 1st] (ARK @ UTAH);CFB Showdown $720 Kick Return [Single Entry, Top 2 Win] (ARK @ UTAH);CFB Showdown $750 First Down (ARK @ UTAH);CFB Showdown $530 Winner Take All [Must Fill] (ARK @ UTAH);CFB Showdown $408 Winner Take All [$1.5K to 1st, Must Fill] (ARK @ UTAH);CFB Showdown $400 Coffin Corner [Single Entry] (ARK @ UTAH);CFB Showdown $267 Winner Take All [Must Fill] (ARK @ UTAH);CFB Showdown Satellite to NHL 11-3 $555 Barn Burner [Must Fill] (ARK @ UTAH);CFB Showdown $100 Winner Take All [$460 to 1st] (Must Fill) (ARK @ UTAH);CFB Showdown $155 White-Out [Single Entry] (ARK @ UTAH)",195476951;195476948;195476952;195477720;195477723;195476956;195477719;195477727;195477721;195476955;195477726;195476949;195476950;195476953;195476954;195567364;195477928;195477927;195477926;195477925,9/12 10:15PM (ARK @ UTAH)
Dijon Stanley - Showdown Captain Mode (Captain),195476961;195476957;195477828;195476965;195477831;195477827;195476958;195477835;195477829;195476959;195477834;195476960;195476962;195476963;195476964;195477944;195477943;195477942;195477941;195477940,1456803,44095660,Dijon Stanley,Dijon,Stanley,8700,CPT,NMST,NMST @ HAW,09/13/2026 12:00 AM,https://dkn.gs/sports/images/cfb/teams/50/7946.png,NMST @ HAW,Showdown Captain Mode,CFB,9/13,Captain,"CFB Showdown $4K Air Raid [$1K to 1st] (NMST @ HAW);CFB Showdown $720 Kick Return [Single Entry, Top 2 Win] (NMST @ HAW);CFB Showdown $530 Winner Take All [Must Fill] (NMST @ HAW);CFB Showdown $200 Redshirt [Single Entry] (NMST @ HAW);CFB Showdown $408 Winner Take All [$1.5K to 1st, Must Fill] (NMST @ HAW);CFB Showdown $267 Winner Take All [Must Fill] (NMST @ HAW);CFB Showdown $155 White-Out [Single Entry] (NMST @ HAW);CFB Showdown Satellite to NHL 11-3 $555 Barn Burner [Must Fill] (NMST @ HAW);CFB Showdown $100 Winner Take All [$460 to 1st] (Must Fill) (NMST @ HAW);CFB Showdown $310 Blitz [Single Entry] (NMST @ HAW)",195476961;195476957;195477828;195476965;195477831;195477827;195476958;195477835;195477829;195476959;195477834;195476960;195476962;195476963;195476964;195477944;195477943;195477942;195477941;195477940,9/13 12:00AM (NMST @ HAW)
Pofele Ashlock - Showdown Captain Mode (Flex),195476961;195476957;195477828;195476965;195477831;195477827;195476958;195477835;195477829;195476959;195477834;195476960;195476962;195476963;195476964;195477944;195477943;195477942;195477941;195477940,1400528,44095574,Pofele Ashlock,Pofele,Ashlock,8600,WR,HAW,NMST @ HAW,09/13/2026 12:00 AM,https://dkn.gs/sports/images/cfb/teams/50/8316.png,NMST @ HAW,Showdown Captain Mode,CFB,9/13,Flex,"CFB Showdown $4K Air Raid [$1K to 1st] (NMST @ HAW);CFB Showdown $720 Kick Return [Single Entry, Top 2 Win] (NMST @ HAW);CFB Showdown $530 Winner Take All [Must Fill] (NMST @ HAW);CFB Showdown $200 Redshirt [Single Entry] (NMST @ HAW);CFB Showdown $408 Winner Take All [$1.5K to 1st, Must Fill] (NMST @ HAW);CFB Showdown $267 Winner Take All [Must Fill] (NMST @ HAW);CFB Showdown $155 White-Out [Single Entry] (NMST @ HAW);CFB Showdown Satellite to NHL 11-3 $555 Barn Burner [Must Fill] (NMST @ HAW);CFB Showdown $100 Winner Take All [$460 to 1st] (Must Fill) (NMST @ HAW);CFB Showdown $310 Blitz [Single Entry] (NMST @ HAW)",195476961;195476957;195477828;195476965;195477831;195477827;195476958;195477835;195477829;195476959;195477834;195476960;195476962;195476963;195476964;195477944;195477943;195477942;195477941;195477940,9/13 12:00AM (NMST @ HAW)
Karle Lacey Jr. - Showdown Captain Mode (Flex),195582379;195582460;195580463;195582104;195581991;195582352;195477619;195477613;195581177;195478126;195478125;195478124;195478123;195478122;195478121;195478120;195477985;195477986;195478032;195478034,1582500,44095721,Karle Lacey Jr.,Karle,Lacey Jr.,8400,QB,TEX,OSU @ TEX,09/12/2026 07:30 PM,https://dkn.gs/sports/images/cfb/teams/50/8240.png,OSU @ TEX,Showdown Captain Mode,CFB,9/12,Flex,"CFB Showdown $240 Huddle [Single Entry] (OSU @ TEX);CFB Showdown $100 Redshirt [Single Entry] (OSU @ TEX);CFB Showdown $408 Winner Take All [$1.5K to 1st, Must Fill] (OSU @ TEX);CFB Showdown $530 Winner Take All [Must Fill] (OSU @ TEX);CFB Showdown $50 Quarter Jukebox [Just $0.25!] (OSU @ TEX);CFB Showdown $267 Winner Take All [Must Fill] (OSU @ TEX);CFB Showdown Satellite to NHL 11-3 $555 Barn Burner [Must Fill] (OSU @ TEX);CFB Showdown $100 Winner Take All [$460 to 1st] (Must Fill) (OSU @ TEX);CFB Showdown Satellite to NHL 9-29 $15 Opening Night Puck Drop [Must Fill] (OSU @ TEX);CFB Showdown Satellite to CFB $555 Mid-Season Main Event (10-10) (OSU @ TEX)",195582379;195582460;195580463;195582104;195581991;195582352;195477619;195477613;195581177;195478126;195478125;195478124;195478123;195478122;195478121;195478120;195477985;195477986;195478032;195478034,9/12 7:30PM (OSU @ TEX)
Isaiah West - Showdown Captain Mode (Captain),195582379;195582460;195580463;195582104;195581991;195582352;195477619;195477613;195581177;195478126;195478125;195478124;195478123;195478122;195478121;195478120;195477985;195477986;195478032;195478034,1583970,44095812,Isaiah West,Isaiah,West,8400,CPT,OSU,OSU @ TEX,09/12/2026 07:30 PM,https://dkn.gs/sports/images/cfb/teams/50/7874.png,OSU @ TEX,Showdown Captain Mode,CFB,9/12,Captain,"CFB Showdown $240 Huddle [Single Entry] (OSU @ TEX);CFB Showdown $100 Redshirt [Single Entry] (OSU @ TEX);CFB Showdown $408 Winner Take All [$1.5K to 1st, Must Fill] (OSU @ TEX);CFB Showdown $530 Winner Take All [Must Fill] (OSU @ TEX);CFB Showdown $50 Quarter Jukebox [Just $0.25!] (OSU @ TEX);CFB Showdown $267 Winner Take All [Must Fill] (OSU @ TEX);CFB Showdown Satellite to NHL 11-3 $555 Barn Burner [Must Fill] (OSU @ TEX);CFB Showdown $100 Winner Take All [$460 to 1st] (Must Fill) (OSU @ TEX);CFB Showdown Satellite to NHL 9-29 $15 Opening Night Puck Drop [Must Fill] (OSU @ TEX);CFB Showdown Satellite to CFB $555 Mid-Season Main Event (10-10) (OSU @ TEX)",195582379;195582460;195580463;195582104;195581991;195582352;195477619;195477613;195581177;195478126;195478125;195478124;195478123;195478122;195478121;195478120;195477985;195477986;195478032;195478034,9/12 7:30PM (OSU @ TEX)
DeVon Rice - Showdown Captain Mode (Flex),195476961;195476957;195477828;195476965;195477831;195477827;195476958;195477835;195477829;195476959;195477834;195476960;195476962;195476963;195476964;195477944;195477943;195477942;195477941;195477940,1507082,44095575,DeVon Rice,DeVon,Rice,8400,RB,HAW,NMST @ HAW,09/13/2026 12:00 AM,https://dkn.gs/sports/images/cfb/teams/50/8316.png,NMST @ HAW,Showdown Captain Mode,CFB,9/13,Flex,"CFB Showdown $4K Air Raid [$1K to 1st] (NMST @ HAW);CFB Showdown $720 Kick Return [Single Entry, Top 2 Win] (NMST @ HAW);CFB Showdown $530 Winner Take All [Must Fill] (NMST @ HAW);CFB Showdown $200 Redshirt [Single Entry] (NMST @ HAW);CFB Showdown $408 Winner Take All [$1.5K to 1st, Must Fill] (NMST @ HAW);CFB Showdown $267 Winner Take All [Must Fill] (NMST @ HAW);CFB Showdown $155 White-Out [Single Entry] (NMST @ HAW);CFB Showdown Satellite to NHL 11-3 $555 Barn Burner [Must Fill] (NMST @ HAW);CFB Showdown $100 Winner Take All [$460 to 1st] (Must Fill) (NMST @ HAW);CFB Showdown $310 Blitz [Single Entry] (NMST @ HAW)",195476961;195476957;195477828;195476965;195477831;195477827;195476958;195477835;195477829;195476959;195477834;195476960;195476962;195476963;195476964;195477944;195477943;195477942;195477941;195477940,9/13 12:00AM (NMST @ HAW)
Audric Harris - Showdown Captain Mode (Captain),195476961;195476957;195477828;195476965;195477831;195477827;195476958;195477835;195477829;195476959;195477834;195476960;195476962;195476963;195476964;195477944;195477943;195477942;195477941;195477940,1509121,44095661,Audric Harris,Audric,Harris,8400,CPT,HAW,NMST @ HAW,09/13/2026 12:00 AM,https://dkn.gs/sports/images/cfb/teams/50/8316.png,NMST @ HAW,Showdown Captain Mode,CFB,9/13,Captain,"CFB Showdown $4K Air Raid [$1K to 1st] (NMST @ HAW);CFB Showdown $720 Kick Return [Single Entry, Top 2 Win] (NMST @ HAW);CFB Showdown $530 Winner Take All [Must Fill] (NMST @ HAW);CFB Showdown $200 Redshirt [Single Entry] (NMST @ HAW);CFB Showdown $408 Winner Take All [$1.5K to 1st, Must Fill] (NMST @ HAW);CFB Showdown $267 Winner Take All [Must Fill] (NMST @ HAW);CFB Showdown $155 White-Out [Single Entry] (NMST @ HAW);CFB Showdown Satellite to NHL 11-3 $555 Barn Burner [Must Fill] (NMST @ HAW);CFB Showdown $100 Winner Take All [$460 to 1st] (Must Fill) (NMST @ HAW);CFB Showdown $310 Blitz [Single Entry] (NMST @ HAW)",195476961;195476957;195477828;195476965;195477831;195477827;195476958;195477835;195477829;195476959;195477834;195476960;195476962;195476963;195476964;195477944;195477943;195477942;195477941;195477940,9/13 12:00AM (NMST @ HAW)
Devon Dampier - Night,195377008;195377010;195377006;195377018;195377004;195377009;195470707;195470708;195377016;195377011;195386816;195386815;195377007;195377014;195377005;195377012;195386812;195386809;195386808;195386810,1442304,44082667,Devon Dampier,Devon,Dampier,8300,QB,UTAH,ARK @ UTAH,09/12/2026 10:15 PM,https://dkn.gs/sports/images/cfb/teams/50/8341.png,ARK @ UTAH,Night,CFB,9/12,Standard,CFB $20K Hook and Ladder [$5K to 1st] (Late Night);CFB $35K Late Night Snack [$10K to 1st] (Late Night);CFB $4K First Down (Late Night);CFB $3K Coffin Corner [Single Entry] (Late Night);CFB $2.4K Big House [Single Entry] (Late Night);CFB $2K Tailgate [3 Entry Max] (Late Night);CFB $50K Pocket Cup Qualifier #34 (Late Night);CFB $50K Pocket Cup Qualifier #35 (Late Night);CFB $1.8K Kick Return [Single Entry] (Late Night);CFB $1.5K Fourth Down Conversion (Late Night),195377008;195377010;195377006;195377018;195377004;195377009;195470707;195470708;195377016;195377011;195386816;195386815;195377007;195377014;195377005;195377012;195386812;195386809;195386808;195386810,"9/12 10:00PM, 4 Games"
Hollywood Smothers - Showdown Captain Mode (Flex),195582379;195582460;195580463;195582104;195581991;195582352;195477619;195477613;195581177;195478126;195478125;195478124;195478123;195478122;195478121;195478120;195477985;195477986;195478032;195478034,1443308,44095722,Hollywood Smothers,Hollywood,Smothers,8200,RB,TEX,OSU @ TEX,09/12/2026 07:30 PM,https://dkn.gs/sports/images/cfb/teams/50/8240.png,OSU @ TEX,Showdown Captain Mode,CFB,9/12,Flex,"CFB Showdown $240 Huddle [Single Entry] (OSU @ TEX);CFB Showdown $100 Redshirt [Single Entry] (OSU @ TEX);CFB Showdown $408 Winner Take All [$1.5K to 1st, Must Fill] (OSU @ TEX);CFB Showdown $530 Winner Take All [Must Fill] (OSU @ TEX);CFB Showdown $50 Quarter Jukebox [Just $0.25!] (OSU @ TEX);CFB Showdown $267 Winner Take All [Must Fill] (OSU @ TEX);CFB Showdown Satellite to NHL 11-3 $555 Barn Burner [Must Fill] (OSU @ TEX);CFB Showdown $100 Winner Take All [$460 to 1st] (Must Fill) (OSU @ TEX);CFB Showdown Satellite to NHL 9-29 $15 Opening Night Puck Drop [Must Fill] (OSU @ TEX);CFB Showdown Satellite to CFB $555 Mid-Season Main Event (10-10) (OSU @ TEX)",195582379;195582460;195580463;195582104;195581991;195582352;195477619;195477613;195581177;195478126;195478125;195478124;195478123;195478122;195478121;195478120;195477985;195477986;195478032;195478034,9/12 7:30PM (OSU @ TEX)
Daniel Bray - Showdown Captain Mode (Captain),195476951;195476948;195476952;195477720;195477723;195476956;195477719;195477727;195477721;195476955;195477726;195476949;195476950;195476953;195476954;195567364;195477928;195477927;195477926;195477925,1582980,44095514,Daniel Bray,Daniel,Bray,8100,CPT,UTAH,ARK @ UTAH,09/12/2026 10:15 PM,https://dkn.gs/sports/images/cfb/teams/50/8341.png,ARK @ UTAH,Showdown Captain Mode,CFB,9/12,Captain,"CFB Showdown $6K Air Raid [$2K to 1st] (ARK @ UTAH);CFB Showdown $720 Kick Return [Single Entry, Top 2 Win] (ARK @ UTAH);CFB Showdown $750 First Down (ARK @ UTAH);CFB Showdown $530 Winner Take All [Must Fill] (ARK @ UTAH);CFB Showdown $408 Winner Take All [$1.5K to 1st, Must Fill] (ARK @ UTAH);CFB Showdown $400 Coffin Corner [Single Entry] (ARK @ UTAH);CFB Showdown $267 Winner Take All [Must Fill] (ARK @ UTAH);CFB Showdown Satellite to NHL 11-3 $555 Barn Burner [Must Fill] (ARK @ UTAH);CFB Showdown $100 Winner Take All [$460 to 1st] (Must Fill) (ARK @ UTAH);CFB Showdown $155 White-Out [Single Entry] (ARK @ UTAH)",195476951;195476948;195476952;195477720;195477723;195476956;195477719;195477727;195477721;195476955;195477726;195476949;195476950;195476953;195476954;195567364;195477928;195477927;195477926;195477925,9/12 10:15PM (ARK @ UTAH)
Nathan Hayes - Night,195377008;195377010;195377006;195377018;195377004;195377009;195470707;195470708;195377016;195377011;195386816;195386815;195377007;195377014;195377005;195377012;195386812;195386809;195386808;195386810,1407530,44082665,Nathan Hayes,Nathan,Hayes,8000,QB,NDSU,NDSU @ AF,09/12/2026 10:00 PM,,NDSU @ AF,Night,CFB,9/12,Standard,CFB $20K Hook and Ladder [$5K to 1st] (Late Night);CFB $35K Late Night Snack [$10K to 1st] (Late Night);CFB $4K First Down (Late Night);CFB $3K Coffin Corner [Single Entry] (Late Night);CFB $2.4K Big House [Single Entry] (Late Night);CFB $2K Tailgate [3 Entry Max] (Late Night);CFB $50K Pocket Cup Qualifier #34 (Late Night);CFB $50K Pocket Cup Qualifier #35 (Late Night);CFB $1.8K Kick Return [Single Entry] (Late Night);CFB $1.5K Fourth Down Conversion (Late Night),195377008;195377010;195377006;195377018;195377004;195377009;195470707;195470708;195377016;195377011;195386816;195386815;195377007;195377014;195377005;195377012;195386812;195386809;195386808;195386810,"9/12 10:00PM, 4 Games"
Tavien St. Clair - Showdown Captain Mode (Flex),195582379;195582460;195580463;195582104;195581991;195582352;195477619;195477613;195581177;195478126;195478125;195478124;195478123;195478122;195478121;195478120;195477985;195477986;195478032;195478034,1583919,44095723,Tavien St. Clair,Tavien,St. Clair,8000,QB,OSU,OSU @ TEX,09/12/2026 07:30 PM,https://dkn.gs/sports/images/cfb/teams/50/7874.png,OSU @ TEX,Showdown Captain Mode,CFB,9/12,Flex,"CFB Showdown $240 Huddle [Single Entry] (OSU @ TEX);CFB Showdown $100 Redshirt [Single Entry] (OSU @ TEX);CFB Showdown $408 Winner Take All [$1.5K to 1st, Must Fill] (OSU @ TEX);CFB Showdown $530 Winner Take All [Must Fill] (OSU @ TEX);CFB Showdown $50 Quarter Jukebox [Just $0.25!] (OSU @ TEX);CFB Showdown $267 Winner Take All [Must Fill] (OSU @ TEX);CFB Showdown Satellite to NHL 11-3 $555 Barn Burner [Must Fill] (OSU @ TEX);CFB Showdown $100 Winner Take All [$460 to 1st] (Must Fill) (OSU @ TEX);CFB Showdown Satellite to NHL 9-29 $15 Opening Night Puck Drop [Must Fill] (OSU @ TEX);CFB Showdown Satellite to CFB $555 Mid-Season Main Event (10-10) (OSU @ TEX)",195582379;195582460;195580463;195582104;195581991;195582352;195477619;195477613;195581177;195478126;195478125;195478124;195478123;195478122;195478121;195478120;195477985;195477986;195478032;195478034,9/12 7:30PM (OSU @ TEX)
Steve Chavez-Soto - Showdown Captain Mode (Flex),195476951;195476948;195476952;195477720;195477723;195476956;195477719;195477727;195477721;195476955;195477726;195476949;195476950;195476953;195476954;195567364;195477928;195477927;195477926;195477925,1586258,44095423,Steve Chavez-Soto,Steve,Chavez-Soto,8000,RB,UTAH,ARK @ UTAH,09/12/2026 10:15 PM,https://dkn.gs/sports/images/cfb/teams/50/8341.png,ARK @ UTAH,Showdown Captain Mode,CFB,9/12,Flex,"CFB Showdown $6K Air Raid [$2K to 1st] (ARK @ UTAH);CFB Showdown $720 Kick Return [Single Entry, Top 2 Win] (ARK @ UTAH);CFB Showdown $750 First Down (ARK @ UTAH);CFB Showdown $530 Winner Take All [Must Fill] (ARK @ UTAH);CFB Showdown $408 Winner Take All [$1.5K to 1st, Must Fill] (ARK @ UTAH);CFB Showdown $400 Coffin Corner [Single Entry] (ARK @ UTAH);CFB Showdown $267 Winner Take All [Must Fill] (ARK @ UTAH);CFB Showdown Satellite to NHL 11-3 $555 Barn Burner [Must Fill] (ARK @ UTAH);CFB Showdown $100 Winner Take All [$460 to 1st] (Must Fill) (ARK @ UTAH);CFB Showdown $155 White-Out [Single Entry] (ARK @ UTAH)",195476951;195476948;195476952;195477720;195477723;195476956;195477719;195477727;195477721;195476955;195477726;195476949;195476950;195476953;195476954;195567364;195477928;195477927;195477926;195477925,9/12 10:15PM (ARK @ UTAH)
Sam Huard - Night,195377008;195377010;195377006;195377018;195377004;195377009;195470707;195470708;195377016;195377011;195386816;195386815;195377007;195377014;195377005;195377012;195386812;195386809;195386808;195386810,1286292,44082669,Sam Huard,Sam,Huard,7900,QB,USC,ULL @ USC,09/12/2026 11:00 PM,https://dkn.gs/sports/images/cfb/teams/50/8080.png,ULL @ USC,Night,CFB,9/12,Standard,CFB $20K Hook and Ladder [$5K to 1st] (Late Night);CFB $35K Late Night Snack [$10K to 1st] (Late Night);CFB $4K First Down (Late Night);CFB $3K Coffin Corner [Single Entry] (Late Night);CFB $2.4K Big House [Single Entry] (Late Night);CFB $2K Tailgate [3 Entry Max] (Late Night);CFB $50K Pocket Cup Qualifier #34 (Late Night);CFB $50K Pocket Cup Qualifier #35 (Late Night);CFB $1.8K Kick Return [Single Entry] (Late Night);CFB $1.5K Fourth Down Conversion (Late Night),195377008;195377010;195377006;195377018;195377004;195377009;195470707;195470708;195377016;195377011;195386816;195386815;195377007;195377014;195377005;195377012;195386812;195386809;195386808;195386810,"9/12 10:00PM, 4 Games"
Liam Szarka - Night,195377008;195377010;195377006;195377018;195377004;195377009;195470707;195470708;195377016;195377011;195386816;195386815;195377007;195377014;195377005;195377012;195386812;195386809;195386808;195386810,1553757,44082671,Liam Szarka,Liam,Szarka,7800,QB,AF,NDSU @ AF,09/12/2026 10:00 PM,https://dkn.gs/sports/images/cfb/teams/50/8274.png,NDSU @ AF,Night,CFB,9/12,Standard,CFB $20K Hook and Ladder [$5K to 1st] (Late Night);CFB $35K Late Night Snack [$10K to 1st] (Late Night);CFB $4K First Down (Late Night);CFB $3K Coffin Corner [Single Entry] (Late Night);CFB $2.4K Big House [Single Entry] (Late Night);CFB $2K Tailgate [3 Entry Max] (Late Night);CFB $50K Pocket Cup Qualifier #34 (Late Night);CFB $50K Pocket Cup Qualifier #35 (Late Night);CFB $1.8K Kick Return [Single Entry] (Late Night);CFB $1.5K Fourth Down Conversion (Late Night),195377008;195377010;195377006;195377018;195377004;195377009;195470707;195470708;195377016;195377011;195386816;195386815;195377007;195377014;195377005;195377012;195386812;195386809;195386808;195386810,"9/12 10:00PM, 4 Games"
AJ Hill - Showdown Captain Mode (Flex),195476951;195476948;195476952;195477720;195477723;195476956;195477719;195477727;195477721;195476955;195477726;195476949;195476950;195476953;195476954;195567364;195477928;195477927;195477926;195477925,1584025,44095424,AJ Hill,AJ,Hill,7800,QB,ARK,ARK @ UTAH,09/12/2026 10:15 PM,https://dkn.gs/sports/images/cfb/teams/50/8175.png,ARK @ UTAH,Showdown Captain Mode,CFB,9/12,Flex,"CFB Showdown $6K Air Raid [$2K to 1st] (ARK @ UTAH);CFB Showdown $720 Kick Return [Single Entry, Top 2 Win] (ARK @ UTAH);CFB Showdown $750 First Down (ARK @ UTAH);CFB Showdown $530 Winner Take All [Must Fill] (ARK @ UTAH);CFB Showdown $408 Winner Take All [$1.5K to 1st, Must Fill] (ARK @ UTAH);CFB Showdown $400 Coffin Corner [Single Entry] (ARK @ UTAH);CFB Showdown $267 Winner Take All [Must Fill] (ARK @ UTAH);CFB Showdown Satellite to NHL 11-3 $555 Barn Burner [Must Fill] (ARK @ UTAH);CFB Showdown $100 Winner Take All [$460 to 1st] (Must Fill) (ARK @ UTAH);CFB Showdown $155 White-Out [Single Entry] (ARK @ UTAH)",195476951;195476948;195476952;195477720;195477723;195476956;195477719;195477727;195477721;195476955;195477726;195476949;195476950;195476953;195476954;195567364;195477928;195477927;195477926;195477925,9/12 10:15PM (ARK @ UTAH)
Dillon Curtis - Showdown Captain Mode (Captain),195476951;195476948;195476952;195477720;195477723;195476956;195477719;195477727;195477721;195476955;195477726;195476949;195476950;195476953;195476954;195567364;195477928;195477927;195477926;195477925,1582978,44095515,Dillon Curtis,Dillon,Curtis,7800,CPT,UTAH,ARK @ UTAH,09/12/2026 10:15 PM,https://dkn.gs/sports/images/cfb/teams/50/8341.png,ARK @ UTAH,Showdown Captain Mode,CFB,9/12,Captain,"CFB Showdown $6K Air Raid [$2K to 1st] (ARK @ UTAH);CFB Showdown $720 Kick Return [Single Entry, Top 2 Win] (ARK @ UTAH);CFB Showdown $750 First Down (ARK @ UTAH);CFB Showdown $530 Winner Take All [Must Fill] (ARK @ UTAH);CFB Showdown $408 Winner Take All [$1.5K to 1st, Must Fill] (ARK @ UTAH);CFB Showdown $400 Coffin Corner [Single Entry] (ARK @ UTAH);CFB Showdown $267 Winner Take All [Must Fill] (ARK @ UTAH);CFB Showdown Satellite to NHL 11-3 $555 Barn Burner [Must Fill] (ARK @ UTAH);CFB Showdown $100 Winner Take All [$460 to 1st] (Must Fill) (ARK @ UTAH);CFB Showdown $155 White-Out [Single Entry] (ARK @ UTAH)",195476951;195476948;195476952;195477720;195477723;195476956;195477719;195477727;195477721;195476955;195477726;195476949;195476950;195476953;195476954;195567364;195477928;195477927;195477926;195477925,9/12 10:15PM (ARK @ UTAH)
Tanner Cragun - Showdown Captain Mode (Captain),195476951;195476948;195476952;195477720;195477723;195476956;195477719;195477727;195477721;195476955;195477726;195476949;195476950;195476953;195476954;195567364;195477928;195477927;195477926;195477925,1235641,44095516,Tanner Cragun,Tanner,Cragun,7800,CPT,UTAH,ARK @ UTAH,09/12/2026 10:15 PM,https://dkn.gs/sports/images/cfb/teams/50/8341.png,ARK @ UTAH,Showdown Captain Mode,CFB,9/12,Captain,"CFB Showdown $6K Air Raid [$2K to 1st] (ARK @ UTAH);CFB Showdown $720 Kick Return [Single Entry, Top 2 Win] (ARK @ UTAH);CFB Showdown $750 First Down (ARK @ UTAH);CFB Showdown $530 Winner Take All [Must Fill] (ARK @ UTAH);CFB Showdown $408 Winner Take All [$1.5K to 1st, Must Fill] (ARK @ UTAH);CFB Showdown $400 Coffin Corner [Single Entry] (ARK @ UTAH);CFB Showdown $267 Winner Take All [Must Fill] (ARK @ UTAH);CFB Showdown Satellite to NHL 11-3 $555 Barn Burner [Must Fill] (ARK @ UTAH);CFB Showdown $100 Winner Take All [$460 to 1st] (Must Fill) (ARK @ UTAH);CFB Showdown $155 White-Out [Single Entry] (ARK @ UTAH)",195476951;195476948;195476952;195477720;195477723;195476956;195477719;195477727;195477721;195476955;195477726;195476949;195476950;195476953;195476954;195567364;195477928;195477927;195477926;195477925,9/12 10:15PM (ARK @ UTAH)
James Jones - Showdown Captain Mode (Flex),195476961;195476957;195477828;195476965;195477831;195477827;195476958;195477835;195477829;195476959;195477834;195476960;195476962;195476963;195476964;195477944;195477943;195477942;195477941;195477940,1516229,44095576,James Jones,James,Jones,7800,RB,NMST,NMST @ HAW,09/13/2026 12:00 AM,https://dkn.gs/sports/images/cfb/teams/50/7946.png,NMST @ HAW,Showdown Captain Mode,CFB,9/13,Flex,"CFB Showdown $4K Air Raid [$1K to 1st] (NMST @ HAW);CFB Showdown $720 Kick Return [Single Entry, Top 2 Win] (NMST @ HAW);CFB Showdown $530 Winner Take All [Must Fill] (NMST @ HAW);CFB Showdown $200 Redshirt [Single Entry] (NMST @ HAW);CFB Showdown $408 Winner Take All [$1.5K to 1st, Must Fill] (NMST @ HAW);CFB Showdown $267 Winner Take All [Must Fill] (NMST @ HAW);CFB Showdown $155 White-Out [Single Entry] (NMST @ HAW);CFB Showdown Satellite to NHL 11-3 $555 Barn Burner [Must Fill] (NMST @ HAW);CFB Showdown $100 Winner Take All [$460 to 1st] (Must Fill) (NMST @ HAW);CFB Showdown $310 Blitz [Single Entry] (NMST @ HAW)",195476961;195476957;195477828;195476965;195477831;195477827;195476958;195477835;195477829;195476959;195477834;195476960;195476962;195476963;195476964;195477944;195477943;195477942;195477941;195477940,9/13 12:00AM (NMST @ HAW)
Sean Olvera-Harle - Showdown Captain Mode (Captain),195476961;195476957;195477828;195476965;195477831;195477827;195476958;195477835;195477829;195476959;195477834;195476960;195476962;195476963;195476964;195477944;195477943;195477942;195477941;195477940,1598541,44095662,Sean Olvera-Harle,Sean,Olvera-Harle,7800,CPT,HAW,NMST @ HAW,09/13/2026 12:00 AM,https://dkn.gs/sports/images/cfb/teams/50/8316.png,NMST @ HAW,Showdown Captain Mode,CFB,9/13,Captain,"CFB Showdown $4K Air Raid [$1K to 1st] (NMST @ HAW);CFB Showdown $720 Kick Return [Single Entry, Top 2 Win] (NMST @ HAW);CFB Showdown $530 Winner Take All [Must Fill] (NMST @ HAW);CFB Showdown $200 Redshirt [Single Entry] (NMST @ HAW);CFB Showdown $408 Winner Take All [$1.5K to 1st, Must Fill] (NMST @ HAW);CFB Showdown $267 Winner Take All [Must Fill] (NMST @ HAW);CFB Showdown $155 White-Out [Single Entry] (NMST @ HAW);CFB Showdown Satellite to NHL 11-3 $555 Barn Burner [Must Fill] (NMST @ HAW);CFB Showdown $100 Winner Take All [$460 to 1st] (Must Fill) (NMST @ HAW);CFB Showdown $310 Blitz [Single Entry] (NMST @ HAW)",195476961;195476957;195477828;195476965;195477831;195477827;195476958;195477835;195477829;195476959;195477834;195476960;195476962;195476963;195476964;195477944;195477943;195477942;195477941;195477940,9/13 12:00AM (NMST @ HAW)
Hudson Borsari - Showdown Captain Mode (Captain),195476961;195476957;195477828;195476965;195477831;195477827;195476958;195477835;195477829;195476959;195477834;195476960;195476962;195476963;195476964;195477944;195477943;195477942;195477941;195477940,1663671,44095663,Hudson Borsari,Hudson,Borsari,7800,CPT,HAW,NMST @ HAW,09/13/2026 12:00 AM,https://dkn.gs/sports/images/cfb/teams/50/8316.png,NMST @ HAW,Showdown Captain Mode,CFB,9/13,Captain,"CFB Showdown $4K Air Raid [$1K to 1st] (NMST @ HAW);CFB Showdown $720 Kick Return [Single Entry, Top 2 Win] (NMST @ HAW);CFB Showdown $530 Winner Take All [Must Fill] (NMST @ HAW);CFB Showdown $200 Redshirt [Single Entry] (NMST @ HAW);CFB Showdown $408 Winner Take All [$1.5K to 1st, Must Fill] (NMST @ HAW);CFB Showdown $267 Winner Take All [Must Fill] (NMST @ HAW);CFB Showdown $155 White-Out [Single Entry] (NMST @ HAW);CFB Showdown Satellite to NHL 11-3 $555 Barn Burner [Must Fill] (NMST @ HAW);CFB Showdown $100 Winner Take All [$460 to 1st] (Must Fill) (NMST @ HAW);CFB Showdown $310 Blitz [Single Entry] (NMST @ HAW)",195476961;195476957;195477828;195476965;195477831;195477827;195476958;195477835;195477829;195476959;195477834;195476960;195476962;195476963;195476964;195477944;195477943;195477942;195477941;195477940,9/13 12:00AM (NMST @ HAW)
Micah Alejado - Night,195377008;195377010;195377006;195377018;195377004;195377009;195470707;195470708;195377016;195377011;195386816;195386815;195377007;195377014;195377005;195377012;195386812;195386809;195386808;195386810,1509399,44082673,Micah Alejado,Micah,Alejado,7700,QB,HAW,NMST @ HAW,09/13/2026 12:00 AM,https://dkn.gs/sports/images/cfb/teams/50/8316.png,NMST @ HAW,Night,CFB,9/13,Standard,CFB $20K Hook and Ladder [$5K to 1st] (Late Night);CFB $35K Late Night Snack [$10K to 1st] (Late Night);CFB $4K First Down (Late Night);CFB $3K Coffin Corner [Single Entry] (Late Night);CFB $2.4K Big House [Single Entry] (Late Night);CFB $2K Tailgate [3 Entry Max] (Late Night);CFB $50K Pocket Cup Qualifier #34 (Late Night);CFB $50K Pocket Cup Qualifier #35 (Late Night);CFB $1.8K Kick Return [Single Entry] (Late Night);CFB $1.5K Fourth Down Conversion (Late Night),195377008;195377010;195377006;195377018;195377004;195377009;195470707;195470708;195377016;195377011;195386816;195386815;195377007;195377014;195377005;195377012;195386812;195386809;195386808;195386810,"9/12 10:00PM, 4 Games"
Byrd Ficklin - Night,195377008;195377010;195377006;195377018;195377004;195377009;195470707;195470708;195377016;195377011;195386816;195386815;195377007;195377014;195377005;195377012;195386812;195386809;195386808;195386810,1582977,44082677,Byrd Ficklin,Byrd,Ficklin,7600,QB,UTAH,ARK @ UTAH,09/12/2026 10:15 PM,https://dkn.gs/sports/images/cfb/teams/50/8341.png,ARK @ UTAH,Night,CFB,9/12,Standard,CFB $20K Hook and Ladder [$5K to 1st] (Late Night);CFB $35K Late Night Snack [$10K to 1st] (Late Night);CFB $4K First Down (Late Night);CFB $3K Coffin Corner [Single Entry] (Late Night);CFB $2.4K Big House [Single Entry] (Late Night);CFB $2K Tailgate [3 Entry Max] (Late Night);CFB $50K Pocket Cup Qualifier #34 (Late Night);CFB $50K Pocket Cup Qualifier #35 (Late Night);CFB $1.8K Kick Return [Single Entry] (Late Night);CFB $1.5K Fourth Down Conversion (Late Night),195377008;195377010;195377006;195377018;195377004;195377009;195470707;195470708;195377016;195377011;195386816;195386815;195377007;195377014;195377005;195377012;195386812;195386809;195386808;195386810,"9/12 10:00PM, 4 Games"
Cam Coleman - Showdown Captain Mode (Flex),195582379;195582460;195580463;195582104;195581991;195582352;195477619;195477613;195581177;195478126;195478125;195478124;195478123;195478122;195478121;195478120;195477985;195477986;195478032;195478034,1506067,44095724,Cam Coleman,Cam,Coleman,7600,WR,TEX,OSU @ TEX,09/12/2026 07:30 PM,https://dkn.gs/sports/images/cfb/teams/50/8240.png,OSU @ TEX,Showdown Captain Mode,CFB,9/12,Flex,"CFB Showdown $240 Huddle [Single Entry] (OSU @ TEX);CFB Showdown $100 Redshirt [Single Entry] (OSU @ TEX);CFB Showdown $408 Winner Take All [$1.5K to 1st, Must Fill] (OSU @ TEX);CFB Showdown $530 Winner Take All [Must Fill] (OSU @ TEX);CFB Showdown $50 Quarter Jukebox [Just $0.25!] (OSU @ TEX);CFB Showdown $267 Winner Take All [Must Fill] (OSU @ TEX);CFB Showdown Satellite to NHL 11-3 $555 Barn Burner [Must Fill] (OSU @ TEX);CFB Showdown $100 Winner Take All [$460 to 1st] (Must Fill) (OSU @ TEX);CFB Showdown Satellite to NHL 9-29 $15 Opening Night Puck Drop [Must Fill] (OSU @ TEX);CFB Showdown Satellite to CFB $555 Mid-Season Main Event (10-10) (OSU @ TEX)",195582379;195582460;195580463;195582104;195581991;195582352;195477619;195477613;195581177;195478126;195478125;195478124;195478123;195478122;195478121;195478120;195477985;195477986;195478032;195478034,9/12 7:30PM (OSU @ TEX)
Cam Barfield - Showdown Captain Mode (Flex),195476961;195476957;195477828;195476965;195477831;195477827;195476958;195477835;195477829;195476959;195477834;195476960;195476962;195476963;195476964;195477944;195477943;195477942;195477941;195477940,1404178,44095577,Cam Barfield,Cam,Barfield,7600,RB,HAW,NMST @ HAW,09/13/2026 12:00 AM,https://dkn.gs/sports/images/cfb/teams/50/8316.png,NMST @ HAW,Showdown Captain Mode,CFB,9/13,Flex,"CFB Showdown $4K Air Raid [$1K to 1st] (NMST @ HAW);CFB Showdown $720 Kick Return [Single Entry, Top 2 Win] (NMST @ HAW);CFB Showdown $530 Winner Take All [Must Fill] (NMST @ HAW);CFB Showdown $200 Redshirt [Single Entry] (NMST @ HAW);CFB Showdown $408 Winner Take All [$1.5K to 1st, Must Fill] (NMST @ HAW);CFB Showdown $267 Winner Take All [Must Fill] (NMST @ HAW);CFB Showdown $155 White-Out [Single Entry] (NMST @ HAW);CFB Showdown Satellite to NHL 11-3 $555 Barn Burner [Must Fill] (NMST @ HAW);CFB Showdown $100 Winner Take All [$460 to 1st] (Must Fill) (NMST @ HAW);CFB Showdown $310 Blitz [Single Entry] (NMST @ HAW)",195476961;195476957;195477828;195476965;195477831;195477827;195476958;195477835;195477829;195476959;195477834;195476960;195476962;195476963;195476964;195477944;195477943;195477942;195477941;195477940,9/13 12:00AM (NMST @ HAW)
Preston Brown - Night,195377008;195377010;195377006;195377018;195377004;195377009;195470707;195470708;195377016;195377011;195386816;195386815;195377007;195377014;195377005;195377012;195386812;195386809;195386808;195386810,1600380,44082675,Preston Brown,Preston,Brown,7500,QB,NDSU,NDSU @ AF,09/12/2026 10:00 PM,,NDSU @ AF,Night,CFB,9/12,Standard,CFB $20K Hook and Ladder [$5K to 1st] (Late Night);CFB $35K Late Night Snack [$10K to 1st] (Late Night);CFB $4K First Down (Late Night);CFB $3K Coffin Corner [Single Entry] (Late Night);CFB $2.4K Big House [Single Entry] (Late Night);CFB $2K Tailgate [3 Entry Max] (Late Night);CFB $50K Pocket Cup Qualifier #34 (Late Night);CFB $50K Pocket Cup Qualifier #35 (Late Night);CFB $1.8K Kick Return [Single Entry] (Late Night);CFB $1.5K Fourth Down Conversion (Late Night),195377008;195377010;195377006;195377018;195377004;195377009;195470707;195470708;195377016;195377011;195386816;195386815;195377007;195377014;195377005;195377012;195386812;195386809;195386808;195386810,"9/12 10:00PM, 4 Games"
Spencer Barnett - Showdown Captain Mode (Captain),195582379;195582460;195580463;195582104;195581991;195582352;195477619;195477613;195581177;195478126;195478125;195478124;195478123;195478122;195478121;195478120;195477985;195477986;195478032;195478034,1521564,44095813,Spencer Barnett,Spencer,Barnett,7500,CPT,TEX,OSU @ TEX,09/12/2026 07:30 PM,https://dkn.gs/sports/images/cfb/teams/50/8240.png,OSU @ TEX,Showdown Captain Mode,CFB,9/12,Captain,"CFB Showdown $240 Huddle [Single Entry] (OSU @ TEX);CFB Showdown $100 Redshirt [Single Entry] (OSU @ TEX);CFB Showdown $408 Winner Take All [$1.5K to 1st, Must Fill] (OSU @ TEX);CFB Showdown $530 Winner Take All [Must Fill] (OSU @ TEX);CFB Showdown $50 Quarter Jukebox [Just $0.25!] (OSU @ TEX);CFB Showdown $267 Winner Take All [Must Fill] (OSU @ TEX);CFB Showdown Satellite to NHL 11-3 $555 Barn Burner [Must Fill] (OSU @ TEX);CFB Showdown $100 Winner Take All [$460 to 1st] (Must Fill) (OSU @ TEX);CFB Showdown Satellite to NHL 9-29 $15 Opening Night Puck Drop [Must Fill] (OSU @ TEX);CFB Showdown Satellite to CFB $555 Mid-Season Main Event (10-10) (OSU @ TEX)",195582379;195582460;195580463;195582104;195581991;195582352;195477619;195477613;195581177;195478126;195478125;195478124;195478123;195478122;195478121;195478120;195477985;195477986;195478032;195478034,9/12 7:30PM (OSU @ TEX)
Gianni Spetic - Showdown Captain Mode (Captain),195582379;195582460;195580463;195582104;195581991;195582352;195477619;195477613;195581177;195478126;195478125;195478124;195478123;195478122;195478121;195478120;195477985;195477986;195478032;195478034,1451401,44095814,Gianni Spetic,Gianni,Spetic,7500,CPT,TEX,OSU @ TEX,09/12/2026 07:30 PM,https://dkn.gs/sports/images/cfb/teams/50/8240.png,OSU @ TEX,Showdown Captain Mode,CFB,9/12,Captain,"CFB Showdown $240 Huddle [Single Entry] (OSU @ TEX);CFB Showdown $100 Redshirt [Single Entry] (OSU @ TEX);CFB Showdown $408 Winner Take All [$1.5K to 1st, Must Fill] (OSU @ TEX);CFB Showdown $530 Winner Take All [Must Fill] (OSU @ TEX);CFB Showdown $50 Quarter Jukebox [Just $0.25!] (OSU @ TEX);CFB Showdown $267 Winner Take All [Must Fill] (OSU @ TEX);CFB Showdown Satellite to NHL 11-3 $555 Barn Burner [Must Fill] (OSU @ TEX);CFB Showdown $100 Winner Take All [$460 to 1st] (Must Fill) (OSU @ TEX);CFB Showdown Satellite to NHL 9-29 $15 Opening Night Puck Drop [Must Fill] (OSU @ TEX);CFB Showdown Satellite to CFB $555 Mid-Season Main Event (10-10) (OSU @ TEX)",195582379;195582460;195580463;195582104;195581991;195582352;195477619;195477613;195581177;195478126;195478125;195478124;195478123;195478122;195478121;195478120;195477985;195477986;195478032;195478034,9/12 7:30PM (OSU @ TEX)
Jake Collett - Showdown Captain Mode (Captain),195582379;195582460;195580463;195582104;195581991;195582352;195477619;195477613;195581177;195478126;195478125;195478124;195478123;195478122;195478121;195478120;195477985;195477986;195478032;195478034,1645957,44095815,Jake Collett,Jake,Collett,7500,CPT,TEX,OSU @ TEX,09/12/2026 07:30 PM,https://dkn.gs/sports/images/cfb/teams/50/8240.png,OSU @ TEX,Showdown Captain Mode,CFB,9/12,Captain,"CFB Showdown $240 Huddle [Single Entry] (OSU @ TEX);CFB Showdown $100 Redshirt [Single Entry] (OSU @ TEX);CFB Showdown $408 Winner Take All [$1.5K to 1st, Must Fill] (OSU @ TEX);CFB Showdown $530 Winner Take All [Must Fill] (OSU @ TEX);CFB Showdown $50 Quarter Jukebox [Just $0.25!] (OSU @ TEX);CFB Showdown $267 Winner Take All [Must Fill] (OSU @ TEX);CFB Showdown Satellite to NHL 11-3 $555 Barn Burner [Must Fill] (OSU @ TEX);CFB Showdown $100 Winner Take All [$460 to 1st] (Must Fill) (OSU @ TEX);CFB Showdown Satellite to NHL 9-29 $15 Opening Night Puck Drop [Must Fill] (OSU @ TEX);CFB Showdown Satellite to CFB $555 Mid-Season Main Event (10-10) (OSU @ TEX)",195582379;195582460;195580463;195582104;195581991;195582352;195477619;195477613;195581177;195478126;195478125;195478124;195478123;195478122;195478121;195478120;195477985;195477986;195478032;195478034,9/12 7:30PM (OSU @ TEX)
Larry Simmons - Showdown Captain Mode (Captain),195476951;195476948;195476952;195477720;195477723;195476956;195477719;195477727;195477721;195476955;195477726;195476949;195476950;195476953;195476954;195567364;195477928;195477927;195477926;195477925,1395989,44095517,Larry Simmons,Larry,Simmons,7500,CPT,UTAH,ARK @ UTAH,09/12/2026 10:15 PM,https://dkn.gs/sports/images/cfb/teams/50/8341.png,ARK @ UTAH,Showdown Captain Mode,CFB,9/12,Captain,"CFB Showdown $6K Air Raid [$2K to 1st] (ARK @ UTAH);CFB Showdown $720 Kick Return [Single Entry, Top 2 Win] (ARK @ UTAH);CFB Showdown $750 First Down (ARK @ UTAH);CFB Showdown $530 Winner Take All [Must Fill] (ARK @ UTAH);CFB Showdown $408 Winner Take All [$1.5K to 1st, Must Fill] (ARK @ UTAH);CFB Showdown $400 Coffin Corner [Single Entry] (ARK @ UTAH);CFB Showdown $267 Winner Take All [Must Fill] (ARK @ UTAH);CFB Showdown Satellite to NHL 11-3 $555 Barn Burner [Must Fill] (ARK @ UTAH);CFB Showdown $100 Winner Take All [$460 to 1st] (Must Fill) (ARK @ UTAH);CFB Showdown $155 White-Out [Single Entry] (ARK @ UTAH)",195476951;195476948;195476952;195477720;195477723;195476956;195477719;195477727;195477721;195476955;195477726;195476949;195476950;195476953;195476954;195567364;195477928;195477927;195477926;195477925,9/12 10:15PM (ARK @ UTAH)
Sitani Mikaele - Showdown Captain Mode (Captain),195476961;195476957;195477828;195476965;195477831;195477827;195476958;195477835;195477829;195476959;195477834;195476960;195476962;195476963;195476964;195477944;195477943;195477942;195477941;195477940,1519580,44095664,Sitani Mikaele,Sitani,Mikaele,7500,CPT,HAW,NMST @ HAW,09/13/2026 12:00 AM,https://dkn.gs/sports/images/cfb/teams/50/8316.png,NMST @ HAW,Showdown Captain Mode,CFB,9/13,Captain,"CFB Showdown $4K Air Raid [$1K to 1st] (NMST @ HAW);CFB Showdown $720 Kick Return [Single Entry, Top 2 Win] (NMST @ HAW);CFB Showdown $530 Winner Take All [Must Fill] (NMST @ HAW);CFB Showdown $200 Redshirt [Single Entry] (NMST @ HAW);CFB Showdown $408 Winner Take All [$1.5K to 1st, Must Fill] (NMST @ HAW);CFB Showdown $267 Winner Take All [Must Fill] (NMST @ HAW);CFB Showdown $155 White-Out [Single Entry] (NMST @ HAW);CFB Showdown Satellite to NHL 11-3 $555 Barn Burner [Must Fill] (NMST @ HAW);CFB Showdown $100 Winner Take All [$460 to 1st] (Must Fill) (NMST @ HAW);CFB Showdown $310 Blitz [Single Entry] (NMST @ HAW)",195476961;195476957;195477828;195476965;195477831;195477827;195476958;195477835;195477829;195476959;195477834;195476960;195476962;195476963;195476964;195477944;195477943;195477942;195477941;195477940,9/13 12:00AM (NMST @ HAW)
Ryan Wingo - Showdown Captain Mode (Flex),195582379;195582460;195580463;195582104;195581991;195582352;195477619;195477613;195581177;195478126;195478125;195478124;195478123;195478122;195478121;195478120;195477985;195477986;195478032;195478034,1506377,44095725,Ryan Wingo,Ryan,Wingo,7400,WR,TEX,OSU @ TEX,09/12/2026 07:30 PM,https://dkn.gs/sports/images/cfb/teams/50/8240.png,OSU @ TEX,Showdown Captain Mode,CFB,9/12,Flex,"CFB Showdown $240 Huddle [Single Entry] (OSU @ TEX);CFB Showdown $100 Redshirt [Single Entry] (OSU @ TEX);CFB Showdown $408 Winner Take All [$1.5K to 1st, Must Fill] (OSU @ TEX);CFB Showdown $530 Winner Take All [Must Fill] (OSU @ TEX);CFB Showdown $50 Quarter Jukebox [Just $0.25!] (OSU @ TEX);CFB Showdown $267 Winner Take All [Must Fill] (OSU @ TEX);CFB Showdown Satellite to NHL 11-3 $555 Barn Burner [Must Fill] (OSU @ TEX);CFB Showdown $100 Winner Take All [$460 to 1st] (Must Fill) (OSU @ TEX);CFB Showdown Satellite to NHL 9-29 $15 Opening Night Puck Drop [Must Fill] (OSU @ TEX);CFB Showdown Satellite to CFB $555 Mid-Season Main Event (10-10) (OSU @ TEX)",195582379;195582460;195580463;195582104;195581991;195582352;195477619;195477613;195581177;195478126;195478125;195478124;195478123;195478122;195478121;195478120;195477985;195477986;195478032;195478034,9/12 7:30PM (OSU @ TEX)
Braden Pegan - Showdown Captain Mode (Flex),195476951;195476948;195476952;195477720;195477723;195476956;195477719;195477727;195477721;195476955;195477726;195476949;195476950;195476953;195476954;195567364;195477928;195477927;195477926;195477925,1405422,44095425,Braden Pegan,Braden,Pegan,7400,WR,UTAH,ARK @ UTAH,09/12/2026 10:15 PM,https://dkn.gs/sports/images/cfb/teams/50/8341.png,ARK @ UTAH,Showdown Captain Mode,CFB,9/12,Flex,"CFB Showdown $6K Air Raid [$2K to 1st] (ARK @ UTAH);CFB Showdown $720 Kick Return [Single Entry, Top 2 Win] (ARK @ UTAH);CFB Showdown $750 First Down (ARK @ UTAH);CFB Showdown $530 Winner Take All [Must Fill] (ARK @ UTAH);CFB Showdown $408 Winner Take All [$1.5K to 1st, Must Fill] (ARK @ UTAH);CFB Showdown $400 Coffin Corner [Single Entry] (ARK @ UTAH);CFB Showdown $267 Winner Take All [Must Fill] (ARK @ UTAH);CFB Showdown Satellite to NHL 11-3 $555 Barn Burner [Must Fill] (ARK @ UTAH);CFB Showdown $100 Winner Take All [$460 to 1st] (Must Fill) (ARK @ UTAH);CFB Showdown $155 White-Out [Single Entry] (ARK @ UTAH)",195476951;195476948;195476952;195477720;195477723;195476956;195477719;195477727;195477721;195476955;195477726;195476949;195476950;195476953;195476954;195567364;195477928;195477927;195477926;195477925,9/12 10:15PM (ARK @ UTAH)
Adam Damante - Showdown Captain Mode (Flex),195476961;195476957;195477828;195476965;195477831;195477827;195476958;195477835;195477829;195476959;195477834;195476960;195476962;195476963;195476964;195477944;195477943;195477942;195477941;195477940,1453347,44095578,Adam Damante,Adam,Damante,7400,QB,NMST,NMST @ HAW,09/13/2026 12:00 AM,https://dkn.gs/sports/images/cfb/teams/50/7946.png,NMST @ HAW,Showdown Captain Mode,CFB,9/13,Flex,"CFB Showdown $4K Air Raid [$1K to 1st] (NMST @ HAW);CFB Showdown $720 Kick Return [Single Entry, Top 2 Win] (NMST @ HAW);CFB Showdown $530 Winner Take All [Must Fill] (NMST @ HAW);CFB Showdown $200 Redshirt [Single Entry] (NMST @ HAW);CFB Showdown $408 Winner Take All [$1.5K to 1st, Must Fill] (NMST @ HAW);CFB Showdown $267 Winner Take All [Must Fill] (NMST @ HAW);CFB Showdown $155 White-Out [Single Entry] (NMST @ HAW);CFB Showdown Satellite to NHL 11-3 $555 Barn Burner [Must Fill] (NMST @ HAW);CFB Showdown $100 Winner Take All [$460 to 1st] (Must Fill) (NMST @ HAW);CFB Showdown $310 Blitz [Single Entry] (NMST @ HAW)",195476961;195476957;195477828;195476965;195477831;195477827;195476958;195477835;195477829;195476959;195477834;195476960;195476962;195476963;195476964;195477944;195477943;195477942;195477941;195477940,9/13 12:00AM (NMST @ HAW)
Evan Medders - Night,195377008;195377010;195377006;195377018;195377004;195377009;195470707;195470708;195377016;195377011;195386816;195386815;195377007;195377014;195377005;195377012;195386812;195386809;195386808;195386810,1610253,44082679,Evan Medders,Evan,Medders,7300,QB,AF,NDSU @ AF,09/12/2026 10:00 PM,https://dkn.gs/sports/images/cfb/teams/50/8274.png,NDSU @ AF,Night,CFB,9/12,Standard,CFB $20K Hook and Ladder [$5K to 1st] (Late Night);CFB $35K Late Night Snack [$10K to 1st] (Late Night);CFB $4K First Down (Late Night);CFB $3K Coffin Corner [Single Entry] (Late Night);CFB $2.4K Big House [Single Entry] (Late Night);CFB $2K Tailgate [3 Entry Max] (Late Night);CFB $50K Pocket Cup Qualifier #34 (Late Night);CFB $50K Pocket Cup Qualifier #35 (Late Night);CFB $1.8K Kick Return [Single Entry] (Late Night);CFB $1.5K Fourth Down Conversion (Late Night),195377008;195377010;195377006;195377018;195377004;195377009;195470707;195470708;195377016;195377011;195386816;195386815;195377007;195377014;195377005;195377012;195386812;195386809;195386808;195386810,"9/12 10:00PM, 4 Games"
Marcello Diomede - Showdown Captain Mode (Captain),195582379;195582460;195580463;195582104;195581991;195582352;195477619;195477613;195581177;195478126;195478125;195478124;195478123;195478122;195478121;195478120;195477985;195477986;195478032;195478034,1451508,44095816,Marcello Diomede,Marcello,Diomede,7200,CPT,OSU,OSU @ TEX,09/12/2026 07:30 PM,https://dkn.gs/sports/images/cfb/teams/50/7874.png,OSU @ TEX,Showdown Captain Mode,CFB,9/12,Captain,"CFB Showdown $240 Huddle [Single Entry] (OSU @ TEX);CFB Showdown $100 Redshirt [Single Entry] (OSU @ TEX);CFB Showdown $408 Winner Take All [$1.5K to 1st, Must Fill] (OSU @ TEX);CFB Showdown $530 Winner Take All [Must Fill] (OSU @ TEX);CFB Showdown $50 Quarter Jukebox [Just $0.25!] (OSU @ TEX);CFB Showdown $267 Winner Take All [Must Fill] (OSU @ TEX);CFB Showdown Satellite to NHL 11-3 $555 Barn Burner [Must Fill] (OSU @ TEX);CFB Showdown $100 Winner Take All [$460 to 1st] (Must Fill) (OSU @ TEX);CFB Showdown Satellite to NHL 9-29 $15 Opening Night Puck Drop [Must Fill] (OSU @ TEX);CFB Showdown Satellite to CFB $555 Mid-Season Main Event (10-10) (OSU @ TEX)",195582379;195582460;195580463;195582104;195581991;195582352;195477619;195477613;195581177;195478126;195478125;195478124;195478123;195478122;195478121;195478120;195477985;195477986;195478032;195478034,9/12 7:30PM (OSU @ TEX)
Cooper Peterson - Showdown Captain Mode (Captain),195582379;195582460;195580463;195582104;195581991;195582352;195477619;195477613;195581177;195478126;195478125;195478124;195478123;195478122;195478121;195478120;195477985;195477986;195478032;195478034,1653721,44095817,Cooper Peterson,Cooper,Peterson,7200,CPT,OSU,OSU @ TEX,09/12/2026 07:30 PM,https://dkn.gs/sports/images/cfb/teams/50/7874.png,OSU @ TEX,Showdown Captain Mode,CFB,9/12,Captain,"CFB Showdown $240 Huddle [Single Entry] (OSU @ TEX);CFB Showdown $100 Redshirt [Single Entry] (OSU @ TEX);CFB Showdown $408 Winner Take All [$1.5K to 1st, Must Fill] (OSU @ TEX);CFB Showdown $530 Winner Take All [Must Fill] (OSU @ TEX);CFB Showdown $50 Quarter Jukebox [Just $0.25!] (OSU @ TEX);CFB Showdown $267 Winner Take All [Must Fill] (OSU @ TEX);CFB Showdown Satellite to NHL 11-3 $555 Barn Burner [Must Fill] (OSU @ TEX);CFB Showdown $100 Winner Take All [$460 to 1st] (Must Fill) (OSU @ TEX);CFB Showdown Satellite to NHL 9-29 $15 Opening Night Puck Drop [Must Fill] (OSU @ TEX);CFB Showdown Satellite to CFB $555 Mid-Season Main Event (10-10) (OSU @ TEX)",195582379;195582460;195580463;195582104;195581991;195582352;195477619;195477613;195581177;195478126;195478125;195478124;195478123;195478122;195478121;195478120;195477985;195477986;195478032;195478034,9/12 7:30PM (OSU @ TEX)
Connor Hawkins - Showdown Captain Mode (Captain),195582379;195582460;195580463;195582104;195581991;195582352;195477619;195477613;195581177;195478126;195478125;195478124;195478123;195478122;195478121;195478120;195477985;195477986;195478032;195478034,1529144,44095818,Connor Hawkins,Connor,Hawkins,7200,CPT,OSU,OSU @ TEX,09/12/2026 07:30 PM,https://dkn.gs/sports/images/cfb/teams/50/7874.png,OSU @ TEX,Showdown Captain Mode,CFB,9/12,Captain,"CFB Showdown $240 Huddle [Single Entry] (OSU @ TEX);CFB Showdown $100 Redshirt [Single Entry] (OSU @ TEX);CFB Showdown $408 Winner Take All [$1.5K to 1st, Must Fill] (OSU @ TEX);CFB Showdown $530 Winner Take All [Must Fill] (OSU @ TEX);CFB Showdown $50 Quarter Jukebox [Just $0.25!] (OSU @ TEX);CFB Showdown $267 Winner Take All [Must Fill] (OSU @ TEX);CFB Showdown Satellite to NHL 11-3 $555 Barn Burner [Must Fill] (OSU @ TEX);CFB Showdown $100 Winner Take All [$460 to 1st] (Must Fill) (OSU @ TEX);CFB Showdown Satellite to NHL 9-29 $15 Opening Night Puck Drop [Must Fill] (OSU @ TEX);CFB Showdown Satellite to CFB $555 Mid-Season Main Event (10-10) (OSU @ TEX)",195582379;195582460;195580463;195582104;195581991;195582352;195477619;195477613;195581177;195478126;195478125;195478124;195478123;195478122;195478121;195478120;195477985;195477986;195478032;195478034,9/12 7:30PM (OSU @ TEX)
LaMarcus Bell - Showdown Captain Mode (Flex),195476951;195476948;195476952;195477720;195477723;195476956;195477719;195477727;195477721;195476955;195477726;195476949;195476950;195476953;195476954;195567364;195477928;195477927;195477926;195477925,1648191,44095426,LaMarcus Bell,LaMarcus,Bell,7200,RB,UTAH,ARK @ UTAH,09/12/2026 10:15 PM,https://dkn.gs/sports/images/cfb/teams/50/8341.png,ARK @ UTAH,Showdown Captain Mode,CFB,9/12,Flex,"CFB Showdown $6K Air Raid [$2K to 1st] (ARK @ UTAH);CFB Showdown $720 Kick Return [Single Entry, Top 2 Win] (ARK @ UTAH);CFB Showdown $750 First Down (ARK @ UTAH);CFB Showdown $530 Winner Take All [Must Fill] (ARK @ UTAH);CFB Showdown $408 Winner Take All [$1.5K to 1st, Must Fill] (ARK @ UTAH);CFB Showdown $400 Coffin Corner [Single Entry] (ARK @ UTAH);CFB Showdown $267 Winner Take All [Must Fill] (ARK @ UTAH);CFB Showdown Satellite to NHL 11-3 $555 Barn Burner [Must Fill] (ARK @ UTAH);CFB Showdown $100 Winner Take All [$460 to 1st] (Must Fill) (ARK @ UTAH);CFB Showdown $155 White-Out [Single Entry] (ARK @ UTAH)",195476951;195476948;195476952;195477720;195477723;195476956;195477719;195477727;195477721;195476955;195477726;195476949;195476950;195476953;195476954;195567364;195477928;195477927;195477926;195477925,9/12 10:15PM (ARK @ UTAH)
Tama Uiliata - Showdown Captain Mode (Flex),195476961;195476957;195477828;195476965;195477831;195477827;195476958;195477835;195477829;195476959;195477834;195476960;195476962;195476963;195476964;195477944;195477943;195477942;195477941;195477940,1509411,44095579,Tama Uiliata,Tama,Uiliata,7200,WR,HAW,NMST @ HAW,09/13/2026 12:00 AM,https://dkn.gs/sports/images/cfb/teams/50/8316.png,NMST @ HAW,Showdown Captain Mode,CFB,9/13,Flex,"CFB Showdown $4K Air Raid [$1K to 1st] (NMST @ HAW);CFB Showdown $720 Kick Return [Single Entry, Top 2 Win] (NMST @ HAW);CFB Showdown $530 Winner Take All [Must Fill] (NMST @ HAW);CFB Showdown $200 Redshirt [Single Entry] (NMST @ HAW);CFB Showdown $408 Winner Take All [$1.5K to 1st, Must Fill] (NMST @ HAW);CFB Showdown $267 Winner Take All [Must Fill] (NMST @ HAW);CFB Showdown $155 White-Out [Single Entry] (NMST @ HAW);CFB Showdown Satellite to NHL 11-3 $555 Barn Burner [Must Fill] (NMST @ HAW);CFB Showdown $100 Winner Take All [$460 to 1st] (Must Fill) (NMST @ HAW);CFB Showdown $310 Blitz [Single Entry] (NMST @ HAW)",195476961;195476957;195477828;195476965;195477831;195477827;195476958;195477835;195477829;195476959;195477834;195476960;195476962;195476963;195476964;195477944;195477943;195477942;195477941;195477940,9/13 12:00AM (NMST @ HAW)
AJ Williams III - Showdown Captain Mode (Captain),195476961;195476957;195477828;195476965;195477831;195477827;195476958;195477835;195477829;195476959;195477834;195476960;195476962;195476963;195476964;195477944;195477943;195477942;195477941;195477940,1587725,44095665,AJ Williams III,AJ,Williams III,7200,CPT,NMST,NMST @ HAW,09/13/2026 12:00 AM,https://dkn.gs/sports/images/cfb/teams/50/7946.png,NMST @ HAW,Showdown Captain Mode,CFB,9/13,Captain,"CFB Showdown $4K Air Raid [$1K to 1st] (NMST @ HAW);CFB Showdown $720 Kick Return [Single Entry, Top 2 Win] (NMST @ HAW);CFB Showdown $530 Winner Take All [Must Fill] (NMST @ HAW);CFB Showdown $200 Redshirt [Single Entry] (NMST @ HAW);CFB Showdown $408 Winner Take All [$1.5K to 1st, Must Fill] (NMST @ HAW);CFB Showdown $267 Winner Take All [Must Fill] (NMST @ HAW);CFB Showdown $155 White-Out [Single Entry] (NMST @ HAW);CFB Showdown Satellite to NHL 11-3 $555 Barn Burner [Must Fill] (NMST @ HAW);CFB Showdown $100 Winner Take All [$460 to 1st] (Must Fill) (NMST @ HAW);CFB Showdown $310 Blitz [Single Entry] (NMST @ HAW)",195476961;195476957;195477828;195476965;195477831;195477827;195476958;195477835;195477829;195476959;195477834;195476960;195476962;195476963;195476964;195477944;195477943;195477942;195477941;195477940,9/13 12:00AM (NMST @ HAW)
Bjorn Jurgensen - Night,195377008;195377010;195377006;195377018;195377004;195377009;195470707;195470708;195377016;195377011;195386816;195386815;195377007;195377014;195377005;195377012;195386812;195386809;195386808;195386810,1583196,44082681,Bjorn Jurgensen,Bjorn,Jurgensen,7000,QB,HAW,NMST @ HAW,09/13/2026 12:00 AM,https://dkn.gs/sports/images/cfb/teams/50/8316.png,NMST @ HAW,Night,CFB,9/13,Standard,CFB $20K Hook and Ladder [$5K to 1st] (Late Night);CFB $35K Late Night Snack [$10K to 1st] (Late Night);CFB $4K First Down (Late Night);CFB $3K Coffin Corner [Single Entry] (Late Night);CFB $2.4K Big House [Single Entry] (Late Night);CFB $2K Tailgate [3 Entry Max] (Late Night);CFB $50K Pocket Cup Qualifier #34 (Late Night);CFB $50K Pocket Cup Qualifier #35 (Late Night);CFB $1.8K Kick Return [Single Entry] (Late Night);CFB $1.5K Fourth Down Conversion (Late Night),195377008;195377010;195377006;195377018;195377004;195377009;195470707;195470708;195377016;195377011;195386816;195386815;195377007;195377014;195377005;195377012;195386812;195386809;195386808;195386810,"9/12 10:00PM, 4 Games"
King Miller - Night,195377008;195377010;195377006;195377018;195377004;195377009;195470707;195470708;195377016;195377011;195386816;195386815;195377007;195377014;195377005;195377012;195386812;195386809;195386808;195386810,1538980,44082754,King Miller,King,Miller,7000,RB,USC,ULL @ USC,09/12/2026 11:00 PM,https://dkn.gs/sports/images/cfb/teams/50/8080.png,ULL @ USC,Night,CFB,9/12,Standard,CFB $20K Hook and Ladder [$5K to 1st] (Late Night);CFB $35K Late Night Snack [$10K to 1st] (Late Night);CFB $4K First Down (Late Night);CFB $3K Coffin Corner [Single Entry] (Late Night);CFB $2.4K Big House [Single Entry] (Late Night);CFB $2K Tailgate [3 Entry Max] (Late Night);CFB $50K Pocket Cup Qualifier #34 (Late Night);CFB $50K Pocket Cup Qualifier #35 (Late Night);CFB $1.8K Kick Return [Single Entry] (Late Night);CFB $1.5K Fourth Down Conversion (Late Night),195377008;195377010;195377006;195377018;195377004;195377009;195470707;195470708;195377016;195377011;195386816;195386815;195377007;195377014;195377005;195377012;195386812;195386809;195386808;195386810,"9/12 10:00PM, 4 Games"
Sutton Smith - Showdown Captain Mode (Flex),195476951;195476948;195476952;195477720;195477723;195476956;195477719;195477727;195477721;195476955;195477726;195476949;195476950;195476953;195476954;195567364;195477928;195477927;195477926;195477925,1400570,44095427,Sutton Smith,Sutton,Smith,7000,RB,ARK,ARK @ UTAH,09/12/2026 10:15 PM,https://dkn.gs/sports/images/cfb/teams/50/8175.png,ARK @ UTAH,Showdown Captain Mode,CFB,9/12,Flex,"CFB Showdown $6K Air Raid [$2K to 1st] (ARK @ UTAH);CFB Showdown $720 Kick Return [Single Entry, Top 2 Win] (ARK @ UTAH);CFB Showdown $750 First Down (ARK @ UTAH);CFB Showdown $530 Winner Take All [Must Fill] (ARK @ UTAH);CFB Showdown $408 Winner Take All [$1.5K to 1st, Must Fill] (ARK @ UTAH);CFB Showdown $400 Coffin Corner [Single Entry] (ARK @ UTAH);CFB Showdown $267 Winner Take All [Must Fill] (ARK @ UTAH);CFB Showdown Satellite to NHL 11-3 $555 Barn Burner [Must Fill] (ARK @ UTAH);CFB Showdown $100 Winner Take All [$460 to 1st] (Must Fill) (ARK @ UTAH);CFB Showdown $155 White-Out [Single Entry] (ARK @ UTAH)",195476951;195476948;195476952;195477720;195477723;195476956;195477719;195477727;195477721;195476955;195477726;195476949;195476950;195476953;195476954;195567364;195477928;195477927;195477926;195477925,9/12 10:15PM (ARK @ UTAH)
Ja'Kobi Jackson - Showdown Captain Mode (Captain),195582379;195582460;195580463;195582104;195581991;195582352;195477619;195477613;195581177;195478126;195478125;195478124;195478123;195478122;195478121;195478120;195477985;195477986;195478032;195478034,1456696,44095819,Ja'Kobi Jackson,Ja'Kobi,Jackson,6900,CPT,OSU,OSU @ TEX,09/12/2026 07:30 PM,https://dkn.gs/sports/images/cfb/teams/50/7874.png,OSU @ TEX,Showdown Captain Mode,CFB,9/12,Captain,"CFB Showdown $240 Huddle [Single Entry] (OSU @ TEX);CFB Showdown $100 Redshirt [Single Entry] (OSU @ TEX);CFB Showdown $408 Winner Take All [$1.5K to 1st, Must Fill] (OSU @ TEX);CFB Showdown $530 Winner Take All [Must Fill] (OSU @ TEX);CFB Showdown $50 Quarter Jukebox [Just $0.25!] (OSU @ TEX);CFB Showdown $267 Winner Take All [Must Fill] (OSU @ TEX);CFB Showdown Satellite to NHL 11-3 $555 Barn Burner [Must Fill] (OSU @ TEX);CFB Showdown $100 Winner Take All [$460 to 1st] (Must Fill) (OSU @ TEX);CFB Showdown Satellite to NHL 9-29 $15 Opening Night Puck Drop [Must Fill] (OSU @ TEX);CFB Showdown Satellite to CFB $555 Mid-Season Main Event (10-10) (OSU @ TEX)",195582379;195582460;195580463;195582104;195581991;195582352;195477619;195477613;195581177;195478126;195478125;195478124;195478123;195478122;195478121;195478120;195477985;195477986;195478032;195478034,9/12 7:30PM (OSU @ TEX)
Jasper Parker - Showdown Captain Mode (Captain),195476951;195476948;195476952;195477720;195477723;195476956;195477719;195477727;195477721;195476955;195477726;195476949;195476950;195476953;195476954;195567364;195477928;195477927;195477926;195477925,1599295,44095518,Jasper Parker,Jasper,Parker,6900,CPT,ARK,ARK @ UTAH,09/12/2026 10:15 PM,https://dkn.gs/sports/images/cfb/teams/50/8175.png,ARK @ UTAH,Showdown Captain Mode,CFB,9/12,Captain,"CFB Showdown $6K Air Raid [$2K to 1st] (ARK @ UTAH);CFB Showdown $720 Kick Return [Single Entry, Top 2 Win] (ARK @ UTAH);CFB Showdown $750 First Down (ARK @ UTAH);CFB Showdown $530 Winner Take All [Must Fill] (ARK @ UTAH);CFB Showdown $408 Winner Take All [$1.5K to 1st, Must Fill] (ARK @ UTAH);CFB Showdown $400 Coffin Corner [Single Entry] (ARK @ UTAH);CFB Showdown $267 Winner Take All [Must Fill] (ARK @ UTAH);CFB Showdown Satellite to NHL 11-3 $555 Barn Burner [Must Fill] (ARK @ UTAH);CFB Showdown $100 Winner Take All [$460 to 1st] (Must Fill) (ARK @ UTAH);CFB Showdown $155 White-Out [Single Entry] (ARK @ UTAH)",195476951;195476948;195476952;195477720;195477723;195476956;195477719;195477727;195477721;195476955;195477726;195476949;195476950;195476953;195476954;195567364;195477928;195477927;195477926;195477925,9/12 10:15PM (ARK @ UTAH)
Ilya Uvaydov - Showdown Captain Mode (Captain),195476961;195476957;195477828;195476965;195477831;195477827;195476958;195477835;195477829;195476959;195477834;195476960;195476962;195476963;195476964;195477944;195477943;195477942;195477941;195477940,1405245,44095666,Ilya Uvaydov,Ilya,Uvaydov,6900,CPT,NMST,NMST @ HAW,09/13/2026 12:00 AM,https://dkn.gs/sports/images/cfb/teams/50/7946.png,NMST @ HAW,Showdown Captain Mode,CFB,9/13,Captain,"CFB Showdown $4K Air Raid [$1K to 1st] (NMST @ HAW);CFB Showdown $720 Kick Return [Single Entry, Top 2 Win] (NMST @ HAW);CFB Showdown $530 Winner Take All [Must Fill] (NMST @ HAW);CFB Showdown $200 Redshirt [Single Entry] (NMST @ HAW);CFB Showdown $408 Winner Take All [$1.5K to 1st, Must Fill] (NMST @ HAW);CFB Showdown $267 Winner Take All [Must Fill] (NMST @ HAW);CFB Showdown $155 White-Out [Single Entry] (NMST @ HAW);CFB Showdown Satellite to NHL 11-3 $555 Barn Burner [Must Fill] (NMST @ HAW);CFB Showdown $100 Winner Take All [$460 to 1st] (Must Fill) (NMST @ HAW);CFB Showdown $310 Blitz [Single Entry] (NMST @ HAW)",195476961;195476957;195477828;195476965;195477831;195477827;195476958;195477835;195477829;195476959;195477834;195476960;195476962;195476963;195476964;195477944;195477943;195477942;195477941;195477940,9/13 12:00AM (NMST @ HAW)
David Barker - Showdown Captain Mode (Captain),195476961;195476957;195477828;195476965;195477831;195477827;195476958;195477835;195477829;195476959;195477834;195476960;195476962;195476963;195476964;195477944;195477943;195477942;195477941;195477940,1584642,44095667,David Barker,David,Barker,6900,CPT,NMST,NMST @ HAW,09/13/2026 12:00 AM,https://dkn.gs/sports/images/cfb/teams/50/7946.png,NMST @ HAW,Showdown Captain Mode,CFB,9/13,Captain,"CFB Showdown $4K Air Raid [$1K to 1st] (NMST @ HAW);CFB Showdown $720 Kick Return [Single Entry, Top 2 Win] (NMST @ HAW);CFB Showdown $530 Winner Take All [Must Fill] (NMST @ HAW);CFB Showdown $200 Redshirt [Single Entry] (NMST @ HAW);CFB Showdown $408 Winner Take All [$1.5K to 1st, Must Fill] (NMST @ HAW);CFB Showdown $267 Winner Take All [Must Fill] (NMST @ HAW);CFB Showdown $155 White-Out [Single Entry] (NMST @ HAW);CFB Showdown Satellite to NHL 11-3 $555 Barn Burner [Must Fill] (NMST @ HAW);CFB Showdown $100 Winner Take All [$460 to 1st] (Must Fill) (NMST @ HAW);CFB Showdown $310 Blitz [Single Entry] (NMST @ HAW)",195476961;195476957;195477828;195476965;195477831;195477827;195476958;195477835;195477829;195476959;195477834;195476960;195476962;195476963;195476964;195477944;195477943;195477942;195477941;195477940,9/13 12:00AM (NMST @ HAW)
Kyah Francone - Showdown Captain Mode (Captain),195476961;195476957;195477828;195476965;195477831;195477827;195476958;195477835;195477829;195476959;195477834;195476960;195476962;195476963;195476964;195477944;195477943;195477942;195477941;195477940,1588849,44095668,Kyah Francone,Kyah,Francone,6900,CPT,NMST,NMST @ HAW,09/13/2026 12:00 AM,https://dkn.gs/sports/images/cfb/teams/50/7946.png,NMST @ HAW,Showdown Captain Mode,CFB,9/13,Captain,"CFB Showdown $4K Air Raid [$1K to 1st] (NMST @ HAW);CFB Showdown $720 Kick Return [Single Entry, Top 2 Win] (NMST @ HAW);CFB Showdown $530 Winner Take All [Must Fill] (NMST @ HAW);CFB Showdown $200 Redshirt [Single Entry] (NMST @ HAW);CFB Showdown $408 Winner Take All [$1.5K to 1st, Must Fill] (NMST @ HAW);CFB Showdown $267 Winner Take All [Must Fill] (NMST @ HAW);CFB Showdown $155 White-Out [Single Entry] (NMST @ HAW);CFB Showdown Satellite to NHL 11-3 $555 Barn Burner [Must Fill] (NMST @ HAW);CFB Showdown $100 Winner Take All [$460 to 1st] (Must Fill) (NMST @ HAW);CFB Showdown $310 Blitz [Single Entry] (NMST @ HAW)",195476961;195476957;195477828;195476965;195477831;195477827;195476958;195477835;195477829;195476959;195477834;195476960;195476962;195476963;195476964;195477944;195477943;195477942;195477941;195477940,9/13 12:00AM (NMST @ HAW)
Waymond Jordan - Night,195377008;195377010;195377006;195377018;195377004;195377009;195470707;195470708;195377016;195377011;195386816;195386815;195377007;195377014;195377005;195377012;195386812;195386809;195386808;195386810,1587700,44082757,Waymond Jordan,Waymond,Jordan,6800,RB,USC,ULL @ USC,09/12/2026 11:00 PM,https://dkn.gs/sports/images/cfb/teams/50/8080.png,ULL @ USC,Night,CFB,9/12,Standard,CFB $20K Hook and Ladder [$5K to 1st] (Late Night);CFB $35K Late Night Snack [$10K to 1st] (Late Night);CFB $4K First Down (Late Night);CFB $3K Coffin Corner [Single Entry] (Late Night);CFB $2.4K Big House [Single Entry] (Late Night);CFB $2K Tailgate [3 Entry Max] (Late Night);CFB $50K Pocket Cup Qualifier #34 (Late Night);CFB $50K Pocket Cup Qualifier #35 (Late Night);CFB $1.8K Kick Return [Single Entry] (Late Night);CFB $1.5K Fourth Down Conversion (Late Night),195377008;195377010;195377006;195377018;195377004;195377009;195470707;195470708;195377016;195377011;195386816;195386815;195377007;195377014;195377005;195377012;195386812;195386809;195386808;195386810,"9/12 10:00PM, 4 Games"
Raleek Brown - Showdown Captain Mode (Flex),195582379;195582460;195580463;195582104;195581991;195582352;195477619;195477613;195581177;195478126;195478125;195478124;195478123;195478122;195478121;195478120;195477985;195477986;195478032;195478034,1401098,44095726,Raleek Brown,Raleek,Brown,6800,RB,TEX,OSU @ TEX,09/12/2026 07:30 PM,https://dkn.gs/sports/images/cfb/teams/50/8240.png,OSU @ TEX,Showdown Captain Mode,CFB,9/12,Flex,"CFB Showdown $240 Huddle [Single Entry] (OSU @ TEX);CFB Showdown $100 Redshirt [Single Entry] (OSU @ TEX);CFB Showdown $408 Winner Take All [$1.5K to 1st, Must Fill] (OSU @ TEX);CFB Showdown $530 Winner Take All [Must Fill] (OSU @ TEX);CFB Showdown $50 Quarter Jukebox [Just $0.25!] (OSU @ TEX);CFB Showdown $267 Winner Take All [Must Fill] (OSU @ TEX);CFB Showdown Satellite to NHL 11-3 $555 Barn Burner [Must Fill] (OSU @ TEX);CFB Showdown $100 Winner Take All [$460 to 1st] (Must Fill) (OSU @ TEX);CFB Showdown Satellite to NHL 9-29 $15 Opening Night Puck Drop [Must Fill] (OSU @ TEX);CFB Showdown Satellite to CFB $555 Mid-Season Main Event (10-10) (OSU @ TEX)",195582379;195582460;195580463;195582104;195581991;195582352;195477619;195477613;195581177;195478126;195478125;195478124;195478123;195478122;195478121;195478120;195477985;195477986;195478032;195478034,9/12 7:30PM (OSU @ TEX)
TK King - Showdown Captain Mode (Flex),195476961;195476957;195477828;195476965;195477831;195477827;195476958;195477835;195477829;195476959;195477834;195476960;195476962;195476963;195476964;195477944;195477943;195477942;195477941;195477940,1389629,44095580,TK King,TK,King,6800,WR,NMST,NMST @ HAW,09/13/2026 12:00 AM,https://dkn.gs/sports/images/cfb/teams/50/7946.png,NMST @ HAW,Showdown Captain Mode,CFB,9/13,Flex,"CFB Showdown $4K Air Raid [$1K to 1st] (NMST @ HAW);CFB Showdown $720 Kick Return [Single Entry, Top 2 Win] (NMST @ HAW);CFB Showdown $530 Winner Take All [Must Fill] (NMST @ HAW);CFB Showdown $200 Redshirt [Single Entry] (NMST @ HAW);CFB Showdown $408 Winner Take All [$1.5K to 1st, Must Fill] (NMST @ HAW);CFB Showdown $267 Winner Take All [Must Fill] (NMST @ HAW);CFB Showdown $155 White-Out [Single Entry] (NMST @ HAW);CFB Showdown Satellite to NHL 11-3 $555 Barn Burner [Must Fill] (NMST @ HAW);CFB Showdown $100 Winner Take All [$460 to 1st] (Must Fill) (NMST @ HAW);CFB Showdown $310 Blitz [Single Entry] (NMST @ HAW)",195476961;195476957;195477828;195476965;195477831;195477827;195476958;195477835;195477829;195476959;195477834;195476960;195476962;195476963;195476964;195477944;195477943;195477942;195477941;195477940,9/13 12:00AM (NMST @ HAW)
Wayshawn Parker - Night,195377008;195377010;195377006;195377018;195377004;195377009;195470707;195470708;195377016;195377011;195386816;195386815;195377007;195377014;195377005;195377012;195386812;195386809;195386808;195386810,1506517,44082751,Wayshawn Parker,Wayshawn,Parker,6700,RB,UTAH,ARK @ UTAH,09/12/2026 10:15 PM,https://dkn.gs/sports/images/cfb/teams/50/8341.png,ARK @ UTAH,Night,CFB,9/12,Standard,CFB $20K Hook and Ladder [$5K to 1st] (Late Night);CFB $35K Late Night Snack [$10K to 1st] (Late Night);CFB $4K First Down (Late Night);CFB $3K Coffin Corner [Single Entry] (Late Night);CFB $2.4K Big House [Single Entry] (Late Night);CFB $2K Tailgate [3 Entry Max] (Late Night);CFB $50K Pocket Cup Qualifier #34 (Late Night);CFB $50K Pocket Cup Qualifier #35 (Late Night);CFB $1.8K Kick Return [Single Entry] (Late Night);CFB $1.5K Fourth Down Conversion (Late Night),195377008;195377010;195377006;195377018;195377004;195377009;195470707;195470708;195377016;195377011;195386816;195386815;195377007;195377014;195377005;195377012;195386812;195386809;195386808;195386810,"9/12 10:00PM, 4 Games"
DJ Scott - Night,195377008;195377010;195377006;195377018;195377004;195377009;195470707;195470708;195377016;195377011;195386816;195386815;195377007;195377014;195377005;195377012;195386812;195386809;195386808;195386810,1463828,44082760,DJ Scott,DJ,Scott,6600,RB,NDSU,NDSU @ AF,09/12/2026 10:00 PM,,NDSU @ AF,Night,CFB,9/12,Standard,CFB $20K Hook and Ladder [$5K to 1st] (Late Night);CFB $35K Late Night Snack [$10K to 1st] (Late Night);CFB $4K First Down (Late Night);CFB $3K Coffin Corner [Single Entry] (Late Night);CFB $2.4K Big House [Single Entry] (Late Night);CFB $2K Tailgate [3 Entry Max] (Late Night);CFB $50K Pocket Cup Qualifier #34 (Late Night);CFB $50K Pocket Cup Qualifier #35 (Late Night);CFB $1.8K Kick Return [Single Entry] (Late Night);CFB $1.5K Fourth Down Conversion (Late Night),195377008;195377010;195377006;195377018;195377004;195377009;195470707;195470708;195377016;195377011;195386816;195386815;195377007;195377014;195377005;195377012;195386812;195386809;195386808;195386810,"9/12 10:00PM, 4 Games"
Emmett Mosley V - Showdown Captain Mode (Captain),195582379;195582460;195580463;195582104;195581991;195582352;195477619;195477613;195581177;195478126;195478125;195478124;195478123;195478122;195478121;195478120;195477985;195477986;195478032;195478034,1508236,44095820,Emmett Mosley V,Emmett,Mosley V,6600,CPT,TEX,OSU @ TEX,09/12/2026 07:30 PM,https://dkn.gs/sports/images/cfb/teams/50/8240.png,OSU @ TEX,Showdown Captain Mode,CFB,9/12,Captain,"CFB Showdown $240 Huddle [Single Entry] (OSU @ TEX);CFB Showdown $100 Redshirt [Single Entry] (OSU @ TEX);CFB Showdown $408 Winner Take All [$1.5K to 1st, Must Fill] (OSU @ TEX);CFB Showdown $530 Winner Take All [Must Fill] (OSU @ TEX);CFB Showdown $50 Quarter Jukebox [Just $0.25!] (OSU @ TEX);CFB Showdown $267 Winner Take All [Must Fill] (OSU @ TEX);CFB Showdown Satellite to NHL 11-3 $555 Barn Burner [Must Fill] (OSU @ TEX);CFB Showdown $100 Winner Take All [$460 to 1st] (Must Fill) (OSU @ TEX);CFB Showdown Satellite to NHL 9-29 $15 Opening Night Puck Drop [Must Fill] (OSU @ TEX);CFB Showdown Satellite to CFB $555 Mid-Season Main Event (10-10) (OSU @ TEX)",195582379;195582460;195580463;195582104;195581991;195582352;195477619;195477613;195581177;195478126;195478125;195478124;195478123;195478122;195478121;195478120;195477985;195477986;195478032;195478034,9/12 7:30PM (OSU @ TEX)
Braylen Russell - Showdown Captain Mode (Flex),195476951;195476948;195476952;195477720;195477723;195476956;195477719;195477727;195477721;195476955;195477726;195476949;195476950;195476953;195476954;195567364;195477928;195477927;195477926;195477925,1506059,44095428,Braylen Russell,Braylen,Russell,6600,RB,ARK,ARK @ UTAH,09/12/2026 10:15 PM,https://dkn.gs/sports/images/cfb/teams/50/8175.png,ARK @ UTAH,Showdown Captain Mode,CFB,9/12,Flex,"CFB Showdown $6K Air Raid [$2K to 1st] (ARK @ UTAH);CFB Showdown $720 Kick Return [Single Entry, Top 2 Win] (ARK @ UTAH);CFB Showdown $750 First Down (ARK @ UTAH);CFB Showdown $530 Winner Take All [Must Fill] (ARK @ UTAH);CFB Showdown $408 Winner Take All [$1.5K to 1st, Must Fill] (ARK @ UTAH);CFB Showdown $400 Coffin Corner [Single Entry] (ARK @ UTAH);CFB Showdown $267 Winner Take All [Must Fill] (ARK @ UTAH);CFB Showdown Satellite to NHL 11-3 $555 Barn Burner [Must Fill] (ARK @ UTAH);CFB Showdown $100 Winner Take All [$460 to 1st] (Must Fill) (ARK @ UTAH);CFB Showdown $155 White-Out [Single Entry] (ARK @ UTAH)",195476951;195476948;195476952;195477720;195477723;195476956;195477719;195477727;195477721;195476955;195477726;195476949;195476950;195476953;195476954;195567364;195477928;195477927;195477926;195477925,9/12 10:15PM (ARK @ UTAH)
Braeden McAlister - Showdown Captain Mode (Captain),195476951;195476948;195476952;195477720;195477723;195476956;195477719;195477727;195477721;195476955;195477726;195476949;195476950;195476953;195476954;195567364;195477928;195477927;195477926;195477925,1397377,44095519,Braeden McAlister,Braeden,McAlister,6600,CPT,ARK,ARK @ UTAH,09/12/2026 10:15 PM,https://dkn.gs/sports/images/cfb/teams/50/8175.png,ARK @ UTAH,Showdown Captain Mode,CFB,9/12,Captain,"CFB Showdown $6K Air Raid [$2K to 1st] (ARK @ UTAH);CFB Showdown $720 Kick Return [Single Entry, Top 2 Win] (ARK @ UTAH);CFB Showdown $750 First Down (ARK @ UTAH);CFB Showdown $530 Winner Take All [Must Fill] (ARK @ UTAH);CFB Showdown $408 Winner Take All [$1.5K to 1st, Must Fill] (ARK @ UTAH);CFB Showdown $400 Coffin Corner [Single Entry] (ARK @ UTAH);CFB Showdown $267 Winner Take All [Must Fill] (ARK @ UTAH);CFB Showdown Satellite to NHL 11-3 $555 Barn Burner [Must Fill] (ARK @ UTAH);CFB Showdown $100 Winner Take All [$460 to 1st] (Must Fill) (ARK @ UTAH);CFB Showdown $155 White-Out [Single Entry] (ARK @ UTAH)",195476951;195476948;195476952;195477720;195477723;195476956;195477719;195477727;195477721;195476955;195477726;195476949;195476950;195476953;195476954;195567364;195477928;195477927;195477926;195477925,9/12 10:15PM (ARK @ UTAH)
Max Gilbert - Showdown Captain Mode (Captain),195476951;195476948;195476952;195477720;195477723;195476956;195477719;195477727;195477721;195476955;195477726;195476949;195476950;195476953;195476954;195567364;195477928;195477927;195477926;195477925,1443020,44095520,Max Gilbert,Max,Gilbert,6600,CPT,ARK,ARK @ UTAH,09/12/2026 10:15 PM,https://dkn.gs/sports/images/cfb/teams/50/8175.png,ARK @ UTAH,Showdown Captain Mode,CFB,9/12,Captain,"CFB Showdown $6K Air Raid [$2K to 1st] (ARK @ UTAH);CFB Showdown $720 Kick Return [Single Entry, Top 2 Win] (ARK @ UTAH);CFB Showdown $750 First Down (ARK @ UTAH);CFB Showdown $530 Winner Take All [Must Fill] (ARK @ UTAH);CFB Showdown $408 Winner Take All [$1.5K to 1st, Must Fill] (ARK @ UTAH);CFB Showdown $400 Coffin Corner [Single Entry] (ARK @ UTAH);CFB Showdown $267 Winner Take All [Must Fill] (ARK @ UTAH);CFB Showdown Satellite to NHL 11-3 $555 Barn Burner [Must Fill] (ARK @ UTAH);CFB Showdown $100 Winner Take All [$460 to 1st] (Must Fill) (ARK @ UTAH);CFB Showdown $155 White-Out [Single Entry] (ARK @ UTAH)",195476951;195476948;195476952;195477720;195477723;195476956;195477719;195477727;195477721;195476955;195477726;195476949;195476950;195476953;195476954;195567364;195477928;195477927;195477926;195477925,9/12 10:15PM (ARK @ UTAH)
Charlie Von Der Meden - Showdown Captain Mode (Captain),195476951;195476948;195476952;195477720;195477723;195476956;195477719;195477727;195477721;195476955;195477726;195476949;195476950;195476953;195476954;195567364;195477928;195477927;195477926;195477925,1514444,44095521,Charlie Von Der Meden,Charlie,Von Der Meden,6600,CPT,ARK,ARK @ UTAH,09/12/2026 10:15 PM,https://dkn.gs/sports/images/cfb/teams/50/8175.png,ARK @ UTAH,Showdown Captain Mode,CFB,9/12,Captain,"CFB Showdown $6K Air Raid [$2K to 1st] (ARK @ UTAH);CFB Showdown $720 Kick Return [Single Entry, Top 2 Win] (ARK @ UTAH);CFB Showdown $750 First Down (ARK @ UTAH);CFB Showdown $530 Winner Take All [Must Fill] (ARK @ UTAH);CFB Showdown $408 Winner Take All [$1.5K to 1st, Must Fill] (ARK @ UTAH);CFB Showdown $400 Coffin Corner [Single Entry] (ARK @ UTAH);CFB Showdown $267 Winner Take All [Must Fill] (ARK @ UTAH);CFB Showdown Satellite to NHL 11-3 $555 Barn Burner [Must Fill] (ARK @ UTAH);CFB Showdown $100 Winner Take All [$460 to 1st] (Must Fill) (ARK @ UTAH);CFB Showdown $155 White-Out [Single Entry] (ARK @ UTAH)",195476951;195476948;195476952;195477720;195477723;195476956;195477719;195477727;195477721;195476955;195477726;195476949;195476950;195476953;195476954;195567364;195477928;195477927;195477926;195477925,9/12 10:15PM (ARK @ UTAH)
Devin Alves - Showdown Captain Mode (Captain),195476961;195476957;195477828;195476965;195477831;195477827;195476958;195477835;195477829;195476959;195477834;195476960;195476962;195476963;195476964;195477944;195477943;195477942;195477941;195477940,1380568,44095669,Devin Alves,Devin,Alves,6600,CPT,HAW,NMST @ HAW,09/13/2026 12:00 AM,https://dkn.gs/sports/images/cfb/teams/50/8316.png,NMST @ HAW,Showdown Captain Mode,CFB,9/13,Captain,"CFB Showdown $4K Air Raid [$1K to 1st] (NMST @ HAW);CFB Showdown $720 Kick Return [Single Entry, Top 2 Win] (NMST @ HAW);CFB Showdown $530 Winner Take All [Must Fill] (NMST @ HAW);CFB Showdown $200 Redshirt [Single Entry] (NMST @ HAW);CFB Showdown $408 Winner Take All [$1.5K to 1st, Must Fill] (NMST @ HAW);CFB Showdown $267 Winner Take All [Must Fill] (NMST @ HAW);CFB Showdown $155 White-Out [Single Entry] (NMST @ HAW);CFB Showdown Satellite to NHL 11-3 $555 Barn Burner [Must Fill] (NMST @ HAW);CFB Showdown $100 Winner Take All [$460 to 1st] (Must Fill) (NMST @ HAW);CFB Showdown $310 Blitz [Single Entry] (NMST @ HAW)",195476961;195476957;195477828;195476965;195477831;195477827;195476958;195477835;195477829;195476959;195477834;195476960;195476962;195476963;195476964;195477944;195477943;195477942;195477941;195477940,9/13 12:00AM (NMST @ HAW)
KJ Jackson - Night,195377008;195377010;195377006;195377018;195377004;195377009;195470707;195470708;195377016;195377011;195386816;195386815;195377007;195377014;195377005;195377012;195386812;195386809;195386808;195386810,1506081,44082683,KJ Jackson,KJ,Jackson,6500,QB,ARK,ARK @ UTAH,09/12/2026 10:15 PM,https://dkn.gs/sports/images/cfb/teams/50/8175.png,ARK @ UTAH,Night,CFB,9/12,Standard,CFB $20K Hook and Ladder [$5K to 1st] (Late Night);CFB $35K Late Night Snack [$10K to 1st] (Late Night);CFB $4K First Down (Late Night);CFB $3K Coffin Corner [Single Entry] (Late Night);CFB $2.4K Big House [Single Entry] (Late Night);CFB $2K Tailgate [3 Entry Max] (Late Night);CFB $50K Pocket Cup Qualifier #34 (Late Night);CFB $50K Pocket Cup Qualifier #35 (Late Night);CFB $1.8K Kick Return [Single Entry] (Late Night);CFB $1.5K Fourth Down Conversion (Late Night),195377008;195377010;195377006;195377018;195377004;195377009;195470707;195470708;195377016;195377011;195386816;195386815;195377007;195377014;195377005;195377012;195386812;195386809;195386808;195386810,"9/12 10:00PM, 4 Games"
Trent Mosley - Night,195377008;195377010;195377006;195377018;195377004;195377009;195470707;195470708;195377016;195377011;195386816;195386815;195377007;195377014;195377005;195377012;195386812;195386809;195386808;195386810,1651171,44082940,Trent Mosley,Trent,Mosley,6500,WR,USC,ULL @ USC,09/12/2026 11:00 PM,https://dkn.gs/sports/images/cfb/teams/50/8080.png,ULL @ USC,Night,CFB,9/12,Standard,CFB $20K Hook and Ladder [$5K to 1st] (Late Night);CFB $35K Late Night Snack [$10K to 1st] (Late Night);CFB $4K First Down (Late Night);CFB $3K Coffin Corner [Single Entry] (Late Night);CFB $2.4K Big House [Single Entry] (Late Night);CFB $2K Tailgate [3 Entry Max] (Late Night);CFB $50K Pocket Cup Qualifier #34 (Late Night);CFB $50K Pocket Cup Qualifier #35 (Late Night);CFB $1.8K Kick Return [Single Entry] (Late Night);CFB $1.5K Fourth Down Conversion (Late Night),195377008;195377010;195377006;195377018;195377004;195377009;195470707;195470708;195377016;195377011;195386816;195386815;195377007;195377014;195377005;195377012;195386812;195386809;195386808;195386810,"9/12 10:00PM, 4 Games"
Pofele Ashlock - Night,195377008;195377010;195377006;195377018;195377004;195377009;195470707;195470708;195377016;195377011;195386816;195386815;195377007;195377014;195377005;195377012;195386812;195386809;195386808;195386810,1400528,44082943,Pofele Ashlock,Pofele,Ashlock,6400,WR,HAW,NMST @ HAW,09/13/2026 12:00 AM,https://dkn.gs/sports/images/cfb/teams/50/8316.png,NMST @ HAW,Night,CFB,9/13,Standard,CFB $20K Hook and Ladder [$5K to 1st] (Late Night);CFB $35K Late Night Snack [$10K to 1st] (Late Night);CFB $4K First Down (Late Night);CFB $3K Coffin Corner [Single Entry] (Late Night);CFB $2.4K Big House [Single Entry] (Late Night);CFB $2K Tailgate [3 Entry Max] (Late Night);CFB $50K Pocket Cup Qualifier #34 (Late Night);CFB $50K Pocket Cup Qualifier #35 (Late Night);CFB $1.8K Kick Return [Single Entry] (Late Night);CFB $1.5K Fourth Down Conversion (Late Night),195377008;195377010;195377006;195377018;195377004;195377009;195470707;195470708;195377016;195377011;195386816;195386815;195377007;195377014;195377005;195377012;195386812;195386809;195386808;195386810,"9/12 10:00PM, 4 Games"
Devin McCuin - Showdown Captain Mode (Flex),195582379;195582460;195580463;195582104;195581991;195582352;195477619;195477613;195581177;195478126;195478125;195478124;195478123;195478122;195478121;195478120;195477985;195477986;195478032;195478034,1460651,44095727,Devin McCuin,Devin,McCuin,6400,WR,OSU,OSU @ TEX,09/12/2026 07:30 PM,https://dkn.gs/sports/images/cfb/teams/50/7874.png,OSU @ TEX,Showdown Captain Mode,CFB,9/12,Flex,"CFB Showdown $240 Huddle [Single Entry] (OSU @ TEX);CFB Showdown $100 Redshirt [Single Entry] (OSU @ TEX);CFB Showdown $408 Winner Take All [$1.5K to 1st, Must Fill] (OSU @ TEX);CFB Showdown $530 Winner Take All [Must Fill] (OSU @ TEX);CFB Showdown $50 Quarter Jukebox [Just $0.25!] (OSU @ TEX);CFB Showdown $267 Winner Take All [Must Fill] (OSU @ TEX);CFB Showdown Satellite to NHL 11-3 $555 Barn Burner [Must Fill] (OSU @ TEX);CFB Showdown $100 Winner Take All [$460 to 1st] (Must Fill) (OSU @ TEX);CFB Showdown Satellite to NHL 9-29 $15 Opening Night Puck Drop [Must Fill] (OSU @ TEX);CFB Showdown Satellite to CFB $555 Mid-Season Main Event (10-10) (OSU @ TEX)",195582379;195582460;195580463;195582104;195581991;195582352;195477619;195477613;195581177;195478126;195478125;195478124;195478123;195478122;195478121;195478120;195477985;195477986;195478032;195478034,9/12 7:30PM (OSU @ TEX)
Kyri Shoels - Showdown Captain Mode (Flex),195476951;195476948;195476952;195477720;195477723;195476956;195477719;195477727;195477721;195476955;195477726;195476949;195476950;195476953;195476954;195567364;195477928;195477927;195477926;195477925,1519601,44095429,Kyri Shoels,Kyri,Shoels,6400,WR,UTAH,ARK @ UTAH,09/12/2026 10:15 PM,https://dkn.gs/sports/images/cfb/teams/50/8341.png,ARK @ UTAH,Showdown Captain Mode,CFB,9/12,Flex,"CFB Showdown $6K Air Raid [$2K to 1st] (ARK @ UTAH);CFB Showdown $720 Kick Return [Single Entry, Top 2 Win] (ARK @ UTAH);CFB Showdown $750 First Down (ARK @ UTAH);CFB Showdown $530 Winner Take All [Must Fill] (ARK @ UTAH);CFB Showdown $408 Winner Take All [$1.5K to 1st, Must Fill] (ARK @ UTAH);CFB Showdown $400 Coffin Corner [Single Entry] (ARK @ UTAH);CFB Showdown $267 Winner Take All [Must Fill] (ARK @ UTAH);CFB Showdown Satellite to NHL 11-3 $555 Barn Burner [Must Fill] (ARK @ UTAH);CFB Showdown $100 Winner Take All [$460 to 1st] (Must Fill) (ARK @ UTAH);CFB Showdown $155 White-Out [Single Entry] (ARK @ UTAH)",195476951;195476948;195476952;195477720;195477723;195476956;195477719;195477727;195477721;195476955;195477726;195476949;195476950;195476953;195476954;195567364;195477928;195477927;195477926;195477925,9/12 10:15PM (ARK @ UTAH)
TJ Washington Jr. - Showdown Captain Mode (Flex),195476961;195476957;195477828;195476965;195477831;195477827;195476958;195477835;195477829;195476959;195477834;195476960;195476962;195476963;195476964;195477944;195477943;195477942;195477941;195477940,1442761,44095581,TJ Washington Jr.,TJ,Washington Jr.,6400,RB,NMST,NMST @ HAW,09/13/2026 12:00 AM,https://dkn.gs/sports/images/cfb/teams/50/7946.png,NMST @ HAW,Showdown Captain Mode,CFB,9/13,Flex,"CFB Showdown $4K Air Raid [$1K to 1st] (NMST @ HAW);CFB Showdown $720 Kick Return [Single Entry, Top 2 Win] (NMST @ HAW);CFB Showdown $530 Winner Take All [Must Fill] (NMST @ HAW);CFB Showdown $200 Redshirt [Single Entry] (NMST @ HAW);CFB Showdown $408 Winner Take All [$1.5K to 1st, Must Fill] (NMST @ HAW);CFB Showdown $267 Winner Take All [Must Fill] (NMST @ HAW);CFB Showdown $155 White-Out [Single Entry] (NMST @ HAW);CFB Showdown Satellite to NHL 11-3 $555 Barn Burner [Must Fill] (NMST @ HAW);CFB Showdown $100 Winner Take All [$460 to 1st] (Must Fill) (NMST @ HAW);CFB Showdown $310 Blitz [Single Entry] (NMST @ HAW)",195476961;195476957;195477828;195476965;195477831;195477827;195476958;195477835;195477829;195476959;195477834;195476960;195476962;195476963;195476964;195477944;195477943;195477942;195477941;195477940,9/13 12:00AM (NMST @ HAW)
DeVon Rice - Night,195377008;195377010;195377006;195377018;195377004;195377009;195470707;195470708;195377016;195377011;195386816;195386815;195377007;195377014;195377005;195377012;195386812;195386809;195386808;195386810,1507082,44082763,DeVon Rice,DeVon,Rice,6300,RB,HAW,NMST @ HAW,09/13/2026 12:00 AM,https://dkn.gs/sports/images/cfb/teams/50/8316.png,NMST @ HAW,Night,CFB,9/13,Standard,CFB $20K Hook and Ladder [$5K to 1st] (Late Night);CFB $35K Late Night Snack [$10K to 1st] (Late Night);CFB $4K First Down (Late Night);CFB $3K Coffin Corner [Single Entry] (Late Night);CFB $2.4K Big House [Single Entry] (Late Night);CFB $2K Tailgate [3 Entry Max] (Late Night);CFB $50K Pocket Cup Qualifier #34 (Late Night);CFB $50K Pocket Cup Qualifier #35 (Late Night);CFB $1.8K Kick Return [Single Entry] (Late Night);CFB $1.5K Fourth Down Conversion (Late Night),195377008;195377010;195377006;195377018;195377004;195377009;195470707;195470708;195377016;195377011;195386816;195386815;195377007;195377014;195377005;195377012;195386812;195386809;195386808;195386810,"9/12 10:00PM, 4 Games"
Legend Bey - Showdown Captain Mode (Captain),195582379;195582460;195580463;195582104;195581991;195582352;195477619;195477613;195581177;195478126;195478125;195478124;195478123;195478122;195478121;195478120;195477985;195477986;195478032;195478034,1649749,44095821,Legend Bey,Legend,Bey,6300,CPT,OSU,OSU @ TEX,09/12/2026 07:30 PM,https://dkn.gs/sports/images/cfb/teams/50/7874.png,OSU @ TEX,Showdown Captain Mode,CFB,9/12,Captain,"CFB Showdown $240 Huddle [Single Entry] (OSU @ TEX);CFB Showdown $100 Redshirt [Single Entry] (OSU @ TEX);CFB Showdown $408 Winner Take All [$1.5K to 1st, Must Fill] (OSU @ TEX);CFB Showdown $530 Winner Take All [Must Fill] (OSU @ TEX);CFB Showdown $50 Quarter Jukebox [Just $0.25!] (OSU @ TEX);CFB Showdown $267 Winner Take All [Must Fill] (OSU @ TEX);CFB Showdown Satellite to NHL 11-3 $555 Barn Burner [Must Fill] (OSU @ TEX);CFB Showdown $100 Winner Take All [$460 to 1st] (Must Fill) (OSU @ TEX);CFB Showdown Satellite to NHL 9-29 $15 Opening Night Puck Drop [Must Fill] (OSU @ TEX);CFB Showdown Satellite to CFB $555 Mid-Season Main Event (10-10) (OSU @ TEX)",195582379;195582460;195580463;195582104;195581991;195582352;195477619;195477613;195581177;195478126;195478125;195478124;195478123;195478122;195478121;195478120;195477985;195477986;195478032;195478034,9/12 7:30PM (OSU @ TEX)
Hunter Andrews - Showdown Captain Mode (Captain),195476951;195476948;195476952;195477720;195477723;195476956;195477719;195477727;195477721;195476955;195477726;195476949;195476950;195476953;195476954;195567364;195477928;195477927;195477926;195477925,1507257,44095522,Hunter Andrews,Hunter,Andrews,6300,CPT,UTAH,ARK @ UTAH,09/12/2026 10:15 PM,https://dkn.gs/sports/images/cfb/teams/50/8341.png,ARK @ UTAH,Showdown Captain Mode,CFB,9/12,Captain,"CFB Showdown $6K Air Raid [$2K to 1st] (ARK @ UTAH);CFB Showdown $720 Kick Return [Single Entry, Top 2 Win] (ARK @ UTAH);CFB Showdown $750 First Down (ARK @ UTAH);CFB Showdown $530 Winner Take All [Must Fill] (ARK @ UTAH);CFB Showdown $408 Winner Take All [$1.5K to 1st, Must Fill] (ARK @ UTAH);CFB Showdown $400 Coffin Corner [Single Entry] (ARK @ UTAH);CFB Showdown $267 Winner Take All [Must Fill] (ARK @ UTAH);CFB Showdown Satellite to NHL 11-3 $555 Barn Burner [Must Fill] (ARK @ UTAH);CFB Showdown $100 Winner Take All [$460 to 1st] (Must Fill) (ARK @ UTAH);CFB Showdown $155 White-Out [Single Entry] (ARK @ UTAH)",195476951;195476948;195476952;195477720;195477723;195476956;195477719;195477727;195477721;195476955;195477726;195476949;195476950;195476953;195476954;195567364;195477928;195477927;195477926;195477925,9/12 10:15PM (ARK @ UTAH)
Steve Chavez-Soto - Night,195377008;195377010;195377006;195377018;195377004;195377009;195470707;195470708;195377016;195377011;195386816;195386815;195377007;195377014;195377005;195377012;195386812;195386809;195386808;195386810,1586258,44082766,Steve Chavez-Soto,Steve,Chavez-Soto,6200,RB,UTAH,ARK @ UTAH,09/12/2026 10:15 PM,https://dkn.gs/sports/images/cfb/teams/50/8341.png,ARK @ UTAH,Night,CFB,9/12,Standard,CFB $20K Hook and Ladder [$5K to 1st] (Late Night);CFB $35K Late Night Snack [$10K to 1st] (Late Night);CFB $4K First Down (Late Night);CFB $3K Coffin Corner [Single Entry] (Late Night);CFB $2.4K Big House [Single Entry] (Late Night);CFB $2K Tailgate [3 Entry Max] (Late Night);CFB $50K Pocket Cup Qualifier #34 (Late Night);CFB $50K Pocket Cup Qualifier #35 (Late Night);CFB $1.8K Kick Return [Single Entry] (Late Night);CFB $1.5K Fourth Down Conversion (Late Night),195377008;195377010;195377006;195377018;195377004;195377009;195470707;195470708;195377016;195377011;195386816;195386815;195377007;195377014;195377005;195377012;195386812;195386809;195386808;195386810,"9/12 10:00PM, 4 Games"
Trey Hedden - Night,195377008;195377010;195377006;195377018;195377004;195377009;195470707;195470708;195377016;195377011;195386816;195386815;195377007;195377014;195377005;195377012;195386812;195386809;195386808;195386810,1517362,44082685,Trey Hedden,Trey,Hedden,6100,QB,NMST,NMST @ HAW,09/13/2026 12:00 AM,https://dkn.gs/sports/images/cfb/teams/50/7946.png,NMST @ HAW,Night,CFB,9/13,Standard,CFB $20K Hook and Ladder [$5K to 1st] (Late Night);CFB $35K Late Night Snack [$10K to 1st] (Late Night);CFB $4K First Down (Late Night);CFB $3K Coffin Corner [Single Entry] (Late Night);CFB $2.4K Big House [Single Entry] (Late Night);CFB $2K Tailgate [3 Entry Max] (Late Night);CFB $50K Pocket Cup Qualifier #34 (Late Night);CFB $50K Pocket Cup Qualifier #35 (Late Night);CFB $1.8K Kick Return [Single Entry] (Late Night);CFB $1.5K Fourth Down Conversion (Late Night),195377008;195377010;195377006;195377018;195377004;195377009;195470707;195470708;195377016;195377011;195386816;195386815;195377007;195377014;195377005;195377012;195386812;195386809;195386808;195386810,"9/12 10:00PM, 4 Games"
AJ Hill - Night,195377008;195377010;195377006;195377018;195377004;195377009;195470707;195470708;195377016;195377011;195386816;195386815;195377007;195377014;195377005;195377012;195386812;195386809;195386808;195386810,1584025,44082687,AJ Hill,AJ,Hill,6000,QB,ARK,ARK @ UTAH,09/12/2026 10:15 PM,https://dkn.gs/sports/images/cfb/teams/50/8175.png,ARK @ UTAH,Night,CFB,9/12,Standard,CFB $20K Hook and Ladder [$5K to 1st] (Late Night);CFB $35K Late Night Snack [$10K to 1st] (Late Night);CFB $4K First Down (Late Night);CFB $3K Coffin Corner [Single Entry] (Late Night);CFB $2.4K Big House [Single Entry] (Late Night);CFB $2K Tailgate [3 Entry Max] (Late Night);CFB $50K Pocket Cup Qualifier #34 (Late Night);CFB $50K Pocket Cup Qualifier #35 (Late Night);CFB $1.8K Kick Return [Single Entry] (Late Night);CFB $1.5K Fourth Down Conversion (Late Night),195377008;195377010;195377006;195377018;195377004;195377009;195470707;195470708;195377016;195377011;195386816;195386815;195377007;195377014;195377005;195377012;195386812;195386809;195386808;195386810,"9/12 10:00PM, 4 Games"
Luke Dunham - Showdown Captain Mode (Flex),195582379;195582460;195580463;195582104;195581991;195582352;195477619;195477613;195581177;195478126;195478125;195478124;195478123;195478122;195478121;195478120;195477985;195477986;195478032;195478034,1597666,44095728,Luke Dunham,Luke,Dunham,6000,QB,TEX,OSU @ TEX,09/12/2026 07:30 PM,https://dkn.gs/sports/images/cfb/teams/50/8240.png,OSU @ TEX,Showdown Captain Mode,CFB,9/12,Flex,"CFB Showdown $240 Huddle [Single Entry] (OSU @ TEX);CFB Showdown $100 Redshirt [Single Entry] (OSU @ TEX);CFB Showdown $408 Winner Take All [$1.5K to 1st, Must Fill] (OSU @ TEX);CFB Showdown $530 Winner Take All [Must Fill] (OSU @ TEX);CFB Showdown $50 Quarter Jukebox [Just $0.25!] (OSU @ TEX);CFB Showdown $267 Winner Take All [Must Fill] (OSU @ TEX);CFB Showdown Satellite to NHL 11-3 $555 Barn Burner [Must Fill] (OSU @ TEX);CFB Showdown $100 Winner Take All [$460 to 1st] (Must Fill) (OSU @ TEX);CFB Showdown Satellite to NHL 9-29 $15 Opening Night Puck Drop [Must Fill] (OSU @ TEX);CFB Showdown Satellite to CFB $555 Mid-Season Main Event (10-10) (OSU @ TEX)",195582379;195582460;195580463;195582104;195581991;195582352;195477619;195477613;195581177;195478126;195478125;195478124;195478123;195478122;195478121;195478120;195477985;195477986;195478032;195478034,9/12 7:30PM (OSU @ TEX)
Luke Fahey - Showdown Captain Mode (Flex),195582379;195582460;195580463;195582104;195581991;195582352;195477619;195477613;195581177;195478126;195478125;195478124;195478123;195478122;195478121;195478120;195477985;195477986;195478032;195478034,1649755,44095729,Luke Fahey,Luke,Fahey,6000,QB,OSU,OSU @ TEX,09/12/2026 07:30 PM,https://dkn.gs/sports/images/cfb/teams/50/7874.png,OSU @ TEX,Showdown Captain Mode,CFB,9/12,Flex,"CFB Showdown $240 Huddle [Single Entry] (OSU @ TEX);CFB Showdown $100 Redshirt [Single Entry] (OSU @ TEX);CFB Showdown $408 Winner Take All [$1.5K to 1st, Must Fill] (OSU @ TEX);CFB Showdown $530 Winner Take All [Must Fill] (OSU @ TEX);CFB Showdown $50 Quarter Jukebox [Just $0.25!] (OSU @ TEX);CFB Showdown $267 Winner Take All [Must Fill] (OSU @ TEX);CFB Showdown Satellite to NHL 11-3 $555 Barn Burner [Must Fill] (OSU @ TEX);CFB Showdown $100 Winner Take All [$460 to 1st] (Must Fill) (OSU @ TEX);CFB Showdown Satellite to NHL 9-29 $15 Opening Night Puck Drop [Must Fill] (OSU @ TEX);CFB Showdown Satellite to CFB $555 Mid-Season Main Event (10-10) (OSU @ TEX)",195582379;195582460;195580463;195582104;195581991;195582352;195477619;195477613;195581177;195478126;195478125;195478124;195478123;195478122;195478121;195478120;195477985;195477986;195478032;195478034,9/12 7:30PM (OSU @ TEX)
Justyn Martin - Showdown Captain Mode (Flex),195582379;195582460;195580463;195582104;195581991;195582352;195477619;195477613;195581177;195478126;195478125;195478124;195478123;195478122;195478121;195478120;195477985;195477986;195478032;195478034,1384735,44095730,Justyn Martin,Justyn,Martin,6000,QB,OSU,OSU @ TEX,09/12/2026 07:30 PM,https://dkn.gs/sports/images/cfb/teams/50/7874.png,OSU @ TEX,Showdown Captain Mode,CFB,9/12,Flex,"CFB Showdown $240 Huddle [Single Entry] (OSU @ TEX);CFB Showdown $100 Redshirt [Single Entry] (OSU @ TEX);CFB Showdown $408 Winner Take All [$1.5K to 1st, Must Fill] (OSU @ TEX);CFB Showdown $530 Winner Take All [Must Fill] (OSU @ TEX);CFB Showdown $50 Quarter Jukebox [Just $0.25!] (OSU @ TEX);CFB Showdown $267 Winner Take All [Must Fill] (OSU @ TEX);CFB Showdown Satellite to NHL 11-3 $555 Barn Burner [Must Fill] (OSU @ TEX);CFB Showdown $100 Winner Take All [$460 to 1st] (Must Fill) (OSU @ TEX);CFB Showdown Satellite to NHL 9-29 $15 Opening Night Puck Drop [Must Fill] (OSU @ TEX);CFB Showdown Satellite to CFB $555 Mid-Season Main Event (10-10) (OSU @ TEX)",195582379;195582460;195580463;195582104;195581991;195582352;195477619;195477613;195581177;195478126;195478125;195478124;195478123;195478122;195478121;195478120;195477985;195477986;195478032;195478034,9/12 7:30PM (OSU @ TEX)
Kolton Stover - Showdown Captain Mode (Flex),195582379;195582460;195580463;195582104;195581991;195582352;195477619;195477613;195581177;195478126;195478125;195478124;195478123;195478122;195478121;195478120;195477985;195477986;195478032;195478034,1601189,44095731,Kolton Stover,Kolton,Stover,6000,QB,OSU,OSU @ TEX,09/12/2026 07:30 PM,https://dkn.gs/sports/images/cfb/teams/50/7874.png,OSU @ TEX,Showdown Captain Mode,CFB,9/12,Flex,"CFB Showdown $240 Huddle [Single Entry] (OSU @ TEX);CFB Showdown $100 Redshirt [Single Entry] (OSU @ TEX);CFB Showdown $408 Winner Take All [$1.5K to 1st, Must Fill] (OSU @ TEX);CFB Showdown $530 Winner Take All [Must Fill] (OSU @ TEX);CFB Showdown $50 Quarter Jukebox [Just $0.25!] (OSU @ TEX);CFB Showdown $267 Winner Take All [Must Fill] (OSU @ TEX);CFB Showdown Satellite to NHL 11-3 $555 Barn Burner [Must Fill] (OSU @ TEX);CFB Showdown $100 Winner Take All [$460 to 1st] (Must Fill) (OSU @ TEX);CFB Showdown Satellite to NHL 9-29 $15 Opening Night Puck Drop [Must Fill] (OSU @ TEX);CFB Showdown Satellite to CFB $555 Mid-Season Main Event (10-10) (OSU @ TEX)",195582379;195582460;195580463;195582104;195581991;195582352;195477619;195477613;195581177;195478126;195478125;195478124;195478123;195478122;195478121;195478120;195477985;195477986;195478032;195478034,9/12 7:30PM (OSU @ TEX)
Brady Geibel - Showdown Captain Mode (Flex),195582379;195582460;195580463;195582104;195581991;195582352;195477619;195477613;195581177;195478126;195478125;195478124;195478123;195478122;195478121;195478120;195477985;195477986;195478032;195478034,1595880,44095732,Brady Geibel,Brady,Geibel,6000,QB,OSU,OSU @ TEX,09/12/2026 07:30 PM,https://dkn.gs/sports/images/cfb/teams/50/7874.png,OSU @ TEX,Showdown Captain Mode,CFB,9/12,Flex,"CFB Showdown $240 Huddle [Single Entry] (OSU @ TEX);CFB Showdown $100 Redshirt [Single Entry] (OSU @ TEX);CFB Showdown $408 Winner Take All [$1.5K to 1st, Must Fill] (OSU @ TEX);CFB Showdown $530 Winner Take All [Must Fill] (OSU @ TEX);CFB Showdown $50 Quarter Jukebox [Just $0.25!] (OSU @ TEX);CFB Showdown $267 Winner Take All [Must Fill] (OSU @ TEX);CFB Showdown Satellite to NHL 11-3 $555 Barn Burner [Must Fill] (OSU @ TEX);CFB Showdown $100 Winner Take All [$460 to 1st] (Must Fill) (OSU @ TEX);CFB Showdown Satellite to NHL 9-29 $15 Opening Night Puck Drop [Must Fill] (OSU @ TEX);CFB Showdown Satellite to CFB $555 Mid-Season Main Event (10-10) (OSU @ TEX)",195582379;195582460;195580463;195582104;195581991;195582352;195477619;195477613;195581177;195478126;195478125;195478124;195478123;195478122;195478121;195478120;195477985;195477986;195478032;195478034,9/12 7:30PM (OSU @ TEX)
MJ Morris - Showdown Captain Mode (Flex),195582379;195582460;195580463;195582104;195581991;195582352;195477619;195477613;195581177;195478126;195478125;195478124;195478123;195478122;195478121;195478120;195477985;195477986;195478032;195478034,1389726,44095733,MJ Morris,MJ,Morris,6000,QB,TEX,OSU @ TEX,09/12/2026 07:30 PM,https://dkn.gs/sports/images/cfb/teams/50/8240.png,OSU @ TEX,Showdown Captain Mode,CFB,9/12,Flex,"CFB Showdown $240 Huddle [Single Entry] (OSU @ TEX);CFB Showdown $100 Redshirt [Single Entry] (OSU @ TEX);CFB Showdown $408 Winner Take All [$1.5K to 1st, Must Fill] (OSU @ TEX);CFB Showdown $530 Winner Take All [Must Fill] (OSU @ TEX);CFB Showdown $50 Quarter Jukebox [Just $0.25!] (OSU @ TEX);CFB Showdown $267 Winner Take All [Must Fill] (OSU @ TEX);CFB Showdown Satellite to NHL 11-3 $555 Barn Burner [Must Fill] (OSU @ TEX);CFB Showdown $100 Winner Take All [$460 to 1st] (Must Fill) (OSU @ TEX);CFB Showdown Satellite to NHL 9-29 $15 Opening Night Puck Drop [Must Fill] (OSU @ TEX);CFB Showdown Satellite to CFB $555 Mid-Season Main Event (10-10) (OSU @ TEX)",195582379;195582460;195580463;195582104;195581991;195582352;195477619;195477613;195581177;195478126;195478125;195478124;195478123;195478122;195478121;195478120;195477985;195477986;195478032;195478034,9/12 7:30PM (OSU @ TEX)
Dia Bell - Showdown Captain Mode (Flex),195582379;195582460;195580463;195582104;195581991;195582352;195477619;195477613;195581177;195478126;195478125;195478124;195478123;195478122;195478121;195478120;195477985;195477986;195478032;195478034,1645901,44095734,Dia Bell,Dia,Bell,6000,QB,TEX,OSU @ TEX,09/12/2026 07:30 PM,https://dkn.gs/sports/images/cfb/teams/50/8240.png,OSU @ TEX,Showdown Captain Mode,CFB,9/12,Flex,"CFB Showdown $240 Huddle [Single Entry] (OSU @ TEX);CFB Showdown $100 Redshirt [Single Entry] (OSU @ TEX);CFB Showdown $408 Winner Take All [$1.5K to 1st, Must Fill] (OSU @ TEX);CFB Showdown $530 Winner Take All [Must Fill] (OSU @ TEX);CFB Showdown $50 Quarter Jukebox [Just $0.25!] (OSU @ TEX);CFB Showdown $267 Winner Take All [Must Fill] (OSU @ TEX);CFB Showdown Satellite to NHL 11-3 $555 Barn Burner [Must Fill] (OSU @ TEX);CFB Showdown $100 Winner Take All [$460 to 1st] (Must Fill) (OSU @ TEX);CFB Showdown Satellite to NHL 9-29 $15 Opening Night Puck Drop [Must Fill] (OSU @ TEX);CFB Showdown Satellite to CFB $555 Mid-Season Main Event (10-10) (OSU @ TEX)",195582379;195582460;195580463;195582104;195581991;195582352;195477619;195477613;195581177;195478126;195478125;195478124;195478123;195478122;195478121;195478120;195477985;195477986;195478032;195478034,9/12 7:30PM (OSU @ TEX)
Ryan Niblett - Showdown Captain Mode (Flex),195582379;195582460;195580463;195582104;195581991;195582352;195477619;195477613;195581177;195478126;195478125;195478124;195478123;195478122;195478121;195478120;195477985;195477986;195478032;195478034,1455743,44095735,Ryan Niblett,Ryan,Niblett,6000,RB,TEX,OSU @ TEX,09/12/2026 07:30 PM,https://dkn.gs/sports/images/cfb/teams/50/8240.png,OSU @ TEX,Showdown Captain Mode,CFB,9/12,Flex,"CFB Showdown $240 Huddle [Single Entry] (OSU @ TEX);CFB Showdown $100 Redshirt [Single Entry] (OSU @ TEX);CFB Showdown $408 Winner Take All [$1.5K to 1st, Must Fill] (OSU @ TEX);CFB Showdown $530 Winner Take All [Must Fill] (OSU @ TEX);CFB Showdown $50 Quarter Jukebox [Just $0.25!] (OSU @ TEX);CFB Showdown $267 Winner Take All [Must Fill] (OSU @ TEX);CFB Showdown Satellite to NHL 11-3 $555 Barn Burner [Must Fill] (OSU @ TEX);CFB Showdown $100 Winner Take All [$460 to 1st] (Must Fill) (OSU @ TEX);CFB Showdown Satellite to NHL 9-29 $15 Opening Night Puck Drop [Must Fill] (OSU @ TEX);CFB Showdown Satellite to CFB $555 Mid-Season Main Event (10-10) (OSU @ TEX)",195582379;195582460;195580463;195582104;195581991;195582352;195477619;195477613;195581177;195478126;195478125;195478124;195478123;195478122;195478121;195478120;195477985;195477986;195478032;195478034,9/12 7:30PM (OSU @ TEX)
Kane Archer - Showdown Captain Mode (Flex),195476951;195476948;195476952;195477720;195477723;195476956;195477719;195477727;195477721;195476955;195477726;195476949;195476950;195476953;195476954;195567364;195477928;195477927;195477926;195477925,1647842,44095430,Kane Archer,Kane,Archer,6000,QB,UTAH,ARK @ UTAH,09/12/2026 10:15 PM,https://dkn.gs/sports/images/cfb/teams/50/8341.png,ARK @ UTAH,Showdown Captain Mode,CFB,9/12,Flex,"CFB Showdown $6K Air Raid [$2K to 1st] (ARK @ UTAH);CFB Showdown $720 Kick Return [Single Entry, Top 2 Win] (ARK @ UTAH);CFB Showdown $750 First Down (ARK @ UTAH);CFB Showdown $530 Winner Take All [Must Fill] (ARK @ UTAH);CFB Showdown $408 Winner Take All [$1.5K to 1st, Must Fill] (ARK @ UTAH);CFB Showdown $400 Coffin Corner [Single Entry] (ARK @ UTAH);CFB Showdown $267 Winner Take All [Must Fill] (ARK @ UTAH);CFB Showdown Satellite to NHL 11-3 $555 Barn Burner [Must Fill] (ARK @ UTAH);CFB Showdown $100 Winner Take All [$460 to 1st] (Must Fill) (ARK @ UTAH);CFB Showdown $155 White-Out [Single Entry] (ARK @ UTAH)",195476951;195476948;195476952;195477720;195477723;195476956;195477719;195477727;195477721;195476955;195477726;195476949;195476950;195476953;195476954;195567364;195477928;195477927;195477926;195477925,9/12 10:15PM (ARK @ UTAH)
Braeden Fuller - Showdown Captain Mode (Flex),195476951;195476948;195476952;195477720;195477723;195476956;195477719;195477727;195477721;195476955;195477726;195476949;195476950;195476953;195476954;195567364;195477928;195477927;195477926;195477925,1647519,44095431,Braeden Fuller,Braeden,Fuller,6000,QB,ARK,ARK @ UTAH,09/12/2026 10:15 PM,https://dkn.gs/sports/images/cfb/teams/50/8175.png,ARK @ UTAH,Showdown Captain Mode,CFB,9/12,Flex,"CFB Showdown $6K Air Raid [$2K to 1st] (ARK @ UTAH);CFB Showdown $720 Kick Return [Single Entry, Top 2 Win] (ARK @ UTAH);CFB Showdown $750 First Down (ARK @ UTAH);CFB Showdown $530 Winner Take All [Must Fill] (ARK @ UTAH);CFB Showdown $408 Winner Take All [$1.5K to 1st, Must Fill] (ARK @ UTAH);CFB Showdown $400 Coffin Corner [Single Entry] (ARK @ UTAH);CFB Showdown $267 Winner Take All [Must Fill] (ARK @ UTAH);CFB Showdown Satellite to NHL 11-3 $555 Barn Burner [Must Fill] (ARK @ UTAH);CFB Showdown $100 Winner Take All [$460 to 1st] (Must Fill) (ARK @ UTAH);CFB Showdown $155 White-Out [Single Entry] (ARK @ UTAH)",195476951;195476948;195476952;195477720;195477723;195476956;195477719;195477727;195477721;195476955;195477726;195476949;195476950;195476953;195476954;195567364;195477928;195477927;195477926;195477925,9/12 10:15PM (ARK @ UTAH)
Brandon Rose - Showdown Captain Mode (Flex),195476951;195476948;195476952;195477720;195477723;195476956;195477719;195477727;195477721;195476955;195477726;195476949;195476950;195476953;195476954;195567364;195477928;195477927;195477926;195477925,1381155,44095432,Brandon Rose,Brandon,Rose,6000,QB,UTAH,ARK @ UTAH,09/12/2026 10:15 PM,https://dkn.gs/sports/images/cfb/teams/50/8341.png,ARK @ UTAH,Showdown Captain Mode,CFB,9/12,Flex,"CFB Showdown $6K Air Raid [$2K to 1st] (ARK @ UTAH);CFB Showdown $720 Kick Return [Single Entry, Top 2 Win] (ARK @ UTAH);CFB Showdown $750 First Down (ARK @ UTAH);CFB Showdown $530 Winner Take All [Must Fill] (ARK @ UTAH);CFB Showdown $408 Winner Take All [$1.5K to 1st, Must Fill] (ARK @ UTAH);CFB Showdown $400 Coffin Corner [Single Entry] (ARK @ UTAH);CFB Showdown $267 Winner Take All [Must Fill] (ARK @ UTAH);CFB Showdown Satellite to NHL 11-3 $555 Barn Burner [Must Fill] (ARK @ UTAH);CFB Showdown $100 Winner Take All [$460 to 1st] (Must Fill) (ARK @ UTAH);CFB Showdown $155 White-Out [Single Entry] (ARK @ UTAH)",195476951;195476948;195476952;195477720;195477723;195476956;195477719;195477727;195477721;195476955;195477726;195476949;195476950;195476953;195476954;195567364;195477928;195477927;195477926;195477925,9/12 10:15PM (ARK @ UTAH)
Michael Johnson - Showdown Captain Mode (Flex),195476951;195476948;195476952;195477720;195477723;195476956;195477719;195477727;195477721;195476955;195477726;195476949;195476950;195476953;195476954;195567364;195477928;195477927;195477926;195477925,1647844,44095433,Michael Johnson,Michael,Johnson,6000,QB,UTAH,ARK @ UTAH,09/12/2026 10:15 PM,https://dkn.gs/sports/images/cfb/teams/50/8341.png,ARK @ UTAH,Showdown Captain Mode,CFB,9/12,Flex,"CFB Showdown $6K Air Raid [$2K to 1st] (ARK @ UTAH);CFB Showdown $720 Kick Return [Single Entry, Top 2 Win] (ARK @ UTAH);CFB Showdown $750 First Down (ARK @ UTAH);CFB Showdown $530 Winner Take All [Must Fill] (ARK @ UTAH);CFB Showdown $408 Winner Take All [$1.5K to 1st, Must Fill] (ARK @ UTAH);CFB Showdown $400 Coffin Corner [Single Entry] (ARK @ UTAH);CFB Showdown $267 Winner Take All [Must Fill] (ARK @ UTAH);CFB Showdown Satellite to NHL 11-3 $555 Barn Burner [Must Fill] (ARK @ UTAH);CFB Showdown $100 Winner Take All [$460 to 1st] (Must Fill) (ARK @ UTAH);CFB Showdown $155 White-Out [Single Entry] (ARK @ UTAH)",195476951;195476948;195476952;195477720;195477723;195476956;195477719;195477727;195477721;195476955;195477726;195476949;195476950;195476953;195476954;195567364;195477928;195477927;195477926;195477925,9/12 10:15PM (ARK @ UTAH)
Nate Johnson - Showdown Captain Mode (Flex),195476951;195476948;195476952;195477720;195477723;195476956;195477719;195477727;195477721;195476955;195477726;195476949;195476950;195476953;195476954;195567364;195477928;195477927;195477926;195477925,1400818,44095434,Nate Johnson,Nate,Johnson,6000,QB,UTAH,ARK @ UTAH,09/12/2026 10:15 PM,https://dkn.gs/sports/images/cfb/teams/50/8341.png,ARK @ UTAH,Showdown Captain Mode,CFB,9/12,Flex,"CFB Showdown $6K Air Raid [$2K to 1st] (ARK @ UTAH);CFB Showdown $720 Kick Return [Single Entry, Top 2 Win] (ARK @ UTAH);CFB Showdown $750 First Down (ARK @ UTAH);CFB Showdown $530 Winner Take All [Must Fill] (ARK @ UTAH);CFB Showdown $408 Winner Take All [$1.5K to 1st, Must Fill] (ARK @ UTAH);CFB Showdown $400 Coffin Corner [Single Entry] (ARK @ UTAH);CFB Showdown $267 Winner Take All [Must Fill] (ARK @ UTAH);CFB Showdown Satellite to NHL 11-3 $555 Barn Burner [Must Fill] (ARK @ UTAH);CFB Showdown $100 Winner Take All [$460 to 1st] (Must Fill) (ARK @ UTAH);CFB Showdown $155 White-Out [Single Entry] (ARK @ UTAH)",195476951;195476948;195476952;195477720;195477723;195476956;195477719;195477727;195477721;195476955;195477726;195476949;195476950;195476953;195476954;195567364;195477928;195477927;195477926;195477925,9/12 10:15PM (ARK @ UTAH)
Hank Hendrix - Showdown Captain Mode (Flex),195476951;195476948;195476952;195477720;195477723;195476956;195477719;195477727;195477721;195476955;195477726;195476949;195476950;195476953;195476954;195567364;195477928;195477927;195477926;195477925,1651908,44095435,Hank Hendrix,Hank,Hendrix,6000,QB,ARK,ARK @ UTAH,09/12/2026 10:15 PM,https://dkn.gs/sports/images/cfb/teams/50/8175.png,ARK @ UTAH,Showdown Captain Mode,CFB,9/12,Flex,"CFB Showdown $6K Air Raid [$2K to 1st] (ARK @ UTAH);CFB Showdown $720 Kick Return [Single Entry, Top 2 Win] (ARK @ UTAH);CFB Showdown $750 First Down (ARK @ UTAH);CFB Showdown $530 Winner Take All [Must Fill] (ARK @ UTAH);CFB Showdown $408 Winner Take All [$1.5K to 1st, Must Fill] (ARK @ UTAH);CFB Showdown $400 Coffin Corner [Single Entry] (ARK @ UTAH);CFB Showdown $267 Winner Take All [Must Fill] (ARK @ UTAH);CFB Showdown Satellite to NHL 11-3 $555 Barn Burner [Must Fill] (ARK @ UTAH);CFB Showdown $100 Winner Take All [$460 to 1st] (Must Fill) (ARK @ UTAH);CFB Showdown $155 White-Out [Single Entry] (ARK @ UTAH)",195476951;195476948;195476952;195477720;195477723;195476956;195477719;195477727;195477721;195476955;195477726;195476949;195476950;195476953;195476954;195567364;195477928;195477927;195477926;195477925,9/12 10:15PM (ARK @ UTAH)
Cade Trotter - Showdown Captain Mode (Flex),195476951;195476948;195476952;195477720;195477723;195476956;195477719;195477727;195477721;195476955;195477726;195476949;195476950;195476953;195476954;195567364;195477928;195477927;195477926;195477925,1585770,44095436,Cade Trotter,Cade,Trotter,6000,QB,ARK,ARK @ UTAH,09/12/2026 10:15 PM,https://dkn.gs/sports/images/cfb/teams/50/8175.png,ARK @ UTAH,Showdown Captain Mode,CFB,9/12,Flex,"CFB Showdown $6K Air Raid [$2K to 1st] (ARK @ UTAH);CFB Showdown $720 Kick Return [Single Entry, Top 2 Win] (ARK @ UTAH);CFB Showdown $750 First Down (ARK @ UTAH);CFB Showdown $530 Winner Take All [Must Fill] (ARK @ UTAH);CFB Showdown $408 Winner Take All [$1.5K to 1st, Must Fill] (ARK @ UTAH);CFB Showdown $400 Coffin Corner [Single Entry] (ARK @ UTAH);CFB Showdown $267 Winner Take All [Must Fill] (ARK @ UTAH);CFB Showdown Satellite to NHL 11-3 $555 Barn Burner [Must Fill] (ARK @ UTAH);CFB Showdown $100 Winner Take All [$460 to 1st] (Must Fill) (ARK @ UTAH);CFB Showdown $155 White-Out [Single Entry] (ARK @ UTAH)",195476951;195476948;195476952;195477720;195477723;195476956;195477719;195477727;195477721;195476955;195477726;195476949;195476950;195476953;195476954;195567364;195477928;195477927;195477926;195477925,9/12 10:15PM (ARK @ UTAH)
Cam Settles - Showdown Captain Mode (Captain),195476951;195476948;195476952;195477720;195477723;195476956;195477719;195477727;195477721;195476955;195477726;195476949;195476950;195476953;195476954;195567364;195477928;195477927;195477926;195477925,1582242,44095523,Cam Settles,Cam,Settles,6000,CPT,ARK,ARK @ UTAH,09/12/2026 10:15 PM,https://dkn.gs/sports/images/cfb/teams/50/8175.png,ARK @ UTAH,Showdown Captain Mode,CFB,9/12,Captain,"CFB Showdown $6K Air Raid [$2K to 1st] (ARK @ UTAH);CFB Showdown $720 Kick Return [Single Entry, Top 2 Win] (ARK @ UTAH);CFB Showdown $750 First Down (ARK @ UTAH);CFB Showdown $530 Winner Take All [Must Fill] (ARK @ UTAH);CFB Showdown $408 Winner Take All [$1.5K to 1st, Must Fill] (ARK @ UTAH);CFB Showdown $400 Coffin Corner [Single Entry] (ARK @ UTAH);CFB Showdown $267 Winner Take All [Must Fill] (ARK @ UTAH);CFB Showdown Satellite to NHL 11-3 $555 Barn Burner [Must Fill] (ARK @ UTAH);CFB Showdown $100 Winner Take All [$460 to 1st] (Must Fill) (ARK @ UTAH);CFB Showdown $155 White-Out [Single Entry] (ARK @ UTAH)",195476951;195476948;195476952;195477720;195477723;195476956;195477719;195477727;195477721;195476955;195477726;195476949;195476950;195476953;195476954;195567364;195477928;195477927;195477926;195477925,9/12 10:15PM (ARK @ UTAH)
Parker Stofa - Showdown Captain Mode (Flex),195476961;195476957;195477828;195476965;195477831;195477827;195476958;195477835;195477829;195476959;195477834;195476960;195476962;195476963;195476964;195477944;195477943;195477942;195477941;195477940,1531404,44095582,Parker Stofa,Parker,Stofa,6000,QB,NMST,NMST @ HAW,09/13/2026 12:00 AM,https://dkn.gs/sports/images/cfb/teams/50/7946.png,NMST @ HAW,Showdown Captain Mode,CFB,9/13,Flex,"CFB Showdown $4K Air Raid [$1K to 1st] (NMST @ HAW);CFB Showdown $720 Kick Return [Single Entry, Top 2 Win] (NMST @ HAW);CFB Showdown $530 Winner Take All [Must Fill] (NMST @ HAW);CFB Showdown $200 Redshirt [Single Entry] (NMST @ HAW);CFB Showdown $408 Winner Take All [$1.5K to 1st, Must Fill] (NMST @ HAW);CFB Showdown $267 Winner Take All [Must Fill] (NMST @ HAW);CFB Showdown $155 White-Out [Single Entry] (NMST @ HAW);CFB Showdown Satellite to NHL 11-3 $555 Barn Burner [Must Fill] (NMST @ HAW);CFB Showdown $100 Winner Take All [$460 to 1st] (Must Fill) (NMST @ HAW);CFB Showdown $310 Blitz [Single Entry] (NMST @ HAW)",195476961;195476957;195477828;195476965;195477831;195477827;195476958;195477835;195477829;195476959;195477834;195476960;195476962;195476963;195476964;195477944;195477943;195477942;195477941;195477940,9/13 12:00AM (NMST @ HAW)
Isaac Jaramilla-Phe - Showdown Captain Mode (Flex),195476961;195476957;195477828;195476965;195477831;195477827;195476958;195477835;195477829;195476959;195477834;195476960;195476962;195476963;195476964;195477944;195477943;195477942;195477941;195477940,1663652,44095583,Isaac Jaramilla-Phe,Isaac,Jaramilla-Phe,6000,QB,HAW,NMST @ HAW,09/13/2026 12:00 AM,https://dkn.gs/sports/images/cfb/teams/50/8316.png,NMST @ HAW,Showdown Captain Mode,CFB,9/13,Flex,"CFB Showdown $4K Air Raid [$1K to 1st] (NMST @ HAW);CFB Showdown $720 Kick Return [Single Entry, Top 2 Win] (NMST @ HAW);CFB Showdown $530 Winner Take All [Must Fill] (NMST @ HAW);CFB Showdown $200 Redshirt [Single Entry] (NMST @ HAW);CFB Showdown $408 Winner Take All [$1.5K to 1st, Must Fill] (NMST @ HAW);CFB Showdown $267 Winner Take All [Must Fill] (NMST @ HAW);CFB Showdown $155 White-Out [Single Entry] (NMST @ HAW);CFB Showdown Satellite to NHL 11-3 $555 Barn Burner [Must Fill] (NMST @ HAW);CFB Showdown $100 Winner Take All [$460 to 1st] (Must Fill) (NMST @ HAW);CFB Showdown $310 Blitz [Single Entry] (NMST @ HAW)",195476961;195476957;195477828;195476965;195477831;195477827;195476958;195477835;195477829;195476959;195477834;195476960;195476962;195476963;195476964;195477944;195477943;195477942;195477941;195477940,9/13 12:00AM (NMST @ HAW)
Hazyn Botelho - Showdown Captain Mode (Flex),195476961;195476957;195477828;195476965;195477831;195477827;195476958;195477835;195477829;195476959;195477834;195476960;195476962;195476963;195476964;195477944;195477943;195477942;195477941;195477940,1663673,44095584,Hazyn Botelho,Hazyn,Botelho,6000,QB,HAW,NMST @ HAW,09/13/2026 12:00 AM,https://dkn.gs/sports/images/cfb/teams/50/8316.png,NMST @ HAW,Showdown Captain Mode,CFB,9/13,Flex,"CFB Showdown $4K Air Raid [$1K to 1st] (NMST @ HAW);CFB Showdown $720 Kick Return [Single Entry, Top 2 Win] (NMST @ HAW);CFB Showdown $530 Winner Take All [Must Fill] (NMST @ HAW);CFB Showdown $200 Redshirt [Single Entry] (NMST @ HAW);CFB Showdown $408 Winner Take All [$1.5K to 1st, Must Fill] (NMST @ HAW);CFB Showdown $267 Winner Take All [Must Fill] (NMST @ HAW);CFB Showdown $155 White-Out [Single Entry] (NMST @ HAW);CFB Showdown Satellite to NHL 11-3 $555 Barn Burner [Must Fill] (NMST @ HAW);CFB Showdown $100 Winner Take All [$460 to 1st] (Must Fill) (NMST @ HAW);CFB Showdown $310 Blitz [Single Entry] (NMST @ HAW)",195476961;195476957;195477828;195476965;195477831;195477827;195476958;195477835;195477829;195476959;195477834;195476960;195476962;195476963;195476964;195477944;195477943;195477942;195477941;195477940,9/13 12:00AM (NMST @ HAW)
Kalani McLeod - Showdown Captain Mode (Flex),195476961;195476957;195477828;195476965;195477831;195477827;195476958;195477835;195477829;195476959;195477834;195476960;195476962;195476963;195476964;195477944;195477943;195477942;195477941;195477940,1655560,44095585,Kalani McLeod,Kalani,McLeod,6000,QB,NMST,NMST @ HAW,09/13/2026 12:00 AM,https://dkn.gs/sports/images/cfb/teams/50/7946.png,NMST @ HAW,Showdown Captain Mode,CFB,9/13,Flex,"CFB Showdown $4K Air Raid [$1K to 1st] (NMST @ HAW);CFB Showdown $720 Kick Return [Single Entry, Top 2 Win] (NMST @ HAW);CFB Showdown $530 Winner Take All [Must Fill] (NMST @ HAW);CFB Showdown $200 Redshirt [Single Entry] (NMST @ HAW);CFB Showdown $408 Winner Take All [$1.5K to 1st, Must Fill] (NMST @ HAW);CFB Showdown $267 Winner Take All [Must Fill] (NMST @ HAW);CFB Showdown $155 White-Out [Single Entry] (NMST @ HAW);CFB Showdown Satellite to NHL 11-3 $555 Barn Burner [Must Fill] (NMST @ HAW);CFB Showdown $100 Winner Take All [$460 to 1st] (Must Fill) (NMST @ HAW);CFB Showdown $310 Blitz [Single Entry] (NMST @ HAW)",195476961;195476957;195477828;195476965;195477831;195477827;195476958;195477835;195477829;195476959;195477834;195476960;195476962;195476963;195476964;195477944;195477943;195477942;195477941;195477940,9/13 12:00AM (NMST @ HAW)
Trey Arnold - Showdown Captain Mode (Flex),195476961;195476957;195477828;195476965;195477831;195477827;195476958;195477835;195477829;195476959;195477834;195476960;195476962;195476963;195476964;195477944;195477943;195477942;195477941;195477940,1652657,44095586,Trey Arnold,Trey,Arnold,6000,QB,NMST,NMST @ HAW,09/13/2026 12:00 AM,https://dkn.gs/sports/images/cfb/teams/50/7946.png,NMST @ HAW,Showdown Captain Mode,CFB,9/13,Flex,"CFB Showdown $4K Air Raid [$1K to 1st] (NMST @ HAW);CFB Showdown $720 Kick Return [Single Entry, Top 2 Win] (NMST @ HAW);CFB Showdown $530 Winner Take All [Must Fill] (NMST @ HAW);CFB Showdown $200 Redshirt [Single Entry] (NMST @ HAW);CFB Showdown $408 Winner Take All [$1.5K to 1st, Must Fill] (NMST @ HAW);CFB Showdown $267 Winner Take All [Must Fill] (NMST @ HAW);CFB Showdown $155 White-Out [Single Entry] (NMST @ HAW);CFB Showdown Satellite to NHL 11-3 $555 Barn Burner [Must Fill] (NMST @ HAW);CFB Showdown $100 Winner Take All [$460 to 1st] (Must Fill) (NMST @ HAW);CFB Showdown $310 Blitz [Single Entry] (NMST @ HAW)",195476961;195476957;195477828;195476965;195477831;195477827;195476958;195477835;195477829;195476959;195477834;195476960;195476962;195476963;195476964;195477944;195477943;195477942;195477941;195477940,9/13 12:00AM (NMST @ HAW)
Terrione Graves - Showdown Captain Mode (Captain),195476961;195476957;195477828;195476965;195477831;195477827;195476958;195477835;195477829;195476959;195477834;195476960;195476962;195476963;195476964;195477944;195477943;195477942;195477941;195477940,1588985,44095670,Terrione Graves,Terrione,Graves,6000,CPT,NMST,NMST @ HAW,09/13/2026 12:00 AM,https://dkn.gs/sports/images/cfb/teams/50/7946.png,NMST @ HAW,Showdown Captain Mode,CFB,9/13,Captain,"CFB Showdown $4K Air Raid [$1K to 1st] (NMST @ HAW);CFB Showdown $720 Kick Return [Single Entry, Top 2 Win] (NMST @ HAW);CFB Showdown $530 Winner Take All [Must Fill] (NMST @ HAW);CFB Showdown $200 Redshirt [Single Entry] (NMST @ HAW);CFB Showdown $408 Winner Take All [$1.5K to 1st, Must Fill] (NMST @ HAW);CFB Showdown $267 Winner Take All [Must Fill] (NMST @ HAW);CFB Showdown $155 White-Out [Single Entry] (NMST @ HAW);CFB Showdown Satellite to NHL 11-3 $555 Barn Burner [Must Fill] (NMST @ HAW);CFB Showdown $100 Winner Take All [$460 to 1st] (Must Fill) (NMST @ HAW);CFB Showdown $310 Blitz [Single Entry] (NMST @ HAW)",195476961;195476957;195477828;195476965;195477831;195477827;195476958;195477835;195477829;195476959;195477834;195476960;195476962;195476963;195476964;195477944;195477943;195477942;195477941;195477940,9/13 12:00AM (NMST @ HAW)
James Jones - Night,195377008;195377010;195377006;195377018;195377004;195377009;195470707;195470708;195377016;195377011;195386816;195386815;195377007;195377014;195377005;195377012;195386812;195386809;195386808;195386810,1516229,44082769,James Jones,James,Jones,5900,RB,NMST,NMST @ HAW,09/13/2026 12:00 AM,https://dkn.gs/sports/images/cfb/teams/50/7946.png,NMST @ HAW,Night,CFB,9/13,Standard,CFB $20K Hook and Ladder [$5K to 1st] (Late Night);CFB $35K Late Night Snack [$10K to 1st] (Late Night);CFB $4K First Down (Late Night);CFB $3K Coffin Corner [Single Entry] (Late Night);CFB $2.4K Big House [Single Entry] (Late Night);CFB $2K Tailgate [3 Entry Max] (Late Night);CFB $50K Pocket Cup Qualifier #34 (Late Night);CFB $50K Pocket Cup Qualifier #35 (Late Night);CFB $1.8K Kick Return [Single Entry] (Late Night);CFB $1.5K Fourth Down Conversion (Late Night),195377008;195377010;195377006;195377018;195377004;195377009;195470707;195470708;195377016;195377011;195386816;195386815;195377007;195377014;195377005;195377012;195386812;195386809;195386808;195386810,"9/12 10:00PM, 4 Games"
Lunch Winfield - Night,195377008;195377010;195377006;195377018;195377004;195377009;195470707;195470708;195377016;195377011;195386816;195386815;195377007;195377014;195377005;195377012;195386812;195386809;195386808;195386810,1461891,44082689,Lunch Winfield,Lunch,Winfield,5800,QB,ULL,ULL @ USC,09/12/2026 11:00 PM,,ULL @ USC,Night,CFB,9/12,Standard,CFB $20K Hook and Ladder [$5K to 1st] (Late Night);CFB $35K Late Night Snack [$10K to 1st] (Late Night);CFB $4K First Down (Late Night);CFB $3K Coffin Corner [Single Entry] (Late Night);CFB $2.4K Big House [Single Entry] (Late Night);CFB $2K Tailgate [3 Entry Max] (Late Night);CFB $50K Pocket Cup Qualifier #34 (Late Night);CFB $50K Pocket Cup Qualifier #35 (Late Night);CFB $1.8K Kick Return [Single Entry] (Late Night);CFB $1.5K Fourth Down Conversion (Late Night),195377008;195377010;195377006;195377018;195377004;195377009;195470707;195470708;195377016;195377011;195386816;195386815;195377007;195377014;195377005;195377012;195386812;195386809;195386808;195386810,"9/12 10:00PM, 4 Games"
Darrell Smith - Night,195377008;195377010;195377006;195377018;195377004;195377009;195470707;195470708;195377016;195377011;195386816;195386815;195377007;195377014;195377005;195377012;195386812;195386809;195386808;195386810,1586034,44082772,Darrell Smith,Darrell,Smith,5800,RB,ULL,ULL @ USC,09/12/2026 11:00 PM,,ULL @ USC,Night,CFB,9/12,Standard,CFB $20K Hook and Ladder [$5K to 1st] (Late Night);CFB $35K Late Night Snack [$10K to 1st] (Late Night);CFB $4K First Down (Late Night);CFB $3K Coffin Corner [Single Entry] (Late Night);CFB $2.4K Big House [Single Entry] (Late Night);CFB $2K Tailgate [3 Entry Max] (Late Night);CFB $50K Pocket Cup Qualifier #34 (Late Night);CFB $50K Pocket Cup Qualifier #35 (Late Night);CFB $1.8K Kick Return [Single Entry] (Late Night);CFB $1.5K Fourth Down Conversion (Late Night),195377008;195377010;195377006;195377018;195377004;195377009;195470707;195470708;195377016;195377011;195386816;195386815;195377007;195377014;195377005;195377012;195386812;195386809;195386808;195386810,"9/12 10:00PM, 4 Games"
Chris Marshall - Showdown Captain Mode (Flex),195476951;195476948;195476952;195477720;195477723;195476956;195477719;195477727;195477721;195476955;195477726;195476949;195476950;195476953;195476954;195567364;195477928;195477927;195477926;195477925,1402693,44095437,Chris Marshall,Chris,Marshall,5800,WR,ARK,ARK @ UTAH,09/12/2026 10:15 PM,https://dkn.gs/sports/images/cfb/teams/50/8175.png,ARK @ UTAH,Showdown Captain Mode,CFB,9/12,Flex,"CFB Showdown $6K Air Raid [$2K to 1st] (ARK @ UTAH);CFB Showdown $720 Kick Return [Single Entry, Top 2 Win] (ARK @ UTAH);CFB Showdown $750 First Down (ARK @ UTAH);CFB Showdown $530 Winner Take All [Must Fill] (ARK @ UTAH);CFB Showdown $408 Winner Take All [$1.5K to 1st, Must Fill] (ARK @ UTAH);CFB Showdown $400 Coffin Corner [Single Entry] (ARK @ UTAH);CFB Showdown $267 Winner Take All [Must Fill] (ARK @ UTAH);CFB Showdown Satellite to NHL 11-3 $555 Barn Burner [Must Fill] (ARK @ UTAH);CFB Showdown $100 Winner Take All [$460 to 1st] (Must Fill) (ARK @ UTAH);CFB Showdown $155 White-Out [Single Entry] (ARK @ UTAH)",195476951;195476948;195476952;195477720;195477723;195476956;195477719;195477727;195477721;195476955;195477726;195476949;195476950;195476953;195476954;195567364;195477928;195477927;195477926;195477925,9/12 10:15PM (ARK @ UTAH)
Dijon Stanley - Showdown Captain Mode (Flex),195476961;195476957;195477828;195476965;195477831;195477827;195476958;195477835;195477829;195476959;195477834;195476960;195476962;195476963;195476964;195477944;195477943;195477942;195477941;195477940,1456803,44095587,Dijon Stanley,Dijon,Stanley,5800,RB,NMST,NMST @ HAW,09/13/2026 12:00 AM,https://dkn.gs/sports/images/cfb/teams/50/7946.png,NMST @ HAW,Showdown Captain Mode,CFB,9/13,Flex,"CFB Showdown $4K Air Raid [$1K to 1st] (NMST @ HAW);CFB Showdown $720 Kick Return [Single Entry, Top 2 Win] (NMST @ HAW);CFB Showdown $530 Winner Take All [Must Fill] (NMST @ HAW);CFB Showdown $200 Redshirt [Single Entry] (NMST @ HAW);CFB Showdown $408 Winner Take All [$1.5K to 1st, Must Fill] (NMST @ HAW);CFB Showdown $267 Winner Take All [Must Fill] (NMST @ HAW);CFB Showdown $155 White-Out [Single Entry] (NMST @ HAW);CFB Showdown Satellite to NHL 11-3 $555 Barn Burner [Must Fill] (NMST @ HAW);CFB Showdown $100 Winner Take All [$460 to 1st] (Must Fill) (NMST @ HAW);CFB Showdown $310 Blitz [Single Entry] (NMST @ HAW)",195476961;195476957;195477828;195476965;195477831;195477827;195476958;195477835;195477829;195476959;195477834;195476960;195476962;195476963;195476964;195477944;195477943;195477942;195477941;195477940,9/13 12:00AM (NMST @ HAW)
Cam Barfield - Night,195377008;195377010;195377006;195377018;195377004;195377009;195470707;195470708;195377016;195377011;195386816;195386815;195377007;195377014;195377005;195377012;195386812;195386809;195386808;195386810,1404178,44082775,Cam Barfield,Cam,Barfield,5700,RB,HAW,NMST @ HAW,09/13/2026 12:00 AM,https://dkn.gs/sports/images/cfb/teams/50/8316.png,NMST @ HAW,Night,CFB,9/13,Standard,CFB $20K Hook and Ladder [$5K to 1st] (Late Night);CFB $35K Late Night Snack [$10K to 1st] (Late Night);CFB $4K First Down (Late Night);CFB $3K Coffin Corner [Single Entry] (Late Night);CFB $2.4K Big House [Single Entry] (Late Night);CFB $2K Tailgate [3 Entry Max] (Late Night);CFB $50K Pocket Cup Qualifier #34 (Late Night);CFB $50K Pocket Cup Qualifier #35 (Late Night);CFB $1.8K Kick Return [Single Entry] (Late Night);CFB $1.5K Fourth Down Conversion (Late Night),195377008;195377010;195377006;195377018;195377004;195377009;195470707;195470708;195377016;195377011;195386816;195386815;195377007;195377014;195377005;195377012;195386812;195386809;195386808;195386810,"9/12 10:00PM, 4 Games"
Tanook Hines - Night,195377008;195377010;195377006;195377018;195377004;195377009;195470707;195470708;195377016;195377011;195386816;195386815;195377007;195377014;195377005;195377012;195386812;195386809;195386808;195386810,1598540,44082946,Tanook Hines,Tanook,Hines,5700,WR,USC,ULL @ USC,09/12/2026 11:00 PM,https://dkn.gs/sports/images/cfb/teams/50/8080.png,ULL @ USC,Night,CFB,9/12,Standard,CFB $20K Hook and Ladder [$5K to 1st] (Late Night);CFB $35K Late Night Snack [$10K to 1st] (Late Night);CFB $4K First Down (Late Night);CFB $3K Coffin Corner [Single Entry] (Late Night);CFB $2.4K Big House [Single Entry] (Late Night);CFB $2K Tailgate [3 Entry Max] (Late Night);CFB $50K Pocket Cup Qualifier #34 (Late Night);CFB $50K Pocket Cup Qualifier #35 (Late Night);CFB $1.8K Kick Return [Single Entry] (Late Night);CFB $1.5K Fourth Down Conversion (Late Night),195377008;195377010;195377006;195377018;195377004;195377009;195470707;195470708;195377016;195377011;195386816;195386815;195377007;195377014;195377005;195377012;195386812;195386809;195386808;195386810,"9/12 10:00PM, 4 Games"
Brandon Inniss - Showdown Captain Mode (Captain),195582379;195582460;195580463;195582104;195581991;195582352;195477619;195477613;195581177;195478126;195478125;195478124;195478123;195478122;195478121;195478120;195477985;195477986;195478032;195478034,1449306,44095822,Brandon Inniss,Brandon,Inniss,5700,CPT,OSU,OSU @ TEX,09/12/2026 07:30 PM,https://dkn.gs/sports/images/cfb/teams/50/7874.png,OSU @ TEX,Showdown Captain Mode,CFB,9/12,Captain,"CFB Showdown $240 Huddle [Single Entry] (OSU @ TEX);CFB Showdown $100 Redshirt [Single Entry] (OSU @ TEX);CFB Showdown $408 Winner Take All [$1.5K to 1st, Must Fill] (OSU @ TEX);CFB Showdown $530 Winner Take All [Must Fill] (OSU @ TEX);CFB Showdown $50 Quarter Jukebox [Just $0.25!] (OSU @ TEX);CFB Showdown $267 Winner Take All [Must Fill] (OSU @ TEX);CFB Showdown Satellite to NHL 11-3 $555 Barn Burner [Must Fill] (OSU @ TEX);CFB Showdown $100 Winner Take All [$460 to 1st] (Must Fill) (OSU @ TEX);CFB Showdown Satellite to NHL 9-29 $15 Opening Night Puck Drop [Must Fill] (OSU @ TEX);CFB Showdown Satellite to CFB $555 Mid-Season Main Event (10-10) (OSU @ TEX)",195582379;195582460;195580463;195582104;195581991;195582352;195477619;195477613;195581177;195478126;195478125;195478124;195478123;195478122;195478121;195478120;195477985;195477986;195478032;195478034,9/12 7:30PM (OSU @ TEX)
LaMarcus Bell - Night,195377008;195377010;195377006;195377018;195377004;195377009;195470707;195470708;195377016;195377011;195386816;195386815;195377007;195377014;195377005;195377012;195386812;195386809;195386808;195386810,1648191,44082778,LaMarcus Bell,LaMarcus,Bell,5600,RB,UTAH,ARK @ UTAH,09/12/2026 10:15 PM,https://dkn.gs/sports/images/cfb/teams/50/8341.png,ARK @ UTAH,Night,CFB,9/12,Standard,CFB $20K Hook and Ladder [$5K to 1st] (Late Night);CFB $35K Late Night Snack [$10K to 1st] (Late Night);CFB $4K First Down (Late Night);CFB $3K Coffin Corner [Single Entry] (Late Night);CFB $2.4K Big House [Single Entry] (Late Night);CFB $2K Tailgate [3 Entry Max] (Late Night);CFB $50K Pocket Cup Qualifier #34 (Late Night);CFB $50K Pocket Cup Qualifier #35 (Late Night);CFB $1.8K Kick Return [Single Entry] (Late Night);CFB $1.5K Fourth Down Conversion (Late Night),195377008;195377010;195377006;195377018;195377004;195377009;195470707;195470708;195377016;195377011;195386816;195386815;195377007;195377014;195377005;195377012;195386812;195386809;195386808;195386810,"9/12 10:00PM, 4 Games"
Braden Pegan - Night,195377008;195377010;195377006;195377018;195377004;195377009;195470707;195470708;195377016;195377011;195386816;195386815;195377007;195377014;195377005;195377012;195386812;195386809;195386808;195386810,1405422,44082949,Braden Pegan,Braden,Pegan,5600,WR,UTAH,ARK @ UTAH,09/12/2026 10:15 PM,https://dkn.gs/sports/images/cfb/teams/50/8341.png,ARK @ UTAH,Night,CFB,9/12,Standard,CFB $20K Hook and Ladder [$5K to 1st] (Late Night);CFB $35K Late Night Snack [$10K to 1st] (Late Night);CFB $4K First Down (Late Night);CFB $3K Coffin Corner [Single Entry] (Late Night);CFB $2.4K Big House [Single Entry] (Late Night);CFB $2K Tailgate [3 Entry Max] (Late Night);CFB $50K Pocket Cup Qualifier #34 (Late Night);CFB $50K Pocket Cup Qualifier #35 (Late Night);CFB $1.8K Kick Return [Single Entry] (Late Night);CFB $1.5K Fourth Down Conversion (Late Night),195377008;195377010;195377006;195377018;195377004;195377009;195470707;195470708;195377016;195377011;195386816;195386815;195377007;195377014;195377005;195377012;195386812;195386809;195386808;195386810,"9/12 10:00PM, 4 Games"
Isaiah West - Showdown Captain Mode (Flex),195582379;195582460;195580463;195582104;195581991;195582352;195477619;195477613;195581177;195478126;195478125;195478124;195478123;195478122;195478121;195478120;195477985;195477986;195478032;195478034,1583970,44095736,Isaiah West,Isaiah,West,5600,RB,OSU,OSU @ TEX,09/12/2026 07:30 PM,https://dkn.gs/sports/images/cfb/teams/50/7874.png,OSU @ TEX,Showdown Captain Mode,CFB,9/12,Flex,"CFB Showdown $240 Huddle [Single Entry] (OSU @ TEX);CFB Showdown $100 Redshirt [Single Entry] (OSU @ TEX);CFB Showdown $408 Winner Take All [$1.5K to 1st, Must Fill] (OSU @ TEX);CFB Showdown $530 Winner Take All [Must Fill] (OSU @ TEX);CFB Showdown $50 Quarter Jukebox [Just $0.25!] (OSU @ TEX);CFB Showdown $267 Winner Take All [Must Fill] (OSU @ TEX);CFB Showdown Satellite to NHL 11-3 $555 Barn Burner [Must Fill] (OSU @ TEX);CFB Showdown $100 Winner Take All [$460 to 1st] (Must Fill) (OSU @ TEX);CFB Showdown Satellite to NHL 9-29 $15 Opening Night Puck Drop [Must Fill] (OSU @ TEX);CFB Showdown Satellite to CFB $555 Mid-Season Main Event (10-10) (OSU @ TEX)",195582379;195582460;195580463;195582104;195581991;195582352;195477619;195477613;195581177;195478126;195478125;195478124;195478123;195478122;195478121;195478120;195477985;195477986;195478032;195478034,9/12 7:30PM (OSU @ TEX)
Audric Harris - Showdown Captain Mode (Flex),195476961;195476957;195477828;195476965;195477831;195477827;195476958;195477835;195477829;195476959;195477834;195476960;195476962;195476963;195476964;195477944;195477943;195477942;195477941;195477940,1509121,44095588,Audric Harris,Audric,Harris,5600,WR,HAW,NMST @ HAW,09/13/2026 12:00 AM,https://dkn.gs/sports/images/cfb/teams/50/8316.png,NMST @ HAW,Showdown Captain Mode,CFB,9/13,Flex,"CFB Showdown $4K Air Raid [$1K to 1st] (NMST @ HAW);CFB Showdown $720 Kick Return [Single Entry, Top 2 Win] (NMST @ HAW);CFB Showdown $530 Winner Take All [Must Fill] (NMST @ HAW);CFB Showdown $200 Redshirt [Single Entry] (NMST @ HAW);CFB Showdown $408 Winner Take All [$1.5K to 1st, Must Fill] (NMST @ HAW);CFB Showdown $267 Winner Take All [Must Fill] (NMST @ HAW);CFB Showdown $155 White-Out [Single Entry] (NMST @ HAW);CFB Showdown Satellite to NHL 11-3 $555 Barn Burner [Must Fill] (NMST @ HAW);CFB Showdown $100 Winner Take All [$460 to 1st] (Must Fill) (NMST @ HAW);CFB Showdown $310 Blitz [Single Entry] (NMST @ HAW)",195476961;195476957;195477828;195476965;195477831;195477827;195476958;195477835;195477829;195476959;195477834;195476960;195476962;195476963;195476964;195477944;195477943;195477942;195477941;195477940,9/13 12:00AM (NMST @ HAW)
Adam Damante - Night,195377008;195377010;195377006;195377018;195377004;195377009;195470707;195470708;195377016;195377011;195386816;195386815;195377007;195377014;195377005;195377012;195386812;195386809;195386808;195386810,1453347,44082691,Adam Damante,Adam,Damante,5500,QB,NMST,NMST @ HAW,09/13/2026 12:00 AM,https://dkn.gs/sports/images/cfb/teams/50/7946.png,NMST @ HAW,Night,CFB,9/13,Standard,CFB $20K Hook and Ladder [$5K to 1st] (Late Night);CFB $35K Late Night Snack [$10K to 1st] (Late Night);CFB $4K First Down (Late Night);CFB $3K Coffin Corner [Single Entry] (Late Night);CFB $2.4K Big House [Single Entry] (Late Night);CFB $2K Tailgate [3 Entry Max] (Late Night);CFB $50K Pocket Cup Qualifier #34 (Late Night);CFB $50K Pocket Cup Qualifier #35 (Late Night);CFB $1.8K Kick Return [Single Entry] (Late Night);CFB $1.5K Fourth Down Conversion (Late Night),195377008;195377010;195377006;195377018;195377004;195377009;195470707;195470708;195377016;195377011;195386816;195386815;195377007;195377014;195377005;195377012;195386812;195386809;195386808;195386810,"9/12 10:00PM, 4 Games"
Sutton Smith - Night,195377008;195377010;195377006;195377018;195377004;195377009;195470707;195470708;195377016;195377011;195386816;195386815;195377007;195377014;195377005;195377012;195386812;195386809;195386808;195386810,1400570,44082781,Sutton Smith,Sutton,Smith,5400,RB,ARK,ARK @ UTAH,09/12/2026 10:15 PM,https://dkn.gs/sports/images/cfb/teams/50/8175.png,ARK @ UTAH,Night,CFB,9/12,Standard,CFB $20K Hook and Ladder [$5K to 1st] (Late Night);CFB $35K Late Night Snack [$10K to 1st] (Late Night);CFB $4K First Down (Late Night);CFB $3K Coffin Corner [Single Entry] (Late Night);CFB $2.4K Big House [Single Entry] (Late Night);CFB $2K Tailgate [3 Entry Max] (Late Night);CFB $50K Pocket Cup Qualifier #34 (Late Night);CFB $50K Pocket Cup Qualifier #35 (Late Night);CFB $1.8K Kick Return [Single Entry] (Late Night);CFB $1.5K Fourth Down Conversion (Late Night),195377008;195377010;195377006;195377018;195377004;195377009;195470707;195470708;195377016;195377011;195386816;195386815;195377007;195377014;195377005;195377012;195386812;195386809;195386808;195386810,"9/12 10:00PM, 4 Games"
Tama Uiliata - Night,195377008;195377010;195377006;195377018;195377004;195377009;195470707;195470708;195377016;195377011;195386816;195386815;195377007;195377014;195377005;195377012;195386812;195386809;195386808;195386810,1509411,44082952,Tama Uiliata,Tama,Uiliata,5400,WR,HAW,NMST @ HAW,09/13/2026 12:00 AM,https://dkn.gs/sports/images/cfb/teams/50/8316.png,NMST @ HAW,Night,CFB,9/13,Standard,CFB $20K Hook and Ladder [$5K to 1st] (Late Night);CFB $35K Late Night Snack [$10K to 1st] (Late Night);CFB $4K First Down (Late Night);CFB $3K Coffin Corner [Single Entry] (Late Night);CFB $2.4K Big House [Single Entry] (Late Night);CFB $2K Tailgate [3 Entry Max] (Late Night);CFB $50K Pocket Cup Qualifier #34 (Late Night);CFB $50K Pocket Cup Qualifier #35 (Late Night);CFB $1.8K Kick Return [Single Entry] (Late Night);CFB $1.5K Fourth Down Conversion (Late Night),195377008;195377010;195377006;195377018;195377004;195377009;195470707;195470708;195377016;195377011;195386816;195386815;195377007;195377014;195377005;195377012;195386812;195386809;195386808;195386810,"9/12 10:00PM, 4 Games"
Daniel Bray - Showdown Captain Mode (Flex),195476951;195476948;195476952;195477720;195477723;195476956;195477719;195477727;195477721;195476955;195477726;195476949;195476950;195476953;195476954;195567364;195477928;195477927;195477926;195477925,1582980,44095438,Daniel Bray,Daniel,Bray,5400,RB,UTAH,ARK @ UTAH,09/12/2026 10:15 PM,https://dkn.gs/sports/images/cfb/teams/50/8341.png,ARK @ UTAH,Showdown Captain Mode,CFB,9/12,Flex,"CFB Showdown $6K Air Raid [$2K to 1st] (ARK @ UTAH);CFB Showdown $720 Kick Return [Single Entry, Top 2 Win] (ARK @ UTAH);CFB Showdown $750 First Down (ARK @ UTAH);CFB Showdown $530 Winner Take All [Must Fill] (ARK @ UTAH);CFB Showdown $408 Winner Take All [$1.5K to 1st, Must Fill] (ARK @ UTAH);CFB Showdown $400 Coffin Corner [Single Entry] (ARK @ UTAH);CFB Showdown $267 Winner Take All [Must Fill] (ARK @ UTAH);CFB Showdown Satellite to NHL 11-3 $555 Barn Burner [Must Fill] (ARK @ UTAH);CFB Showdown $100 Winner Take All [$460 to 1st] (Must Fill) (ARK @ UTAH);CFB Showdown $155 White-Out [Single Entry] (ARK @ UTAH)",195476951;195476948;195476952;195477720;195477723;195476956;195477719;195477727;195477721;195476955;195477726;195476949;195476950;195476953;195476954;195567364;195477928;195477927;195477926;195477925,9/12 10:15PM (ARK @ UTAH)
Creed Whittemore - Showdown Captain Mode (Captain),195476951;195476948;195476952;195477720;195477723;195476956;195477719;195477727;195477721;195476955;195477726;195476949;195476950;195476953;195476954;195567364;195477928;195477927;195477926;195477925,1441029,44095524,Creed Whittemore,Creed,Whittemore,5400,CPT,UTAH,ARK @ UTAH,09/12/2026 10:15 PM,https://dkn.gs/sports/images/cfb/teams/50/8341.png,ARK @ UTAH,Showdown Captain Mode,CFB,9/12,Captain,"CFB Showdown $6K Air Raid [$2K to 1st] (ARK @ UTAH);CFB Showdown $720 Kick Return [Single Entry, Top 2 Win] (ARK @ UTAH);CFB Showdown $750 First Down (ARK @ UTAH);CFB Showdown $530 Winner Take All [Must Fill] (ARK @ UTAH);CFB Showdown $408 Winner Take All [$1.5K to 1st, Must Fill] (ARK @ UTAH);CFB Showdown $400 Coffin Corner [Single Entry] (ARK @ UTAH);CFB Showdown $267 Winner Take All [Must Fill] (ARK @ UTAH);CFB Showdown Satellite to NHL 11-3 $555 Barn Burner [Must Fill] (ARK @ UTAH);CFB Showdown $100 Winner Take All [$460 to 1st] (Must Fill) (ARK @ UTAH);CFB Showdown $155 White-Out [Single Entry] (ARK @ UTAH)",195476951;195476948;195476952;195477720;195477723;195476956;195477719;195477727;195477721;195476955;195477726;195476949;195476950;195476953;195476954;195567364;195477928;195477927;195477926;195477925,9/12 10:15PM (ARK @ UTAH)
Kainoa Carvalho - Showdown Captain Mode (Captain),195476961;195476957;195477828;195476965;195477831;195477827;195476958;195477835;195477829;195476959;195477834;195476960;195476962;195476963;195476964;195477944;195477943;195477942;195477941;195477940,1596210,44095671,Kainoa Carvalho,Kainoa,Carvalho,5400,CPT,HAW,NMST @ HAW,09/13/2026 12:00 AM,https://dkn.gs/sports/images/cfb/teams/50/8316.png,NMST @ HAW,Showdown Captain Mode,CFB,9/13,Captain,"CFB Showdown $4K Air Raid [$1K to 1st] (NMST @ HAW);CFB Showdown $720 Kick Return [Single Entry, Top 2 Win] (NMST @ HAW);CFB Showdown $530 Winner Take All [Must Fill] (NMST @ HAW);CFB Showdown $200 Redshirt [Single Entry] (NMST @ HAW);CFB Showdown $408 Winner Take All [$1.5K to 1st, Must Fill] (NMST @ HAW);CFB Showdown $267 Winner Take All [Must Fill] (NMST @ HAW);CFB Showdown $155 White-Out [Single Entry] (NMST @ HAW);CFB Showdown Satellite to NHL 11-3 $555 Barn Burner [Must Fill] (NMST @ HAW);CFB Showdown $100 Winner Take All [$460 to 1st] (Must Fill) (NMST @ HAW);CFB Showdown $310 Blitz [Single Entry] (NMST @ HAW)",195476961;195476957;195477828;195476965;195477831;195477827;195476958;195477835;195477829;195476959;195477834;195476960;195476962;195476963;195476964;195477944;195477943;195477942;195477941;195477940,9/13 12:00AM (NMST @ HAW)
TK King - Night,195377008;195377010;195377006;195377018;195377004;195377009;195470707;195470708;195377016;195377011;195386816;195386815;195377007;195377014;195377005;195377012;195386812;195386809;195386808;195386810,1389629,44082955,TK King,TK,King,5300,WR,NMST,NMST @ HAW,09/13/2026 12:00 AM,https://dkn.gs/sports/images/cfb/teams/50/7946.png,NMST @ HAW,Night,CFB,9/13,Standard,CFB $20K Hook and Ladder [$5K to 1st] (Late Night);CFB $35K Late Night Snack [$10K to 1st] (Late Night);CFB $4K First Down (Late Night);CFB $3K Coffin Corner [Single Entry] (Late Night);CFB $2.4K Big House [Single Entry] (Late Night);CFB $2K Tailgate [3 Entry Max] (Late Night);CFB $50K Pocket Cup Qualifier #34 (Late Night);CFB $50K Pocket Cup Qualifier #35 (Late Night);CFB $1.8K Kick Return [Single Entry] (Late Night);CFB $1.5K Fourth Down Conversion (Late Night),195377008;195377010;195377006;195377018;195377004;195377009;195470707;195470708;195377016;195377011;195386816;195386815;195377007;195377014;195377005;195377012;195386812;195386809;195386808;195386810,"9/12 10:00PM, 4 Games"
Daniel Beale - Night,195377008;195377010;195377006;195377018;195377004;195377009;195470707;195470708;195377016;195377011;195386816;195386815;195377007;195377014;195377005;195377012;195386812;195386809;195386808;195386810,1523284,44082693,Daniel Beale,Daniel,Beale,5200,QB,ULL,ULL @ USC,09/12/2026 11:00 PM,,ULL @ USC,Night,CFB,9/12,Standard,CFB $20K Hook and Ladder [$5K to 1st] (Late Night);CFB $35K Late Night Snack [$10K to 1st] (Late Night);CFB $4K First Down (Late Night);CFB $3K Coffin Corner [Single Entry] (Late Night);CFB $2.4K Big House [Single Entry] (Late Night);CFB $2K Tailgate [3 Entry Max] (Late Night);CFB $50K Pocket Cup Qualifier #34 (Late Night);CFB $50K Pocket Cup Qualifier #35 (Late Night);CFB $1.8K Kick Return [Single Entry] (Late Night);CFB $1.5K Fourth Down Conversion (Late Night),195377008;195377010;195377006;195377018;195377004;195377009;195470707;195470708;195377016;195377011;195386816;195386815;195377007;195377014;195377005;195377012;195386812;195386809;195386808;195386810,"9/12 10:00PM, 4 Games"
Dillon Curtis - Showdown Captain Mode (Flex),195476951;195476948;195476952;195477720;195477723;195476956;195477719;195477727;195477721;195476955;195477726;195476949;195476950;195476953;195476954;195567364;195477928;195477927;195477926;195477925,1582978,44095439,Dillon Curtis,Dillon,Curtis,5200,K,UTAH,ARK @ UTAH,09/12/2026 10:15 PM,https://dkn.gs/sports/images/cfb/teams/50/8341.png,ARK @ UTAH,Showdown Captain Mode,CFB,9/12,Flex,"CFB Showdown $6K Air Raid [$2K to 1st] (ARK @ UTAH);CFB Showdown $720 Kick Return [Single Entry, Top 2 Win] (ARK @ UTAH);CFB Showdown $750 First Down (ARK @ UTAH);CFB Showdown $530 Winner Take All [Must Fill] (ARK @ UTAH);CFB Showdown $408 Winner Take All [$1.5K to 1st, Must Fill] (ARK @ UTAH);CFB Showdown $400 Coffin Corner [Single Entry] (ARK @ UTAH);CFB Showdown $267 Winner Take All [Must Fill] (ARK @ UTAH);CFB Showdown Satellite to NHL 11-3 $555 Barn Burner [Must Fill] (ARK @ UTAH);CFB Showdown $100 Winner Take All [$460 to 1st] (Must Fill) (ARK @ UTAH);CFB Showdown $155 White-Out [Single Entry] (ARK @ UTAH)",195476951;195476948;195476952;195477720;195477723;195476956;195477719;195477727;195477721;195476955;195477726;195476949;195476950;195476953;195476954;195567364;195477928;195477927;195477926;195477925,9/12 10:15PM (ARK @ UTAH)
Tanner Cragun - Showdown Captain Mode (Flex),195476951;195476948;195476952;195477720;195477723;195476956;195477719;195477727;195477721;195476955;195477726;195476949;195476950;195476953;195476954;195567364;195477928;195477927;195477926;195477925,1235641,44095440,Tanner Cragun,Tanner,Cragun,5200,K,UTAH,ARK @ UTAH,09/12/2026 10:15 PM,https://dkn.gs/sports/images/cfb/teams/50/8341.png,ARK @ UTAH,Showdown Captain Mode,CFB,9/12,Flex,"CFB Showdown $6K Air Raid [$2K to 1st] (ARK @ UTAH);CFB Showdown $720 Kick Return [Single Entry, Top 2 Win] (ARK @ UTAH);CFB Showdown $750 First Down (ARK @ UTAH);CFB Showdown $530 Winner Take All [Must Fill] (ARK @ UTAH);CFB Showdown $408 Winner Take All [$1.5K to 1st, Must Fill] (ARK @ UTAH);CFB Showdown $400 Coffin Corner [Single Entry] (ARK @ UTAH);CFB Showdown $267 Winner Take All [Must Fill] (ARK @ UTAH);CFB Showdown Satellite to NHL 11-3 $555 Barn Burner [Must Fill] (ARK @ UTAH);CFB Showdown $100 Winner Take All [$460 to 1st] (Must Fill) (ARK @ UTAH);CFB Showdown $155 White-Out [Single Entry] (ARK @ UTAH)",195476951;195476948;195476952;195477720;195477723;195476956;195477719;195477727;195477721;195476955;195477726;195476949;195476950;195476953;195476954;195567364;195477928;195477927;195477926;195477925,9/12 10:15PM (ARK @ UTAH)
Sean Olvera-Harle - Showdown Captain Mode (Flex),195476961;195476957;195477828;195476965;195477831;195477827;195476958;195477835;195477829;195476959;195477834;195476960;195476962;195476963;195476964;195477944;195477943;195477942;195477941;195477940,1598541,44095589,Sean Olvera-Harle,Sean,Olvera-Harle,5200,K,HAW,NMST @ HAW,09/13/2026 12:00 AM,https://dkn.gs/sports/images/cfb/teams/50/8316.png,NMST @ HAW,Showdown Captain Mode,CFB,9/13,Flex,"CFB Showdown $4K Air Raid [$1K to 1st] (NMST @ HAW);CFB Showdown $720 Kick Return [Single Entry, Top 2 Win] (NMST @ HAW);CFB Showdown $530 Winner Take All [Must Fill] (NMST @ HAW);CFB Showdown $200 Redshirt [Single Entry] (NMST @ HAW);CFB Showdown $408 Winner Take All [$1.5K to 1st, Must Fill] (NMST @ HAW);CFB Showdown $267 Winner Take All [Must Fill] (NMST @ HAW);CFB Showdown $155 White-Out [Single Entry] (NMST @ HAW);CFB Showdown Satellite to NHL 11-3 $555 Barn Burner [Must Fill] (NMST @ HAW);CFB Showdown $100 Winner Take All [$460 to 1st] (Must Fill) (NMST @ HAW);CFB Showdown $310 Blitz [Single Entry] (NMST @ HAW)",195476961;195476957;195477828;195476965;195477831;195477827;195476958;195477835;195477829;195476959;195477834;195476960;195476962;195476963;195476964;195477944;195477943;195477942;195477941;195477940,9/13 12:00AM (NMST @ HAW)
Hudson Borsari - Showdown Captain Mode (Flex),195476961;195476957;195477828;195476965;195477831;195477827;195476958;195477835;195477829;195476959;195477834;195476960;195476962;195476963;195476964;195477944;195477943;195477942;195477941;195477940,1663671,44095590,Hudson Borsari,Hudson,Borsari,5200,K,HAW,NMST @ HAW,09/13/2026 12:00 AM,https://dkn.gs/sports/images/cfb/teams/50/8316.png,NMST @ HAW,Showdown Captain Mode,CFB,9/13,Flex,"CFB Showdown $4K Air Raid [$1K to 1st] (NMST @ HAW);CFB Showdown $720 Kick Return [Single Entry, Top 2 Win] (NMST @ HAW);CFB Showdown $530 Winner Take All [Must Fill] (NMST @ HAW);CFB Showdown $200 Redshirt [Single Entry] (NMST @ HAW);CFB Showdown $408 Winner Take All [$1.5K to 1st, Must Fill] (NMST @ HAW);CFB Showdown $267 Winner Take All [Must Fill] (NMST @ HAW);CFB Showdown $155 White-Out [Single Entry] (NMST @ HAW);CFB Showdown Satellite to NHL 11-3 $555 Barn Burner [Must Fill] (NMST @ HAW);CFB Showdown $100 Winner Take All [$460 to 1st] (Must Fill) (NMST @ HAW);CFB Showdown $310 Blitz [Single Entry] (NMST @ HAW)",195476961;195476957;195477828;195476965;195477831;195477827;195476958;195477835;195477829;195476959;195477834;195476960;195476962;195476963;195476964;195477944;195477943;195477942;195477941;195477940,9/13 12:00AM (NMST @ HAW)
Ismael Cisse - Showdown Captain Mode (Captain),195476951;195476948;195476952;195477720;195477723;195476956;195477719;195477727;195477721;195476955;195477726;195476949;195476950;195476953;195476954;195567364;195477928;195477927;195477926;195477925,1462690,44095525,Ismael Cisse,Ismael,Cisse,5100,CPT,ARK,ARK @ UTAH,09/12/2026 10:15 PM,https://dkn.gs/sports/images/cfb/teams/50/8175.png,ARK @ UTAH,Showdown Captain Mode,CFB,9/12,Captain,"CFB Showdown $6K Air Raid [$2K to 1st] (ARK @ UTAH);CFB Showdown $720 Kick Return [Single Entry, Top 2 Win] (ARK @ UTAH);CFB Showdown $750 First Down (ARK @ UTAH);CFB Showdown $530 Winner Take All [Must Fill] (ARK @ UTAH);CFB Showdown $408 Winner Take All [$1.5K to 1st, Must Fill] (ARK @ UTAH);CFB Showdown $400 Coffin Corner [Single Entry] (ARK @ UTAH);CFB Showdown $267 Winner Take All [Must Fill] (ARK @ UTAH);CFB Showdown Satellite to NHL 11-3 $555 Barn Burner [Must Fill] (ARK @ UTAH);CFB Showdown $100 Winner Take All [$460 to 1st] (Must Fill) (ARK @ UTAH);CFB Showdown $155 White-Out [Single Entry] (ARK @ UTAH)",195476951;195476948;195476952;195477720;195477723;195476956;195477719;195477727;195477721;195476955;195477726;195476949;195476950;195476953;195476954;195567364;195477928;195477927;195477926;195477925,9/12 10:15PM (ARK @ UTAH)
Braylen Russell - Night,195377008;195377010;195377006;195377018;195377004;195377009;195470707;195470708;195377016;195377011;195386816;195386815;195377007;195377014;195377005;195377012;195386812;195386809;195386808;195386810,1506059,44082784,Braylen Russell,Braylen,Russell,5000,RB,ARK,ARK @ UTAH,09/12/2026 10:15 PM,https://dkn.gs/sports/images/cfb/teams/50/8175.png,ARK @ UTAH,Night,CFB,9/12,Standard,CFB $20K Hook and Ladder [$5K to 1st] (Late Night);CFB $35K Late Night Snack [$10K to 1st] (Late Night);CFB $4K First Down (Late Night);CFB $3K Coffin Corner [Single Entry] (Late Night);CFB $2.4K Big House [Single Entry] (Late Night);CFB $2K Tailgate [3 Entry Max] (Late Night);CFB $50K Pocket Cup Qualifier #34 (Late Night);CFB $50K Pocket Cup Qualifier #35 (Late Night);CFB $1.8K Kick Return [Single Entry] (Late Night);CFB $1.5K Fourth Down Conversion (Late Night),195377008;195377010;195377006;195377018;195377004;195377009;195470707;195470708;195377016;195377011;195386816;195386815;195377007;195377014;195377005;195377012;195386812;195386809;195386808;195386810,"9/12 10:00PM, 4 Games"
Kyri Shoels - Night,195377008;195377010;195377006;195377018;195377004;195377009;195470707;195470708;195377016;195377011;195386816;195386815;195377007;195377014;195377005;195377012;195386812;195386809;195386808;195386810,1519601,44082958,Kyri Shoels,Kyri,Shoels,5000,WR,UTAH,ARK @ UTAH,09/12/2026 10:15 PM,https://dkn.gs/sports/images/cfb/teams/50/8341.png,ARK @ UTAH,Night,CFB,9/12,Standard,CFB $20K Hook and Ladder [$5K to 1st] (Late Night);CFB $35K Late Night Snack [$10K to 1st] (Late Night);CFB $4K First Down (Late Night);CFB $3K Coffin Corner [Single Entry] (Late Night);CFB $2.4K Big House [Single Entry] (Late Night);CFB $2K Tailgate [3 Entry Max] (Late Night);CFB $50K Pocket Cup Qualifier #34 (Late Night);CFB $50K Pocket Cup Qualifier #35 (Late Night);CFB $1.8K Kick Return [Single Entry] (Late Night);CFB $1.5K Fourth Down Conversion (Late Night),195377008;195377010;195377006;195377018;195377004;195377009;195470707;195470708;195377016;195377011;195386816;195386815;195377007;195377014;195377005;195377012;195386812;195386809;195386808;195386810,"9/12 10:00PM, 4 Games"
Spencer Barnett - Showdown Captain Mode (Flex),195582379;195582460;195580463;195582104;195581991;195582352;195477619;195477613;195581177;195478126;195478125;195478124;195478123;195478122;195478121;195478120;195477985;195477986;195478032;195478034,1521564,44095737,Spencer Barnett,Spencer,Barnett,5000,K,TEX,OSU @ TEX,09/12/2026 07:30 PM,https://dkn.gs/sports/images/cfb/teams/50/8240.png,OSU @ TEX,Showdown Captain Mode,CFB,9/12,Flex,"CFB Showdown $240 Huddle [Single Entry] (OSU @ TEX);CFB Showdown $100 Redshirt [Single Entry] (OSU @ TEX);CFB Showdown $408 Winner Take All [$1.5K to 1st, Must Fill] (OSU @ TEX);CFB Showdown $530 Winner Take All [Must Fill] (OSU @ TEX);CFB Showdown $50 Quarter Jukebox [Just $0.25!] (OSU @ TEX);CFB Showdown $267 Winner Take All [Must Fill] (OSU @ TEX);CFB Showdown Satellite to NHL 11-3 $555 Barn Burner [Must Fill] (OSU @ TEX);CFB Showdown $100 Winner Take All [$460 to 1st] (Must Fill) (OSU @ TEX);CFB Showdown Satellite to NHL 9-29 $15 Opening Night Puck Drop [Must Fill] (OSU @ TEX);CFB Showdown Satellite to CFB $555 Mid-Season Main Event (10-10) (OSU @ TEX)",195582379;195582460;195580463;195582104;195581991;195582352;195477619;195477613;195581177;195478126;195478125;195478124;195478123;195478122;195478121;195478120;195477985;195477986;195478032;195478034,9/12 7:30PM (OSU @ TEX)
Gianni Spetic - Showdown Captain Mode (Flex),195582379;195582460;195580463;195582104;195581991;195582352;195477619;195477613;195581177;195478126;195478125;195478124;195478123;195478122;195478121;195478120;195477985;195477986;195478032;195478034,1451401,44095738,Gianni Spetic,Gianni,Spetic,5000,K,TEX,OSU @ TEX,09/12/2026 07:30 PM,https://dkn.gs/sports/images/cfb/teams/50/8240.png,OSU @ TEX,Showdown Captain Mode,CFB,9/12,Flex,"CFB Showdown $240 Huddle [Single Entry] (OSU @ TEX);CFB Showdown $100 Redshirt [Single Entry] (OSU @ TEX);CFB Showdown $408 Winner Take All [$1.5K to 1st, Must Fill] (OSU @ TEX);CFB Showdown $530 Winner Take All [Must Fill] (OSU @ TEX);CFB Showdown $50 Quarter Jukebox [Just $0.25!] (OSU @ TEX);CFB Showdown $267 Winner Take All [Must Fill] (OSU @ TEX);CFB Showdown Satellite to NHL 11-3 $555 Barn Burner [Must Fill] (OSU @ TEX);CFB Showdown $100 Winner Take All [$460 to 1st] (Must Fill) (OSU @ TEX);CFB Showdown Satellite to NHL 9-29 $15 Opening Night Puck Drop [Must Fill] (OSU @ TEX);CFB Showdown Satellite to CFB $555 Mid-Season Main Event (10-10) (OSU @ TEX)",195582379;195582460;195580463;195582104;195581991;195582352;195477619;195477613;195581177;195478126;195478125;195478124;195478123;195478122;195478121;195478120;195477985;195477986;195478032;195478034,9/12 7:30PM (OSU @ TEX)
Jake Collett - Showdown Captain Mode (Flex),195582379;195582460;195580463;195582104;195581991;195582352;195477619;195477613;195581177;195478126;195478125;195478124;195478123;195478122;195478121;195478120;195477985;195477986;195478032;195478034,1645957,44095739,Jake Collett,Jake,Collett,5000,K,TEX,OSU @ TEX,09/12/2026 07:30 PM,https://dkn.gs/sports/images/cfb/teams/50/8240.png,OSU @ TEX,Showdown Captain Mode,CFB,9/12,Flex,"CFB Showdown $240 Huddle [Single Entry] (OSU @ TEX);CFB Showdown $100 Redshirt [Single Entry] (OSU @ TEX);CFB Showdown $408 Winner Take All [$1.5K to 1st, Must Fill] (OSU @ TEX);CFB Showdown $530 Winner Take All [Must Fill] (OSU @ TEX);CFB Showdown $50 Quarter Jukebox [Just $0.25!] (OSU @ TEX);CFB Showdown $267 Winner Take All [Must Fill] (OSU @ TEX);CFB Showdown Satellite to NHL 11-3 $555 Barn Burner [Must Fill] (OSU @ TEX);CFB Showdown $100 Winner Take All [$460 to 1st] (Must Fill) (OSU @ TEX);CFB Showdown Satellite to NHL 9-29 $15 Opening Night Puck Drop [Must Fill] (OSU @ TEX);CFB Showdown Satellite to CFB $555 Mid-Season Main Event (10-10) (OSU @ TEX)",195582379;195582460;195580463;195582104;195581991;195582352;195477619;195477613;195581177;195478126;195478125;195478124;195478123;195478122;195478121;195478120;195477985;195477986;195478032;195478034,9/12 7:30PM (OSU @ TEX)
Larry Simmons - Showdown Captain Mode (Flex),195476951;195476948;195476952;195477720;195477723;195476956;195477719;195477727;195477721;195476955;195477726;195476949;195476950;195476953;195476954;195567364;195477928;195477927;195477926;195477925,1395989,44095441,Larry Simmons,Larry,Simmons,5000,WR,UTAH,ARK @ UTAH,09/12/2026 10:15 PM,https://dkn.gs/sports/images/cfb/teams/50/8341.png,ARK @ UTAH,Showdown Captain Mode,CFB,9/12,Flex,"CFB Showdown $6K Air Raid [$2K to 1st] (ARK @ UTAH);CFB Showdown $720 Kick Return [Single Entry, Top 2 Win] (ARK @ UTAH);CFB Showdown $750 First Down (ARK @ UTAH);CFB Showdown $530 Winner Take All [Must Fill] (ARK @ UTAH);CFB Showdown $408 Winner Take All [$1.5K to 1st, Must Fill] (ARK @ UTAH);CFB Showdown $400 Coffin Corner [Single Entry] (ARK @ UTAH);CFB Showdown $267 Winner Take All [Must Fill] (ARK @ UTAH);CFB Showdown Satellite to NHL 11-3 $555 Barn Burner [Must Fill] (ARK @ UTAH);CFB Showdown $100 Winner Take All [$460 to 1st] (Must Fill) (ARK @ UTAH);CFB Showdown $155 White-Out [Single Entry] (ARK @ UTAH)",195476951;195476948;195476952;195477720;195477723;195476956;195477719;195477727;195477721;195476955;195477726;195476949;195476950;195476953;195476954;195567364;195477928;195477927;195477926;195477925,9/12 10:15PM (ARK @ UTAH)
Sitani Mikaele - Showdown Captain Mode (Flex),195476961;195476957;195477828;195476965;195477831;195477827;195476958;195477835;195477829;195476959;195477834;195476960;195476962;195476963;195476964;195477944;195477943;195477942;195477941;195477940,1519580,44095591,Sitani Mikaele,Sitani,Mikaele,5000,RB,HAW,NMST @ HAW,09/13/2026 12:00 AM,https://dkn.gs/sports/images/cfb/teams/50/8316.png,NMST @ HAW,Showdown Captain Mode,CFB,9/13,Flex,"CFB Showdown $4K Air Raid [$1K to 1st] (NMST @ HAW);CFB Showdown $720 Kick Return [Single Entry, Top 2 Win] (NMST @ HAW);CFB Showdown $530 Winner Take All [Must Fill] (NMST @ HAW);CFB Showdown $200 Redshirt [Single Entry] (NMST @ HAW);CFB Showdown $408 Winner Take All [$1.5K to 1st, Must Fill] (NMST @ HAW);CFB Showdown $267 Winner Take All [Must Fill] (NMST @ HAW);CFB Showdown $155 White-Out [Single Entry] (NMST @ HAW);CFB Showdown Satellite to NHL 11-3 $555 Barn Burner [Must Fill] (NMST @ HAW);CFB Showdown $100 Winner Take All [$460 to 1st] (Must Fill) (NMST @ HAW);CFB Showdown $310 Blitz [Single Entry] (NMST @ HAW)",195476961;195476957;195477828;195476965;195477831;195477827;195476958;195477835;195477829;195476959;195477834;195476960;195476962;195476963;195476964;195477944;195477943;195477942;195477941;195477940,9/13 12:00AM (NMST @ HAW)
Owen Allen - Night,195377008;195377010;195377006;195377018;195377004;195377009;195470707;195470708;195377016;195377011;195386816;195386815;195377007;195377014;195377005;195377012;195386812;195386809;195386808;195386810,1520130,44082787,Owen Allen,Owen,Allen,4900,RB,AF,NDSU @ AF,09/12/2026 10:00 PM,https://dkn.gs/sports/images/cfb/teams/50/8274.png,NDSU @ AF,Night,CFB,9/12,Standard,CFB $20K Hook and Ladder [$5K to 1st] (Late Night);CFB $35K Late Night Snack [$10K to 1st] (Late Night);CFB $4K First Down (Late Night);CFB $3K Coffin Corner [Single Entry] (Late Night);CFB $2.4K Big House [Single Entry] (Late Night);CFB $2K Tailgate [3 Entry Max] (Late Night);CFB $50K Pocket Cup Qualifier #34 (Late Night);CFB $50K Pocket Cup Qualifier #35 (Late Night);CFB $1.8K Kick Return [Single Entry] (Late Night);CFB $1.5K Fourth Down Conversion (Late Night),195377008;195377010;195377006;195377018;195377004;195377009;195470707;195470708;195377016;195377011;195386816;195386815;195377007;195377014;195377005;195377012;195386812;195386809;195386808;195386810,"9/12 10:00PM, 4 Games"
Chris Marshall - Night,195377008;195377010;195377006;195377018;195377004;195377009;195470707;195470708;195377016;195377011;195386816;195386815;195377007;195377014;195377005;195377012;195386812;195386809;195386808;195386810,1402693,44082961,Chris Marshall,Chris,Marshall,4900,WR,ARK,ARK @ UTAH,09/12/2026 10:15 PM,https://dkn.gs/sports/images/cfb/teams/50/8175.png,ARK @ UTAH,Night,CFB,9/12,Standard,CFB $20K Hook and Ladder [$5K to 1st] (Late Night);CFB $35K Late Night Snack [$10K to 1st] (Late Night);CFB $4K First Down (Late Night);CFB $3K Coffin Corner [Single Entry] (Late Night);CFB $2.4K Big House [Single Entry] (Late Night);CFB $2K Tailgate [3 Entry Max] (Late Night);CFB $50K Pocket Cup Qualifier #34 (Late Night);CFB $50K Pocket Cup Qualifier #35 (Late Night);CFB $1.8K Kick Return [Single Entry] (Late Night);CFB $1.5K Fourth Down Conversion (Late Night),195377008;195377010;195377006;195377018;195377004;195377009;195470707;195470708;195377016;195377011;195386816;195386815;195377007;195377014;195377005;195377012;195386812;195386809;195386808;195386810,"9/12 10:00PM, 4 Games"
TJ Washington Jr. - Night,195377008;195377010;195377006;195377018;195377004;195377009;195470707;195470708;195377016;195377011;195386816;195386815;195377007;195377014;195377005;195377012;195386812;195386809;195386808;195386810,1442761,44082790,TJ Washington Jr.,TJ,Washington Jr.,4800,RB,NMST,NMST @ HAW,09/13/2026 12:00 AM,https://dkn.gs/sports/images/cfb/teams/50/7946.png,NMST @ HAW,Night,CFB,9/13,Standard,CFB $20K Hook and Ladder [$5K to 1st] (Late Night);CFB $35K Late Night Snack [$10K to 1st] (Late Night);CFB $4K First Down (Late Night);CFB $3K Coffin Corner [Single Entry] (Late Night);CFB $2.4K Big House [Single Entry] (Late Night);CFB $2K Tailgate [3 Entry Max] (Late Night);CFB $50K Pocket Cup Qualifier #34 (Late Night);CFB $50K Pocket Cup Qualifier #35 (Late Night);CFB $1.8K Kick Return [Single Entry] (Late Night);CFB $1.5K Fourth Down Conversion (Late Night),195377008;195377010;195377006;195377018;195377004;195377009;195470707;195470708;195377016;195377011;195386816;195386815;195377007;195377014;195377005;195377012;195386812;195386809;195386808;195386810,"9/12 10:00PM, 4 Games"
Steven Blanco - Night,195377008;195377010;195377006;195377018;195377004;195377009;195470707;195470708;195377016;195377011;195386816;195386815;195377007;195377014;195377005;195377012;195386812;195386809;195386808;195386810,1523288,44082793,Steven Blanco,Steven,Blanco,4800,RB,ULL,ULL @ USC,09/12/2026 11:00 PM,,ULL @ USC,Night,CFB,9/12,Standard,CFB $20K Hook and Ladder [$5K to 1st] (Late Night);CFB $35K Late Night Snack [$10K to 1st] (Late Night);CFB $4K First Down (Late Night);CFB $3K Coffin Corner [Single Entry] (Late Night);CFB $2.4K Big House [Single Entry] (Late Night);CFB $2K Tailgate [3 Entry Max] (Late Night);CFB $50K Pocket Cup Qualifier #34 (Late Night);CFB $50K Pocket Cup Qualifier #35 (Late Night);CFB $1.8K Kick Return [Single Entry] (Late Night);CFB $1.5K Fourth Down Conversion (Late Night),195377008;195377010;195377006;195377018;195377004;195377009;195470707;195470708;195377016;195377011;195386816;195386815;195377007;195377014;195377005;195377012;195386812;195386809;195386808;195386810,"9/12 10:00PM, 4 Games"
Mekhi Collins - Night,195377008;195377010;195377006;195377018;195377004;195377009;195470707;195470708;195377016;195377011;195386816;195386815;195377007;195377014;195377005;195377012;195386812;195386809;195386808;195386810,1407558,44082964,Mekhi Collins,Mekhi,Collins,4800,WR,NDSU,NDSU @ AF,09/12/2026 10:00 PM,,NDSU @ AF,Night,CFB,9/12,Standard,CFB $20K Hook and Ladder [$5K to 1st] (Late Night);CFB $35K Late Night Snack [$10K to 1st] (Late Night);CFB $4K First Down (Late Night);CFB $3K Coffin Corner [Single Entry] (Late Night);CFB $2.4K Big House [Single Entry] (Late Night);CFB $2K Tailgate [3 Entry Max] (Late Night);CFB $50K Pocket Cup Qualifier #34 (Late Night);CFB $50K Pocket Cup Qualifier #35 (Late Night);CFB $1.8K Kick Return [Single Entry] (Late Night);CFB $1.5K Fourth Down Conversion (Late Night),195377008;195377010;195377006;195377018;195377004;195377009;195470707;195470708;195377016;195377011;195386816;195386815;195377007;195377014;195377005;195377012;195386812;195386809;195386808;195386810,"9/12 10:00PM, 4 Games"
Marcello Diomede - Showdown Captain Mode (Flex),195582379;195582460;195580463;195582104;195581991;195582352;195477619;195477613;195581177;195478126;195478125;195478124;195478123;195478122;195478121;195478120;195477985;195477986;195478032;195478034,1451508,44095740,Marcello Diomede,Marcello,Diomede,4800,K,OSU,OSU @ TEX,09/12/2026 07:30 PM,https://dkn.gs/sports/images/cfb/teams/50/7874.png,OSU @ TEX,Showdown Captain Mode,CFB,9/12,Flex,"CFB Showdown $240 Huddle [Single Entry] (OSU @ TEX);CFB Showdown $100 Redshirt [Single Entry] (OSU @ TEX);CFB Showdown $408 Winner Take All [$1.5K to 1st, Must Fill] (OSU @ TEX);CFB Showdown $530 Winner Take All [Must Fill] (OSU @ TEX);CFB Showdown $50 Quarter Jukebox [Just $0.25!] (OSU @ TEX);CFB Showdown $267 Winner Take All [Must Fill] (OSU @ TEX);CFB Showdown Satellite to NHL 11-3 $555 Barn Burner [Must Fill] (OSU @ TEX);CFB Showdown $100 Winner Take All [$460 to 1st] (Must Fill) (OSU @ TEX);CFB Showdown Satellite to NHL 9-29 $15 Opening Night Puck Drop [Must Fill] (OSU @ TEX);CFB Showdown Satellite to CFB $555 Mid-Season Main Event (10-10) (OSU @ TEX)",195582379;195582460;195580463;195582104;195581991;195582352;195477619;195477613;195581177;195478126;195478125;195478124;195478123;195478122;195478121;195478120;195477985;195477986;195478032;195478034,9/12 7:30PM (OSU @ TEX)
Cooper Peterson - Showdown Captain Mode (Flex),195582379;195582460;195580463;195582104;195581991;195582352;195477619;195477613;195581177;195478126;195478125;195478124;195478123;195478122;195478121;195478120;195477985;195477986;195478032;195478034,1653721,44095741,Cooper Peterson,Cooper,Peterson,4800,K,OSU,OSU @ TEX,09/12/2026 07:30 PM,https://dkn.gs/sports/images/cfb/teams/50/7874.png,OSU @ TEX,Showdown Captain Mode,CFB,9/12,Flex,"CFB Showdown $240 Huddle [Single Entry] (OSU @ TEX);CFB Showdown $100 Redshirt [Single Entry] (OSU @ TEX);CFB Showdown $408 Winner Take All [$1.5K to 1st, Must Fill] (OSU @ TEX);CFB Showdown $530 Winner Take All [Must Fill] (OSU @ TEX);CFB Showdown $50 Quarter Jukebox [Just $0.25!] (OSU @ TEX);CFB Showdown $267 Winner Take All [Must Fill] (OSU @ TEX);CFB Showdown Satellite to NHL 11-3 $555 Barn Burner [Must Fill] (OSU @ TEX);CFB Showdown $100 Winner Take All [$460 to 1st] (Must Fill) (OSU @ TEX);CFB Showdown Satellite to NHL 9-29 $15 Opening Night Puck Drop [Must Fill] (OSU @ TEX);CFB Showdown Satellite to CFB $555 Mid-Season Main Event (10-10) (OSU @ TEX)",195582379;195582460;195580463;195582104;195581991;195582352;195477619;195477613;195581177;195478126;195478125;195478124;195478123;195478122;195478121;195478120;195477985;195477986;195478032;195478034,9/12 7:30PM (OSU @ TEX)
Connor Hawkins - Showdown Captain Mode (Flex),195582379;195582460;195580463;195582104;195581991;195582352;195477619;195477613;195581177;195478126;195478125;195478124;195478123;195478122;195478121;195478120;195477985;195477986;195478032;195478034,1529144,44095742,Connor Hawkins,Connor,Hawkins,4800,K,OSU,OSU @ TEX,09/12/2026 07:30 PM,https://dkn.gs/sports/images/cfb/teams/50/7874.png,OSU @ TEX,Showdown Captain Mode,CFB,9/12,Flex,"CFB Showdown $240 Huddle [Single Entry] (OSU @ TEX);CFB Showdown $100 Redshirt [Single Entry] (OSU @ TEX);CFB Showdown $408 Winner Take All [$1.5K to 1st, Must Fill] (OSU @ TEX);CFB Showdown $530 Winner Take All [Must Fill] (OSU @ TEX);CFB Showdown $50 Quarter Jukebox [Just $0.25!] (OSU @ TEX);CFB Showdown $267 Winner Take All [Must Fill] (OSU @ TEX);CFB Showdown Satellite to NHL 11-3 $555 Barn Burner [Must Fill] (OSU @ TEX);CFB Showdown $100 Winner Take All [$460 to 1st] (Must Fill) (OSU @ TEX);CFB Showdown Satellite to NHL 9-29 $15 Opening Night Puck Drop [Must Fill] (OSU @ TEX);CFB Showdown Satellite to CFB $555 Mid-Season Main Event (10-10) (OSU @ TEX)",195582379;195582460;195580463;195582104;195581991;195582352;195477619;195477613;195581177;195478126;195478125;195478124;195478123;195478122;195478121;195478120;195477985;195477986;195478032;195478034,9/12 7:30PM (OSU @ TEX)
Nate Roberts - Showdown Captain Mode (Captain),195582379;195582460;195580463;195582104;195581991;195582352;195477619;195477613;195581177;195478126;195478125;195478124;195478123;195478122;195478121;195478120;195477985;195477986;195478032;195478034,1583992,44095823,Nate Roberts,Nate,Roberts,4800,CPT,OSU,OSU @ TEX,09/12/2026 07:30 PM,https://dkn.gs/sports/images/cfb/teams/50/7874.png,OSU @ TEX,Showdown Captain Mode,CFB,9/12,Captain,"CFB Showdown $240 Huddle [Single Entry] (OSU @ TEX);CFB Showdown $100 Redshirt [Single Entry] (OSU @ TEX);CFB Showdown $408 Winner Take All [$1.5K to 1st, Must Fill] (OSU @ TEX);CFB Showdown $530 Winner Take All [Must Fill] (OSU @ TEX);CFB Showdown $50 Quarter Jukebox [Just $0.25!] (OSU @ TEX);CFB Showdown $267 Winner Take All [Must Fill] (OSU @ TEX);CFB Showdown Satellite to NHL 11-3 $555 Barn Burner [Must Fill] (OSU @ TEX);CFB Showdown $100 Winner Take All [$460 to 1st] (Must Fill) (OSU @ TEX);CFB Showdown Satellite to NHL 9-29 $15 Opening Night Puck Drop [Must Fill] (OSU @ TEX);CFB Showdown Satellite to CFB $555 Mid-Season Main Event (10-10) (OSU @ TEX)",195582379;195582460;195580463;195582104;195581991;195582352;195477619;195477613;195581177;195478126;195478125;195478124;195478123;195478122;195478121;195478120;195477985;195477986;195478032;195478034,9/12 7:30PM (OSU @ TEX)
Noah Bennee - Showdown Captain Mode (Captain),195476951;195476948;195476952;195477720;195477723;195476956;195477719;195477727;195477721;195476955;195477726;195476949;195476950;195476953;195476954;195567364;195477928;195477927;195477926;195477925,1381558,44095526,Noah Bennee,Noah,Bennee,4800,CPT,UTAH,ARK @ UTAH,09/12/2026 10:15 PM,https://dkn.gs/sports/images/cfb/teams/50/8341.png,ARK @ UTAH,Showdown Captain Mode,CFB,9/12,Captain,"CFB Showdown $6K Air Raid [$2K to 1st] (ARK @ UTAH);CFB Showdown $720 Kick Return [Single Entry, Top 2 Win] (ARK @ UTAH);CFB Showdown $750 First Down (ARK @ UTAH);CFB Showdown $530 Winner Take All [Must Fill] (ARK @ UTAH);CFB Showdown $408 Winner Take All [$1.5K to 1st, Must Fill] (ARK @ UTAH);CFB Showdown $400 Coffin Corner [Single Entry] (ARK @ UTAH);CFB Showdown $267 Winner Take All [Must Fill] (ARK @ UTAH);CFB Showdown Satellite to NHL 11-3 $555 Barn Burner [Must Fill] (ARK @ UTAH);CFB Showdown $100 Winner Take All [$460 to 1st] (Must Fill) (ARK @ UTAH);CFB Showdown $155 White-Out [Single Entry] (ARK @ UTAH)",195476951;195476948;195476952;195477720;195477723;195476956;195477719;195477727;195477721;195476955;195477726;195476949;195476950;195476953;195476954;195567364;195477928;195477927;195477926;195477925,9/12 10:15PM (ARK @ UTAH)
AJ Williams III - Showdown Captain Mode (Flex),195476961;195476957;195477828;195476965;195477831;195477827;195476958;195477835;195477829;195476959;195477834;195476960;195476962;195476963;195476964;195477944;195477943;195477942;195477941;195477940,1587725,44095592,AJ Williams III,AJ,Williams III,4800,WR,NMST,NMST @ HAW,09/13/2026 12:00 AM,https://dkn.gs/sports/images/cfb/teams/50/7946.png,NMST @ HAW,Showdown Captain Mode,CFB,9/13,Flex,"CFB Showdown $4K Air Raid [$1K to 1st] (NMST @ HAW);CFB Showdown $720 Kick Return [Single Entry, Top 2 Win] (NMST @ HAW);CFB Showdown $530 Winner Take All [Must Fill] (NMST @ HAW);CFB Showdown $200 Redshirt [Single Entry] (NMST @ HAW);CFB Showdown $408 Winner Take All [$1.5K to 1st, Must Fill] (NMST @ HAW);CFB Showdown $267 Winner Take All [Must Fill] (NMST @ HAW);CFB Showdown $155 White-Out [Single Entry] (NMST @ HAW);CFB Showdown Satellite to NHL 11-3 $555 Barn Burner [Must Fill] (NMST @ HAW);CFB Showdown $100 Winner Take All [$460 to 1st] (Must Fill) (NMST @ HAW);CFB Showdown $310 Blitz [Single Entry] (NMST @ HAW)",195476961;195476957;195477828;195476965;195477831;195477827;195476958;195477835;195477829;195476959;195477834;195476960;195476962;195476963;195476964;195477944;195477943;195477942;195477941;195477940,9/13 12:00AM (NMST @ HAW)
Lyndon Ravare - Showdown Captain Mode (Captain),195476961;195476957;195477828;195476965;195477831;195477827;195476958;195477835;195477829;195476959;195477834;195476960;195476962;195476963;195476964;195477944;195477943;195477942;195477941;195477940,1519675,44095672,Lyndon Ravare,Lyndon,Ravare,4800,CPT,NMST,NMST @ HAW,09/13/2026 12:00 AM,https://dkn.gs/sports/images/cfb/teams/50/7946.png,NMST @ HAW,Showdown Captain Mode,CFB,9/13,Captain,"CFB Showdown $4K Air Raid [$1K to 1st] (NMST @ HAW);CFB Showdown $720 Kick Return [Single Entry, Top 2 Win] (NMST @ HAW);CFB Showdown $530 Winner Take All [Must Fill] (NMST @ HAW);CFB Showdown $200 Redshirt [Single Entry] (NMST @ HAW);CFB Showdown $408 Winner Take All [$1.5K to 1st, Must Fill] (NMST @ HAW);CFB Showdown $267 Winner Take All [Must Fill] (NMST @ HAW);CFB Showdown $155 White-Out [Single Entry] (NMST @ HAW);CFB Showdown Satellite to NHL 11-3 $555 Barn Burner [Must Fill] (NMST @ HAW);CFB Showdown $100 Winner Take All [$460 to 1st] (Must Fill) (NMST @ HAW);CFB Showdown $310 Blitz [Single Entry] (NMST @ HAW)",195476961;195476957;195477828;195476965;195477831;195477827;195476958;195477835;195477829;195476959;195477834;195476960;195476962;195476963;195476964;195477944;195477943;195477942;195477941;195477940,9/13 12:00AM (NMST @ HAW)
Deshonne Redeaux - Night,195377008;195377010;195377006;195377018;195377004;195377009;195470707;195470708;195377016;195377011;195386816;195386815;195377007;195377014;195377005;195377012;195386812;195386809;195386808;195386810,1651173,44082796,Deshonne Redeaux,Deshonne,Redeaux,4700,RB,USC,ULL @ USC,09/12/2026 11:00 PM,https://dkn.gs/sports/images/cfb/teams/50/8080.png,ULL @ USC,Night,CFB,9/12,Standard,CFB $20K Hook and Ladder [$5K to 1st] (Late Night);CFB $35K Late Night Snack [$10K to 1st] (Late Night);CFB $4K First Down (Late Night);CFB $3K Coffin Corner [Single Entry] (Late Night);CFB $2.4K Big House [Single Entry] (Late Night);CFB $2K Tailgate [3 Entry Max] (Late Night);CFB $50K Pocket Cup Qualifier #34 (Late Night);CFB $50K Pocket Cup Qualifier #35 (Late Night);CFB $1.8K Kick Return [Single Entry] (Late Night);CFB $1.5K Fourth Down Conversion (Late Night),195377008;195377010;195377006;195377018;195377004;195377009;195470707;195470708;195377016;195377011;195386816;195386815;195377007;195377014;195377005;195377012;195386812;195386809;195386808;195386810,"9/12 10:00PM, 4 Games"
Myles Mitchell - Night,195377008;195377010;195377006;195377018;195377004;195377009;195470707;195470708;195377016;195377011;195386816;195386815;195377007;195377014;195377005;195377012;195386812;195386809;195386808;195386810,1600399,44082799,Myles Mitchell,Myles,Mitchell,4700,RB,NDSU,NDSU @ AF,09/12/2026 10:00 PM,,NDSU @ AF,Night,CFB,9/12,Standard,CFB $20K Hook and Ladder [$5K to 1st] (Late Night);CFB $35K Late Night Snack [$10K to 1st] (Late Night);CFB $4K First Down (Late Night);CFB $3K Coffin Corner [Single Entry] (Late Night);CFB $2.4K Big House [Single Entry] (Late Night);CFB $2K Tailgate [3 Entry Max] (Late Night);CFB $50K Pocket Cup Qualifier #34 (Late Night);CFB $50K Pocket Cup Qualifier #35 (Late Night);CFB $1.8K Kick Return [Single Entry] (Late Night);CFB $1.5K Fourth Down Conversion (Late Night),195377008;195377010;195377006;195377018;195377004;195377009;195470707;195470708;195377016;195377011;195386816;195386815;195377007;195377014;195377005;195377012;195386812;195386809;195386808;195386810,"9/12 10:00PM, 4 Games"
Kayden Dixon-Wyatt - Night,195377008;195377010;195377006;195377018;195377004;195377009;195470707;195470708;195377016;195377011;195386816;195386815;195377007;195377014;195377005;195377012;195386812;195386809;195386808;195386810,1651200,44082967,Kayden Dixon-Wyatt,Kayden,Dixon-Wyatt,4700,WR,USC,ULL @ USC,09/12/2026 11:00 PM,https://dkn.gs/sports/images/cfb/teams/50/8080.png,ULL @ USC,Night,CFB,9/12,Standard,CFB $20K Hook and Ladder [$5K to 1st] (Late Night);CFB $35K Late Night Snack [$10K to 1st] (Late Night);CFB $4K First Down (Late Night);CFB $3K Coffin Corner [Single Entry] (Late Night);CFB $2.4K Big House [Single Entry] (Late Night);CFB $2K Tailgate [3 Entry Max] (Late Night);CFB $50K Pocket Cup Qualifier #34 (Late Night);CFB $50K Pocket Cup Qualifier #35 (Late Night);CFB $1.8K Kick Return [Single Entry] (Late Night);CFB $1.5K Fourth Down Conversion (Late Night),195377008;195377010;195377006;195377018;195377004;195377009;195470707;195470708;195377016;195377011;195386816;195386815;195377007;195377014;195377005;195377012;195386812;195386809;195386808;195386810,"9/12 10:00PM, 4 Games"
Rocco Conti - Night,195377008;195377010;195377006;195377018;195377004;195377009;195470707;195470708;195377016;195377011;195386816;195386815;195377007;195377014;195377005;195377012;195386812;195386809;195386808;195386810,1520153,44082802,Rocco Conti,Rocco,Conti,4600,RB,AF,NDSU @ AF,09/12/2026 10:00 PM,https://dkn.gs/sports/images/cfb/teams/50/8274.png,NDSU @ AF,Night,CFB,9/12,Standard,CFB $20K Hook and Ladder [$5K to 1st] (Late Night);CFB $35K Late Night Snack [$10K to 1st] (Late Night);CFB $4K First Down (Late Night);CFB $3K Coffin Corner [Single Entry] (Late Night);CFB $2.4K Big House [Single Entry] (Late Night);CFB $2K Tailgate [3 Entry Max] (Late Night);CFB $50K Pocket Cup Qualifier #34 (Late Night);CFB $50K Pocket Cup Qualifier #35 (Late Night);CFB $1.8K Kick Return [Single Entry] (Late Night);CFB $1.5K Fourth Down Conversion (Late Night),195377008;195377010;195377006;195377018;195377004;195377009;195470707;195470708;195377016;195377011;195386816;195386815;195377007;195377014;195377005;195377012;195386812;195386809;195386808;195386810,"9/12 10:00PM, 4 Games"
KeDarius Wade - Night,195377008;195377010;195377006;195377018;195377004;195377009;195470707;195470708;195377016;195377011;195386816;195386815;195377007;195377014;195377005;195377012;195386812;195386809;195386808;195386810,1461896,44082970,KeDarius Wade,KeDarius,Wade,4600,WR,ULL,ULL @ USC,09/12/2026 11:00 PM,,ULL @ USC,Night,CFB,9/12,Standard,CFB $20K Hook and Ladder [$5K to 1st] (Late Night);CFB $35K Late Night Snack [$10K to 1st] (Late Night);CFB $4K First Down (Late Night);CFB $3K Coffin Corner [Single Entry] (Late Night);CFB $2.4K Big House [Single Entry] (Late Night);CFB $2K Tailgate [3 Entry Max] (Late Night);CFB $50K Pocket Cup Qualifier #34 (Late Night);CFB $50K Pocket Cup Qualifier #35 (Late Night);CFB $1.8K Kick Return [Single Entry] (Late Night);CFB $1.5K Fourth Down Conversion (Late Night),195377008;195377010;195377006;195377018;195377004;195377009;195470707;195470708;195377016;195377011;195386816;195386815;195377007;195377014;195377005;195377012;195386812;195386809;195386808;195386810,"9/12 10:00PM, 4 Games"
Ja'Kobi Jackson - Showdown Captain Mode (Flex),195582379;195582460;195580463;195582104;195581991;195582352;195477619;195477613;195581177;195478126;195478125;195478124;195478123;195478122;195478121;195478120;195477985;195477986;195478032;195478034,1456696,44095743,Ja'Kobi Jackson,Ja'Kobi,Jackson,4600,RB,OSU,OSU @ TEX,09/12/2026 07:30 PM,https://dkn.gs/sports/images/cfb/teams/50/7874.png,OSU @ TEX,Showdown Captain Mode,CFB,9/12,Flex,"CFB Showdown $240 Huddle [Single Entry] (OSU @ TEX);CFB Showdown $100 Redshirt [Single Entry] (OSU @ TEX);CFB Showdown $408 Winner Take All [$1.5K to 1st, Must Fill] (OSU @ TEX);CFB Showdown $530 Winner Take All [Must Fill] (OSU @ TEX);CFB Showdown $50 Quarter Jukebox [Just $0.25!] (OSU @ TEX);CFB Showdown $267 Winner Take All [Must Fill] (OSU @ TEX);CFB Showdown Satellite to NHL 11-3 $555 Barn Burner [Must Fill] (OSU @ TEX);CFB Showdown $100 Winner Take All [$460 to 1st] (Must Fill) (OSU @ TEX);CFB Showdown Satellite to NHL 9-29 $15 Opening Night Puck Drop [Must Fill] (OSU @ TEX);CFB Showdown Satellite to CFB $555 Mid-Season Main Event (10-10) (OSU @ TEX)",195582379;195582460;195580463;195582104;195581991;195582352;195477619;195477613;195581177;195478126;195478125;195478124;195478123;195478122;195478121;195478120;195477985;195477986;195478032;195478034,9/12 7:30PM (OSU @ TEX)
Jasper Parker - Showdown Captain Mode (Flex),195476951;195476948;195476952;195477720;195477723;195476956;195477719;195477727;195477721;195476955;195477726;195476949;195476950;195476953;195476954;195567364;195477928;195477927;195477926;195477925,1599295,44095442,Jasper Parker,Jasper,Parker,4600,RB,ARK,ARK @ UTAH,09/12/2026 10:15 PM,https://dkn.gs/sports/images/cfb/teams/50/8175.png,ARK @ UTAH,Showdown Captain Mode,CFB,9/12,Flex,"CFB Showdown $6K Air Raid [$2K to 1st] (ARK @ UTAH);CFB Showdown $720 Kick Return [Single Entry, Top 2 Win] (ARK @ UTAH);CFB Showdown $750 First Down (ARK @ UTAH);CFB Showdown $530 Winner Take All [Must Fill] (ARK @ UTAH);CFB Showdown $408 Winner Take All [$1.5K to 1st, Must Fill] (ARK @ UTAH);CFB Showdown $400 Coffin Corner [Single Entry] (ARK @ UTAH);CFB Showdown $267 Winner Take All [Must Fill] (ARK @ UTAH);CFB Showdown Satellite to NHL 11-3 $555 Barn Burner [Must Fill] (ARK @ UTAH);CFB Showdown $100 Winner Take All [$460 to 1st] (Must Fill) (ARK @ UTAH);CFB Showdown $155 White-Out [Single Entry] (ARK @ UTAH)",195476951;195476948;195476952;195477720;195477723;195476956;195477719;195477727;195477721;195476955;195477726;195476949;195476950;195476953;195476954;195567364;195477928;195477927;195477926;195477925,9/12 10:15PM (ARK @ UTAH)
Ilya Uvaydov - Showdown Captain Mode (Flex),195476961;195476957;195477828;195476965;195477831;195477827;195476958;195477835;195477829;195476959;195477834;195476960;195476962;195476963;195476964;195477944;195477943;195477942;195477941;195477940,1405245,44095593,Ilya Uvaydov,Ilya,Uvaydov,4600,K,NMST,NMST @ HAW,09/13/2026 12:00 AM,https://dkn.gs/sports/images/cfb/teams/50/7946.png,NMST @ HAW,Showdown Captain Mode,CFB,9/13,Flex,"CFB Showdown $4K Air Raid [$1K to 1st] (NMST @ HAW);CFB Showdown $720 Kick Return [Single Entry, Top 2 Win] (NMST @ HAW);CFB Showdown $530 Winner Take All [Must Fill] (NMST @ HAW);CFB Showdown $200 Redshirt [Single Entry] (NMST @ HAW);CFB Showdown $408 Winner Take All [$1.5K to 1st, Must Fill] (NMST @ HAW);CFB Showdown $267 Winner Take All [Must Fill] (NMST @ HAW);CFB Showdown $155 White-Out [Single Entry] (NMST @ HAW);CFB Showdown Satellite to NHL 11-3 $555 Barn Burner [Must Fill] (NMST @ HAW);CFB Showdown $100 Winner Take All [$460 to 1st] (Must Fill) (NMST @ HAW);CFB Showdown $310 Blitz [Single Entry] (NMST @ HAW)",195476961;195476957;195477828;195476965;195477831;195477827;195476958;195477835;195477829;195476959;195477834;195476960;195476962;195476963;195476964;195477944;195477943;195477942;195477941;195477940,9/13 12:00AM (NMST @ HAW)
David Barker - Showdown Captain Mode (Flex),195476961;195476957;195477828;195476965;195477831;195477827;195476958;195477835;195477829;195476959;195477834;195476960;195476962;195476963;195476964;195477944;195477943;195477942;195477941;195477940,1584642,44095594,David Barker,David,Barker,4600,K,NMST,NMST @ HAW,09/13/2026 12:00 AM,https://dkn.gs/sports/images/cfb/teams/50/7946.png,NMST @ HAW,Showdown Captain Mode,CFB,9/13,Flex,"CFB Showdown $4K Air Raid [$1K to 1st] (NMST @ HAW);CFB Showdown $720 Kick Return [Single Entry, Top 2 Win] (NMST @ HAW);CFB Showdown $530 Winner Take All [Must Fill] (NMST @ HAW);CFB Showdown $200 Redshirt [Single Entry] (NMST @ HAW);CFB Showdown $408 Winner Take All [$1.5K to 1st, Must Fill] (NMST @ HAW);CFB Showdown $267 Winner Take All [Must Fill] (NMST @ HAW);CFB Showdown $155 White-Out [Single Entry] (NMST @ HAW);CFB Showdown Satellite to NHL 11-3 $555 Barn Burner [Must Fill] (NMST @ HAW);CFB Showdown $100 Winner Take All [$460 to 1st] (Must Fill) (NMST @ HAW);CFB Showdown $310 Blitz [Single Entry] (NMST @ HAW)",195476961;195476957;195477828;195476965;195477831;195477827;195476958;195477835;195477829;195476959;195477834;195476960;195476962;195476963;195476964;195477944;195477943;195477942;195477941;195477940,9/13 12:00AM (NMST @ HAW)
Kyah Francone - Showdown Captain Mode (Flex),195476961;195476957;195477828;195476965;195477831;195477827;195476958;195477835;195477829;195476959;195477834;195476960;195476962;195476963;195476964;195477944;195477943;195477942;195477941;195477940,1588849,44095595,Kyah Francone,Kyah,Francone,4600,K,NMST,NMST @ HAW,09/13/2026 12:00 AM,https://dkn.gs/sports/images/cfb/teams/50/7946.png,NMST @ HAW,Showdown Captain Mode,CFB,9/13,Flex,"CFB Showdown $4K Air Raid [$1K to 1st] (NMST @ HAW);CFB Showdown $720 Kick Return [Single Entry, Top 2 Win] (NMST @ HAW);CFB Showdown $530 Winner Take All [Must Fill] (NMST @ HAW);CFB Showdown $200 Redshirt [Single Entry] (NMST @ HAW);CFB Showdown $408 Winner Take All [$1.5K to 1st, Must Fill] (NMST @ HAW);CFB Showdown $267 Winner Take All [Must Fill] (NMST @ HAW);CFB Showdown $155 White-Out [Single Entry] (NMST @ HAW);CFB Showdown Satellite to NHL 11-3 $555 Barn Burner [Must Fill] (NMST @ HAW);CFB Showdown $100 Winner Take All [$460 to 1st] (Must Fill) (NMST @ HAW);CFB Showdown $310 Blitz [Single Entry] (NMST @ HAW)",195476961;195476957;195477828;195476965;195477831;195477827;195476958;195477835;195477829;195476959;195477834;195476960;195476962;195476963;195476964;195477944;195477943;195477942;195477941;195477940,9/13 12:00AM (NMST @ HAW)
Kalani McLeod - Night,195377008;195377010;195377006;195377018;195377004;195377009;195470707;195470708;195377016;195377011;195386816;195386815;195377007;195377014;195377005;195377012;195386812;195386809;195386808;195386810,1655560,44082695,Kalani McLeod,Kalani,McLeod,4500,QB,NMST,NMST @ HAW,09/13/2026 12:00 AM,https://dkn.gs/sports/images/cfb/teams/50/7946.png,NMST @ HAW,Night,CFB,9/13,Standard,CFB $20K Hook and Ladder [$5K to 1st] (Late Night);CFB $35K Late Night Snack [$10K to 1st] (Late Night);CFB $4K First Down (Late Night);CFB $3K Coffin Corner [Single Entry] (Late Night);CFB $2.4K Big House [Single Entry] (Late Night);CFB $2K Tailgate [3 Entry Max] (Late Night);CFB $50K Pocket Cup Qualifier #34 (Late Night);CFB $50K Pocket Cup Qualifier #35 (Late Night);CFB $1.8K Kick Return [Single Entry] (Late Night);CFB $1.5K Fourth Down Conversion (Late Night),195377008;195377010;195377006;195377018;195377004;195377009;195470707;195470708;195377016;195377011;195386816;195386815;195377007;195377014;195377005;195377012;195386812;195386809;195386808;195386810,"9/12 10:00PM, 4 Games"
Parker Stofa - Night,195377008;195377010;195377006;195377018;195377004;195377009;195470707;195470708;195377016;195377011;195386816;195386815;195377007;195377014;195377005;195377012;195386812;195386809;195386808;195386810,1531404,44082697,Parker Stofa,Parker,Stofa,4500,QB,NMST,NMST @ HAW,09/13/2026 12:00 AM,https://dkn.gs/sports/images/cfb/teams/50/7946.png,NMST @ HAW,Night,CFB,9/13,Standard,CFB $20K Hook and Ladder [$5K to 1st] (Late Night);CFB $35K Late Night Snack [$10K to 1st] (Late Night);CFB $4K First Down (Late Night);CFB $3K Coffin Corner [Single Entry] (Late Night);CFB $2.4K Big House [Single Entry] (Late Night);CFB $2K Tailgate [3 Entry Max] (Late Night);CFB $50K Pocket Cup Qualifier #34 (Late Night);CFB $50K Pocket Cup Qualifier #35 (Late Night);CFB $1.8K Kick Return [Single Entry] (Late Night);CFB $1.5K Fourth Down Conversion (Late Night),195377008;195377010;195377006;195377018;195377004;195377009;195470707;195470708;195377016;195377011;195386816;195386815;195377007;195377014;195377005;195377012;195386812;195386809;195386808;195386810,"9/12 10:00PM, 4 Games"
Trey Arnold - Night,195377008;195377010;195377006;195377018;195377004;195377009;195470707;195470708;195377016;195377011;195386816;195386815;195377007;195377014;195377005;195377012;195386812;195386809;195386808;195386810,1652657,44082699,Trey Arnold,Trey,Arnold,4500,QB,NMST,NMST @ HAW,09/13/2026 12:00 AM,https://dkn.gs/sports/images/cfb/teams/50/7946.png,NMST @ HAW,Night,CFB,9/13,Standard,CFB $20K Hook and Ladder [$5K to 1st] (Late Night);CFB $35K Late Night Snack [$10K to 1st] (Late Night);CFB $4K First Down (Late Night);CFB $3K Coffin Corner [Single Entry] (Late Night);CFB $2.4K Big House [Single Entry] (Late Night);CFB $2K Tailgate [3 Entry Max] (Late Night);CFB $50K Pocket Cup Qualifier #34 (Late Night);CFB $50K Pocket Cup Qualifier #35 (Late Night);CFB $1.8K Kick Return [Single Entry] (Late Night);CFB $1.5K Fourth Down Conversion (Late Night),195377008;195377010;195377006;195377018;195377004;195377009;195470707;195470708;195377016;195377011;195386816;195386815;195377007;195377014;195377005;195377012;195386812;195386809;195386808;195386810,"9/12 10:00PM, 4 Games"
Coleman Carter - Night,195377008;195377010;195377006;195377018;195377004;195377009;195470707;195470708;195377016;195377011;195386816;195386815;195377007;195377014;195377005;195377012;195386812;195386809;195386808;195386810,1591800,44082701,Coleman Carter,Coleman,Carter,4500,QB,ULL,ULL @ USC,09/12/2026 11:00 PM,,ULL @ USC,Night,CFB,9/12,Standard,CFB $20K Hook and Ladder [$5K to 1st] (Late Night);CFB $35K Late Night Snack [$10K to 1st] (Late Night);CFB $4K First Down (Late Night);CFB $3K Coffin Corner [Single Entry] (Late Night);CFB $2.4K Big House [Single Entry] (Late Night);CFB $2K Tailgate [3 Entry Max] (Late Night);CFB $50K Pocket Cup Qualifier #34 (Late Night);CFB $50K Pocket Cup Qualifier #35 (Late Night);CFB $1.8K Kick Return [Single Entry] (Late Night);CFB $1.5K Fourth Down Conversion (Late Night),195377008;195377010;195377006;195377018;195377004;195377009;195470707;195470708;195377016;195377011;195386816;195386815;195377007;195377014;195377005;195377012;195386812;195386809;195386808;195386810,"9/12 10:00PM, 4 Games"
Sam Altmann - Night,195377008;195377010;195377006;195377018;195377004;195377009;195470707;195470708;195377016;195377011;195386816;195386815;195377007;195377014;195377005;195377012;195386812;195386809;195386808;195386810,1523282,44082703,Sam Altmann,Sam,Altmann,4500,QB,ULL,ULL @ USC,09/12/2026 11:00 PM,,ULL @ USC,Night,CFB,9/12,Standard,CFB $20K Hook and Ladder [$5K to 1st] (Late Night);CFB $35K Late Night Snack [$10K to 1st] (Late Night);CFB $4K First Down (Late Night);CFB $3K Coffin Corner [Single Entry] (Late Night);CFB $2.4K Big House [Single Entry] (Late Night);CFB $2K Tailgate [3 Entry Max] (Late Night);CFB $50K Pocket Cup Qualifier #34 (Late Night);CFB $50K Pocket Cup Qualifier #35 (Late Night);CFB $1.8K Kick Return [Single Entry] (Late Night);CFB $1.5K Fourth Down Conversion (Late Night),195377008;195377010;195377006;195377018;195377004;195377009;195470707;195470708;195377016;195377011;195386816;195386815;195377007;195377014;195377005;195377012;195386812;195386809;195386808;195386810,"9/12 10:00PM, 4 Games"
Alex Munoz - Night,195377008;195377010;195377006;195377018;195377004;195377009;195470707;195470708;195377016;195377011;195386816;195386815;195377007;195377014;195377005;195377012;195386812;195386809;195386808;195386810,1653186,44082705,Alex Munoz,Alex,Munoz,4500,QB,ULL,ULL @ USC,09/12/2026 11:00 PM,,ULL @ USC,Night,CFB,9/12,Standard,CFB $20K Hook and Ladder [$5K to 1st] (Late Night);CFB $35K Late Night Snack [$10K to 1st] (Late Night);CFB $4K First Down (Late Night);CFB $3K Coffin Corner [Single Entry] (Late Night);CFB $2.4K Big House [Single Entry] (Late Night);CFB $2K Tailgate [3 Entry Max] (Late Night);CFB $50K Pocket Cup Qualifier #34 (Late Night);CFB $50K Pocket Cup Qualifier #35 (Late Night);CFB $1.8K Kick Return [Single Entry] (Late Night);CFB $1.5K Fourth Down Conversion (Late Night),195377008;195377010;195377006;195377018;195377004;195377009;195470707;195470708;195377016;195377011;195386816;195386815;195377007;195377014;195377005;195377012;195386812;195386809;195386808;195386810,"9/12 10:00PM, 4 Games"
Jonas Williams - Night,195377008;195377010;195377006;195377018;195377004;195377009;195470707;195470708;195377016;195377011;195386816;195386815;195377007;195377014;195377005;195377012;195386812;195386809;195386808;195386810,1651176,44082707,Jonas Williams,Jonas,Williams,4500,QB,USC,ULL @ USC,09/12/2026 11:00 PM,https://dkn.gs/sports/images/cfb/teams/50/8080.png,ULL @ USC,Night,CFB,9/12,Standard,CFB $20K Hook and Ladder [$5K to 1st] (Late Night);CFB $35K Late Night Snack [$10K to 1st] (Late Night);CFB $4K First Down (Late Night);CFB $3K Coffin Corner [Single Entry] (Late Night);CFB $2.4K Big House [Single Entry] (Late Night);CFB $2K Tailgate [3 Entry Max] (Late Night);CFB $50K Pocket Cup Qualifier #34 (Late Night);CFB $50K Pocket Cup Qualifier #35 (Late Night);CFB $1.8K Kick Return [Single Entry] (Late Night);CFB $1.5K Fourth Down Conversion (Late Night),195377008;195377010;195377006;195377018;195377004;195377009;195470707;195470708;195377016;195377011;195386816;195386815;195377007;195377014;195377005;195377012;195386812;195386809;195386808;195386810,"9/12 10:00PM, 4 Games"
Alex Medyn - Night,195377008;195377010;195377006;195377018;195377004;195377009;195470707;195470708;195377016;195377011;195386816;195386815;195377007;195377014;195377005;195377012;195386812;195386809;195386808;195386810,1663651,44082709,Alex Medyn,Alex,Medyn,4500,QB,USC,ULL @ USC,09/12/2026 11:00 PM,https://dkn.gs/sports/images/cfb/teams/50/8080.png,ULL @ USC,Night,CFB,9/12,Standard,CFB $20K Hook and Ladder [$5K to 1st] (Late Night);CFB $35K Late Night Snack [$10K to 1st] (Late Night);CFB $4K First Down (Late Night);CFB $3K Coffin Corner [Single Entry] (Late Night);CFB $2.4K Big House [Single Entry] (Late Night);CFB $2K Tailgate [3 Entry Max] (Late Night);CFB $50K Pocket Cup Qualifier #34 (Late Night);CFB $50K Pocket Cup Qualifier #35 (Late Night);CFB $1.8K Kick Return [Single Entry] (Late Night);CFB $1.5K Fourth Down Conversion (Late Night),195377008;195377010;195377006;195377018;195377004;195377009;195470707;195470708;195377016;195377011;195386816;195386815;195377007;195377014;195377005;195377012;195386812;195386809;195386808;195386810,"9/12 10:00PM, 4 Games"
James Johnson - Night,195377008;195377010;195377006;195377018;195377004;195377009;195470707;195470708;195377016;195377011;195386816;195386815;195377007;195377014;195377005;195377012;195386812;195386809;195386808;195386810,1663637,44082711,James Johnson,James,Johnson,4500,QB,USC,ULL @ USC,09/12/2026 11:00 PM,https://dkn.gs/sports/images/cfb/teams/50/8080.png,ULL @ USC,Night,CFB,9/12,Standard,CFB $20K Hook and Ladder [$5K to 1st] (Late Night);CFB $35K Late Night Snack [$10K to 1st] (Late Night);CFB $4K First Down (Late Night);CFB $3K Coffin Corner [Single Entry] (Late Night);CFB $2.4K Big House [Single Entry] (Late Night);CFB $2K Tailgate [3 Entry Max] (Late Night);CFB $50K Pocket Cup Qualifier #34 (Late Night);CFB $50K Pocket Cup Qualifier #35 (Late Night);CFB $1.8K Kick Return [Single Entry] (Late Night);CFB $1.5K Fourth Down Conversion (Late Night),195377008;195377010;195377006;195377018;195377004;195377009;195470707;195470708;195377016;195377011;195386816;195386815;195377007;195377014;195377005;195377012;195386812;195386809;195386808;195386810,"9/12 10:00PM, 4 Games"
Will Doherty - Night,195377008;195377010;195377006;195377018;195377004;195377009;195470707;195470708;195377016;195377011;195386816;195386815;195377007;195377014;195377005;195377012;195386812;195386809;195386808;195386810,1653009,44082713,Will Doherty,Will,Doherty,4500,QB,USC,ULL @ USC,09/12/2026 11:00 PM,https://dkn.gs/sports/images/cfb/teams/50/8080.png,ULL @ USC,Night,CFB,9/12,Standard,CFB $20K Hook and Ladder [$5K to 1st] (Late Night);CFB $35K Late Night Snack [$10K to 1st] (Late Night);CFB $4K First Down (Late Night);CFB $3K Coffin Corner [Single Entry] (Late Night);CFB $2.4K Big House [Single Entry] (Late Night);CFB $2K Tailgate [3 Entry Max] (Late Night);CFB $50K Pocket Cup Qualifier #34 (Late Night);CFB $50K Pocket Cup Qualifier #35 (Late Night);CFB $1.8K Kick Return [Single Entry] (Late Night);CFB $1.5K Fourth Down Conversion (Late Night),195377008;195377010;195377006;195377018;195377004;195377009;195470707;195470708;195377016;195377011;195386816;195386815;195377007;195377014;195377005;195377012;195386812;195386809;195386808;195386810,"9/12 10:00PM, 4 Games"
Hank Hendrix - Night,195377008;195377010;195377006;195377018;195377004;195377009;195470707;195470708;195377016;195377011;195386816;195386815;195377007;195377014;195377005;195377012;195386812;195386809;195386808;195386810,1651908,44082715,Hank Hendrix,Hank,Hendrix,4500,QB,ARK,ARK @ UTAH,09/12/2026 10:15 PM,https://dkn.gs/sports/images/cfb/teams/50/8175.png,ARK @ UTAH,Night,CFB,9/12,Standard,CFB $20K Hook and Ladder [$5K to 1st] (Late Night);CFB $35K Late Night Snack [$10K to 1st] (Late Night);CFB $4K First Down (Late Night);CFB $3K Coffin Corner [Single Entry] (Late Night);CFB $2.4K Big House [Single Entry] (Late Night);CFB $2K Tailgate [3 Entry Max] (Late Night);CFB $50K Pocket Cup Qualifier #34 (Late Night);CFB $50K Pocket Cup Qualifier #35 (Late Night);CFB $1.8K Kick Return [Single Entry] (Late Night);CFB $1.5K Fourth Down Conversion (Late Night),195377008;195377010;195377006;195377018;195377004;195377009;195470707;195470708;195377016;195377011;195386816;195386815;195377007;195377014;195377005;195377012;195386812;195386809;195386808;195386810,"9/12 10:00PM, 4 Games"
Braeden Fuller - Night,195377008;195377010;195377006;195377018;195377004;195377009;195470707;195470708;195377016;195377011;195386816;195386815;195377007;195377014;195377005;195377012;195386812;195386809;195386808;195386810,1647519,44082717,Braeden Fuller,Braeden,Fuller,4500,QB,ARK,ARK @ UTAH,09/12/2026 10:15 PM,https://dkn.gs/sports/images/cfb/teams/50/8175.png,ARK @ UTAH,Night,CFB,9/12,Standard,CFB $20K Hook and Ladder [$5K to 1st] (Late Night);CFB $35K Late Night Snack [$10K to 1st] (Late Night);CFB $4K First Down (Late Night);CFB $3K Coffin Corner [Single Entry] (Late Night);CFB $2.4K Big House [Single Entry] (Late Night);CFB $2K Tailgate [3 Entry Max] (Late Night);CFB $50K Pocket Cup Qualifier #34 (Late Night);CFB $50K Pocket Cup Qualifier #35 (Late Night);CFB $1.8K Kick Return [Single Entry] (Late Night);CFB $1.5K Fourth Down Conversion (Late Night),195377008;195377010;195377006;195377018;195377004;195377009;195470707;195470708;195377016;195377011;195386816;195386815;195377007;195377014;195377005;195377012;195386812;195386809;195386808;195386810,"9/12 10:00PM, 4 Games"
Cade Trotter - Night,195377008;195377010;195377006;195377018;195377004;195377009;195470707;195470708;195377016;195377011;195386816;195386815;195377007;195377014;195377005;195377012;195386812;195386809;195386808;195386810,1585770,44082719,Cade Trotter,Cade,Trotter,4500,QB,ARK,ARK @ UTAH,09/12/2026 10:15 PM,https://dkn.gs/sports/images/cfb/teams/50/8175.png,ARK @ UTAH,Night,CFB,9/12,Standard,CFB $20K Hook and Ladder [$5K to 1st] (Late Night);CFB $35K Late Night Snack [$10K to 1st] (Late Night);CFB $4K First Down (Late Night);CFB $3K Coffin Corner [Single Entry] (Late Night);CFB $2.4K Big House [Single Entry] (Late Night);CFB $2K Tailgate [3 Entry Max] (Late Night);CFB $50K Pocket Cup Qualifier #34 (Late Night);CFB $50K Pocket Cup Qualifier #35 (Late Night);CFB $1.8K Kick Return [Single Entry] (Late Night);CFB $1.5K Fourth Down Conversion (Late Night),195377008;195377010;195377006;195377018;195377004;195377009;195470707;195470708;195377016;195377011;195386816;195386815;195377007;195377014;195377005;195377012;195386812;195386809;195386808;195386810,"9/12 10:00PM, 4 Games"
Josh Johnson - Night,195377008;195377010;195377006;195377018;195377004;195377009;195470707;195470708;195377016;195377011;195386816;195386815;195377007;195377014;195377005;195377012;195386812;195386809;195386808;195386810,1520117,44082721,Josh Johnson,Josh,Johnson,4500,QB,AF,NDSU @ AF,09/12/2026 10:00 PM,https://dkn.gs/sports/images/cfb/teams/50/8274.png,NDSU @ AF,Night,CFB,9/12,Standard,CFB $20K Hook and Ladder [$5K to 1st] (Late Night);CFB $35K Late Night Snack [$10K to 1st] (Late Night);CFB $4K First Down (Late Night);CFB $3K Coffin Corner [Single Entry] (Late Night);CFB $2.4K Big House [Single Entry] (Late Night);CFB $2K Tailgate [3 Entry Max] (Late Night);CFB $50K Pocket Cup Qualifier #34 (Late Night);CFB $50K Pocket Cup Qualifier #35 (Late Night);CFB $1.8K Kick Return [Single Entry] (Late Night);CFB $1.5K Fourth Down Conversion (Late Night),195377008;195377010;195377006;195377018;195377004;195377009;195470707;195470708;195377016;195377011;195386816;195386815;195377007;195377014;195377005;195377012;195386812;195386809;195386808;195386810,"9/12 10:00PM, 4 Games"
Kemper Hodges - Night,195377008;195377010;195377006;195377018;195377004;195377009;195470707;195470708;195377016;195377011;195386816;195386815;195377007;195377014;195377005;195377012;195386812;195386809;195386808;195386810,1520122,44082723,Kemper Hodges,Kemper,Hodges,4500,QB,AF,NDSU @ AF,09/12/2026 10:00 PM,https://dkn.gs/sports/images/cfb/teams/50/8274.png,NDSU @ AF,Night,CFB,9/12,Standard,CFB $20K Hook and Ladder [$5K to 1st] (Late Night);CFB $35K Late Night Snack [$10K to 1st] (Late Night);CFB $4K First Down (Late Night);CFB $3K Coffin Corner [Single Entry] (Late Night);CFB $2.4K Big House [Single Entry] (Late Night);CFB $2K Tailgate [3 Entry Max] (Late Night);CFB $50K Pocket Cup Qualifier #34 (Late Night);CFB $50K Pocket Cup Qualifier #35 (Late Night);CFB $1.8K Kick Return [Single Entry] (Late Night);CFB $1.5K Fourth Down Conversion (Late Night),195377008;195377010;195377006;195377018;195377004;195377009;195470707;195470708;195377016;195377011;195386816;195386815;195377007;195377014;195377005;195377012;195386812;195386809;195386808;195386810,"9/12 10:00PM, 4 Games"
Maguire Martin - Night,195377008;195377010;195377006;195377018;195377004;195377009;195470707;195470708;195377016;195377011;195386816;195386815;195377007;195377014;195377005;195377012;195386812;195386809;195386808;195386810,1520119,44082725,Maguire Martin,Maguire,Martin,4500,QB,AF,NDSU @ AF,09/12/2026 10:00 PM,https://dkn.gs/sports/images/cfb/teams/50/8274.png,NDSU @ AF,Night,CFB,9/12,Standard,CFB $20K Hook and Ladder [$5K to 1st] (Late Night);CFB $35K Late Night Snack [$10K to 1st] (Late Night);CFB $4K First Down (Late Night);CFB $3K Coffin Corner [Single Entry] (Late Night);CFB $2.4K Big House [Single Entry] (Late Night);CFB $2K Tailgate [3 Entry Max] (Late Night);CFB $50K Pocket Cup Qualifier #34 (Late Night);CFB $50K Pocket Cup Qualifier #35 (Late Night);CFB $1.8K Kick Return [Single Entry] (Late Night);CFB $1.5K Fourth Down Conversion (Late Night),195377008;195377010;195377006;195377018;195377004;195377009;195470707;195470708;195377016;195377011;195386816;195386815;195377007;195377014;195377005;195377012;195386812;195386809;195386808;195386810,"9/12 10:00PM, 4 Games"
Cade Spradling - Night,195377008;195377010;195377006;195377018;195377004;195377009;195470707;195470708;195377016;195377011;195386816;195386815;195377007;195377014;195377005;195377012;195386812;195386809;195386808;195386810,1652294,44082727,Cade Spradling,Cade,Spradling,4500,QB,AF,NDSU @ AF,09/12/2026 10:00 PM,https://dkn.gs/sports/images/cfb/teams/50/8274.png,NDSU @ AF,Night,CFB,9/12,Standard,CFB $20K Hook and Ladder [$5K to 1st] (Late Night);CFB $35K Late Night Snack [$10K to 1st] (Late Night);CFB $4K First Down (Late Night);CFB $3K Coffin Corner [Single Entry] (Late Night);CFB $2.4K Big House [Single Entry] (Late Night);CFB $2K Tailgate [3 Entry Max] (Late Night);CFB $50K Pocket Cup Qualifier #34 (Late Night);CFB $50K Pocket Cup Qualifier #35 (Late Night);CFB $1.8K Kick Return [Single Entry] (Late Night);CFB $1.5K Fourth Down Conversion (Late Night),195377008;195377010;195377006;195377018;195377004;195377009;195470707;195470708;195377016;195377011;195386816;195386815;195377007;195377014;195377005;195377012;195386812;195386809;195386808;195386810,"9/12 10:00PM, 4 Games"
Grady Kinsey - Night,195377008;195377010;195377006;195377018;195377004;195377009;195470707;195470708;195377016;195377011;195386816;195386815;195377007;195377014;195377005;195377012;195386812;195386809;195386808;195386810,1676734,44082729,Grady Kinsey,Grady,Kinsey,4500,QB,AF,NDSU @ AF,09/12/2026 10:00 PM,https://dkn.gs/sports/images/cfb/teams/50/8274.png,NDSU @ AF,Night,CFB,9/12,Standard,CFB $20K Hook and Ladder [$5K to 1st] (Late Night);CFB $35K Late Night Snack [$10K to 1st] (Late Night);CFB $4K First Down (Late Night);CFB $3K Coffin Corner [Single Entry] (Late Night);CFB $2.4K Big House [Single Entry] (Late Night);CFB $2K Tailgate [3 Entry Max] (Late Night);CFB $50K Pocket Cup Qualifier #34 (Late Night);CFB $50K Pocket Cup Qualifier #35 (Late Night);CFB $1.8K Kick Return [Single Entry] (Late Night);CFB $1.5K Fourth Down Conversion (Late Night),195377008;195377010;195377006;195377018;195377004;195377009;195470707;195470708;195377016;195377011;195386816;195386815;195377007;195377014;195377005;195377012;195386812;195386809;195386808;195386810,"9/12 10:00PM, 4 Games"
Howard Fisher - Night,195377008;195377010;195377006;195377018;195377004;195377009;195470707;195470708;195377016;195377011;195386816;195386815;195377007;195377014;195377005;195377012;195386812;195386809;195386808;195386810,1676701,44082731,Howard Fisher,Howard,Fisher,4500,QB,AF,NDSU @ AF,09/12/2026 10:00 PM,https://dkn.gs/sports/images/cfb/teams/50/8274.png,NDSU @ AF,Night,CFB,9/12,Standard,CFB $20K Hook and Ladder [$5K to 1st] (Late Night);CFB $35K Late Night Snack [$10K to 1st] (Late Night);CFB $4K First Down (Late Night);CFB $3K Coffin Corner [Single Entry] (Late Night);CFB $2.4K Big House [Single Entry] (Late Night);CFB $2K Tailgate [3 Entry Max] (Late Night);CFB $50K Pocket Cup Qualifier #34 (Late Night);CFB $50K Pocket Cup Qualifier #35 (Late Night);CFB $1.8K Kick Return [Single Entry] (Late Night);CFB $1.5K Fourth Down Conversion (Late Night),195377008;195377010;195377006;195377018;195377004;195377009;195470707;195470708;195377016;195377011;195386816;195386815;195377007;195377014;195377005;195377012;195386812;195386809;195386808;195386810,"9/12 10:00PM, 4 Games"
Hazyn Botelho - Night,195377008;195377010;195377006;195377018;195377004;195377009;195470707;195470708;195377016;195377011;195386816;195386815;195377007;195377014;195377005;195377012;195386812;195386809;195386808;195386810,1663673,44082733,Hazyn Botelho,Hazyn,Botelho,4500,QB,HAW,NMST @ HAW,09/13/2026 12:00 AM,https://dkn.gs/sports/images/cfb/teams/50/8316.png,NMST @ HAW,Night,CFB,9/13,Standard,CFB $20K Hook and Ladder [$5K to 1st] (Late Night);CFB $35K Late Night Snack [$10K to 1st] (Late Night);CFB $4K First Down (Late Night);CFB $3K Coffin Corner [Single Entry] (Late Night);CFB $2.4K Big House [Single Entry] (Late Night);CFB $2K Tailgate [3 Entry Max] (Late Night);CFB $50K Pocket Cup Qualifier #34 (Late Night);CFB $50K Pocket Cup Qualifier #35 (Late Night);CFB $1.8K Kick Return [Single Entry] (Late Night);CFB $1.5K Fourth Down Conversion (Late Night),195377008;195377010;195377006;195377018;195377004;195377009;195470707;195470708;195377016;195377011;195386816;195386815;195377007;195377014;195377005;195377012;195386812;195386809;195386808;195386810,"9/12 10:00PM, 4 Games"
Isaac Jaramilla-Phe - Night,195377008;195377010;195377006;195377018;195377004;195377009;195470707;195470708;195377016;195377011;195386816;195386815;195377007;195377014;195377005;195377012;195386812;195386809;195386808;195386810,1663652,44082735,Isaac Jaramilla-Phe,Isaac,Jaramilla-Phe,4500,QB,HAW,NMST @ HAW,09/13/2026 12:00 AM,https://dkn.gs/sports/images/cfb/teams/50/8316.png,NMST @ HAW,Night,CFB,9/13,Standard,CFB $20K Hook and Ladder [$5K to 1st] (Late Night);CFB $35K Late Night Snack [$10K to 1st] (Late Night);CFB $4K First Down (Late Night);CFB $3K Coffin Corner [Single Entry] (Late Night);CFB $2.4K Big House [Single Entry] (Late Night);CFB $2K Tailgate [3 Entry Max] (Late Night);CFB $50K Pocket Cup Qualifier #34 (Late Night);CFB $50K Pocket Cup Qualifier #35 (Late Night);CFB $1.8K Kick Return [Single Entry] (Late Night);CFB $1.5K Fourth Down Conversion (Late Night),195377008;195377010;195377006;195377018;195377004;195377009;195470707;195470708;195377016;195377011;195386816;195386815;195377007;195377014;195377005;195377012;195386812;195386809;195386808;195386810,"9/12 10:00PM, 4 Games"
Brandon Rose - Night,195377008;195377010;195377006;195377018;195377004;195377009;195470707;195470708;195377016;195377011;195386816;195386815;195377007;195377014;195377005;195377012;195386812;195386809;195386808;195386810,1381155,44082737,Brandon Rose,Brandon,Rose,4500,QB,UTAH,ARK @ UTAH,09/12/2026 10:15 PM,https://dkn.gs/sports/images/cfb/teams/50/8341.png,ARK @ UTAH,Night,CFB,9/12,Standard,CFB $20K Hook and Ladder [$5K to 1st] (Late Night);CFB $35K Late Night Snack [$10K to 1st] (Late Night);CFB $4K First Down (Late Night);CFB $3K Coffin Corner [Single Entry] (Late Night);CFB $2.4K Big House [Single Entry] (Late Night);CFB $2K Tailgate [3 Entry Max] (Late Night);CFB $50K Pocket Cup Qualifier #34 (Late Night);CFB $50K Pocket Cup Qualifier #35 (Late Night);CFB $1.8K Kick Return [Single Entry] (Late Night);CFB $1.5K Fourth Down Conversion (Late Night),195377008;195377010;195377006;195377018;195377004;195377009;195470707;195470708;195377016;195377011;195386816;195386815;195377007;195377014;195377005;195377012;195386812;195386809;195386808;195386810,"9/12 10:00PM, 4 Games"
Nate Johnson - Night,195377008;195377010;195377006;195377018;195377004;195377009;195470707;195470708;195377016;195377011;195386816;195386815;195377007;195377014;195377005;195377012;195386812;195386809;195386808;195386810,1400818,44082739,Nate Johnson,Nate,Johnson,4500,QB,UTAH,ARK @ UTAH,09/12/2026 10:15 PM,https://dkn.gs/sports/images/cfb/teams/50/8341.png,ARK @ UTAH,Night,CFB,9/12,Standard,CFB $20K Hook and Ladder [$5K to 1st] (Late Night);CFB $35K Late Night Snack [$10K to 1st] (Late Night);CFB $4K First Down (Late Night);CFB $3K Coffin Corner [Single Entry] (Late Night);CFB $2.4K Big House [Single Entry] (Late Night);CFB $2K Tailgate [3 Entry Max] (Late Night);CFB $50K Pocket Cup Qualifier #34 (Late Night);CFB $50K Pocket Cup Qualifier #35 (Late Night);CFB $1.8K Kick Return [Single Entry] (Late Night);CFB $1.5K Fourth Down Conversion (Late Night),195377008;195377010;195377006;195377018;195377004;195377009;195470707;195470708;195377016;195377011;195386816;195386815;195377007;195377014;195377005;195377012;195386812;195386809;195386808;195386810,"9/12 10:00PM, 4 Games"
Michael Johnson - Night,195377008;195377010;195377006;195377018;195377004;195377009;195470707;195470708;195377016;195377011;195386816;195386815;195377007;195377014;195377005;195377012;195386812;195386809;195386808;195386810,1647844,44082741,Michael Johnson,Michael,Johnson,4500,QB,UTAH,ARK @ UTAH,09/12/2026 10:15 PM,https://dkn.gs/sports/images/cfb/teams/50/8341.png,ARK @ UTAH,Night,CFB,9/12,Standard,CFB $20K Hook and Ladder [$5K to 1st] (Late Night);CFB $35K Late Night Snack [$10K to 1st] (Late Night);CFB $4K First Down (Late Night);CFB $3K Coffin Corner [Single Entry] (Late Night);CFB $2.4K Big House [Single Entry] (Late Night);CFB $2K Tailgate [3 Entry Max] (Late Night);CFB $50K Pocket Cup Qualifier #34 (Late Night);CFB $50K Pocket Cup Qualifier #35 (Late Night);CFB $1.8K Kick Return [Single Entry] (Late Night);CFB $1.5K Fourth Down Conversion (Late Night),195377008;195377010;195377006;195377018;195377004;195377009;195470707;195470708;195377016;195377011;195386816;195386815;195377007;195377014;195377005;195377012;195386812;195386809;195386808;195386810,"9/12 10:00PM, 4 Games"
Kane Archer - Night,195377008;195377010;195377006;195377018;195377004;195377009;195470707;195470708;195377016;195377011;195386816;195386815;195377007;195377014;195377005;195377012;195386812;195386809;195386808;195386810,1647842,44082743,Kane Archer,Kane,Archer,4500,QB,UTAH,ARK @ UTAH,09/12/2026 10:15 PM,https://dkn.gs/sports/images/cfb/teams/50/8341.png,ARK @ UTAH,Night,CFB,9/12,Standard,CFB $20K Hook and Ladder [$5K to 1st] (Late Night);CFB $35K Late Night Snack [$10K to 1st] (Late Night);CFB $4K First Down (Late Night);CFB $3K Coffin Corner [Single Entry] (Late Night);CFB $2.4K Big House [Single Entry] (Late Night);CFB $2K Tailgate [3 Entry Max] (Late Night);CFB $50K Pocket Cup Qualifier #34 (Late Night);CFB $50K Pocket Cup Qualifier #35 (Late Night);CFB $1.8K Kick Return [Single Entry] (Late Night);CFB $1.5K Fourth Down Conversion (Late Night),195377008;195377010;195377006;195377018;195377004;195377009;195470707;195470708;195377016;195377011;195386816;195386815;195377007;195377014;195377005;195377012;195386812;195386809;195386808;195386810,"9/12 10:00PM, 4 Games"
Trey Drake - Night,195377008;195377010;195377006;195377018;195377004;195377009;195470707;195470708;195377016;195377011;195386816;195386815;195377007;195377014;195377005;195377012;195386812;195386809;195386808;195386810,1454354,44082745,Trey Drake,Trey,Drake,4500,QB,NDSU,NDSU @ AF,09/12/2026 10:00 PM,,NDSU @ AF,Night,CFB,9/12,Standard,CFB $20K Hook and Ladder [$5K to 1st] (Late Night);CFB $35K Late Night Snack [$10K to 1st] (Late Night);CFB $4K First Down (Late Night);CFB $3K Coffin Corner [Single Entry] (Late Night);CFB $2.4K Big House [Single Entry] (Late Night);CFB $2K Tailgate [3 Entry Max] (Late Night);CFB $50K Pocket Cup Qualifier #34 (Late Night);CFB $50K Pocket Cup Qualifier #35 (Late Night);CFB $1.8K Kick Return [Single Entry] (Late Night);CFB $1.5K Fourth Down Conversion (Late Night),195377008;195377010;195377006;195377018;195377004;195377009;195470707;195470708;195377016;195377011;195386816;195386815;195377007;195377014;195377005;195377012;195386812;195386809;195386808;195386810,"9/12 10:00PM, 4 Games"
Henry Nelson - Night,195377008;195377010;195377006;195377018;195377004;195377009;195470707;195470708;195377016;195377011;195386816;195386815;195377007;195377014;195377005;195377012;195386812;195386809;195386808;195386810,1661180,44082747,Henry Nelson,Henry,Nelson,4500,QB,NDSU,NDSU @ AF,09/12/2026 10:00 PM,,NDSU @ AF,Night,CFB,9/12,Standard,CFB $20K Hook and Ladder [$5K to 1st] (Late Night);CFB $35K Late Night Snack [$10K to 1st] (Late Night);CFB $4K First Down (Late Night);CFB $3K Coffin Corner [Single Entry] (Late Night);CFB $2.4K Big House [Single Entry] (Late Night);CFB $2K Tailgate [3 Entry Max] (Late Night);CFB $50K Pocket Cup Qualifier #34 (Late Night);CFB $50K Pocket Cup Qualifier #35 (Late Night);CFB $1.8K Kick Return [Single Entry] (Late Night);CFB $1.5K Fourth Down Conversion (Late Night),195377008;195377010;195377006;195377018;195377004;195377009;195470707;195470708;195377016;195377011;195386816;195386815;195377007;195377014;195377005;195377012;195386812;195386809;195386808;195386810,"9/12 10:00PM, 4 Games"
Zander Smith - Night,195377008;195377010;195377006;195377018;195377004;195377009;195470707;195470708;195377016;195377011;195386816;195386815;195377007;195377014;195377005;195377012;195386812;195386809;195386808;195386810,1600378,44082749,Zander Smith,Zander,Smith,4500,QB,NDSU,NDSU @ AF,09/12/2026 10:00 PM,,NDSU @ AF,Night,CFB,9/12,Standard,CFB $20K Hook and Ladder [$5K to 1st] (Late Night);CFB $35K Late Night Snack [$10K to 1st] (Late Night);CFB $4K First Down (Late Night);CFB $3K Coffin Corner [Single Entry] (Late Night);CFB $2.4K Big House [Single Entry] (Late Night);CFB $2K Tailgate [3 Entry Max] (Late Night);CFB $50K Pocket Cup Qualifier #34 (Late Night);CFB $50K Pocket Cup Qualifier #35 (Late Night);CFB $1.8K Kick Return [Single Entry] (Late Night);CFB $1.5K Fourth Down Conversion (Late Night),195377008;195377010;195377006;195377018;195377004;195377009;195470707;195470708;195377016;195377011;195386816;195386815;195377007;195377014;195377005;195377012;195386812;195386809;195386808;195386810,"9/12 10:00PM, 4 Games"
Daniel Bray - Night,195377008;195377010;195377006;195377018;195377004;195377009;195470707;195470708;195377016;195377011;195386816;195386815;195377007;195377014;195377005;195377012;195386812;195386809;195386808;195386810,1582980,44082805,Daniel Bray,Daniel,Bray,4500,RB,UTAH,ARK @ UTAH,09/12/2026 10:15 PM,https://dkn.gs/sports/images/cfb/teams/50/8341.png,ARK @ UTAH,Night,CFB,9/12,Standard,CFB $20K Hook and Ladder [$5K to 1st] (Late Night);CFB $35K Late Night Snack [$10K to 1st] (Late Night);CFB $4K First Down (Late Night);CFB $3K Coffin Corner [Single Entry] (Late Night);CFB $2.4K Big House [Single Entry] (Late Night);CFB $2K Tailgate [3 Entry Max] (Late Night);CFB $50K Pocket Cup Qualifier #34 (Late Night);CFB $50K Pocket Cup Qualifier #35 (Late Night);CFB $1.8K Kick Return [Single Entry] (Late Night);CFB $1.5K Fourth Down Conversion (Late Night),195377008;195377010;195377006;195377018;195377004;195377009;195470707;195470708;195377016;195377011;195386816;195386815;195377007;195377014;195377005;195377012;195386812;195386809;195386808;195386810,"9/12 10:00PM, 4 Games"
Jackson Williams - Night,195377008;195377010;195377006;195377018;195377004;195377009;195470707;195470708;195377016;195377011;195386816;195386815;195377007;195377014;195377005;195377012;195386812;195386809;195386808;195386810,1528215,44082973,Jackson Williams,Jackson,Williams,4500,WR,NDSU,NDSU @ AF,09/12/2026 10:00 PM,,NDSU @ AF,Night,CFB,9/12,Standard,CFB $20K Hook and Ladder [$5K to 1st] (Late Night);CFB $35K Late Night Snack [$10K to 1st] (Late Night);CFB $4K First Down (Late Night);CFB $3K Coffin Corner [Single Entry] (Late Night);CFB $2.4K Big House [Single Entry] (Late Night);CFB $2K Tailgate [3 Entry Max] (Late Night);CFB $50K Pocket Cup Qualifier #34 (Late Night);CFB $50K Pocket Cup Qualifier #35 (Late Night);CFB $1.8K Kick Return [Single Entry] (Late Night);CFB $1.5K Fourth Down Conversion (Late Night),195377008;195377010;195377006;195377018;195377004;195377009;195470707;195470708;195377016;195377011;195386816;195386815;195377007;195377014;195377005;195377012;195386812;195386809;195386808;195386810,"9/12 10:00PM, 4 Games"
CJ Brown - Showdown Captain Mode (Captain),195476951;195476948;195476952;195477720;195477723;195476956;195477719;195477727;195477721;195476955;195477726;195476949;195476950;195476953;195476954;195567364;195477928;195477927;195477926;195477925,1506084,44095527,CJ Brown,CJ,Brown,4500,CPT,ARK,ARK @ UTAH,09/12/2026 10:15 PM,https://dkn.gs/sports/images/cfb/teams/50/8175.png,ARK @ UTAH,Showdown Captain Mode,CFB,9/12,Captain,"CFB Showdown $6K Air Raid [$2K to 1st] (ARK @ UTAH);CFB Showdown $720 Kick Return [Single Entry, Top 2 Win] (ARK @ UTAH);CFB Showdown $750 First Down (ARK @ UTAH);CFB Showdown $530 Winner Take All [Must Fill] (ARK @ UTAH);CFB Showdown $408 Winner Take All [$1.5K to 1st, Must Fill] (ARK @ UTAH);CFB Showdown $400 Coffin Corner [Single Entry] (ARK @ UTAH);CFB Showdown $267 Winner Take All [Must Fill] (ARK @ UTAH);CFB Showdown Satellite to NHL 11-3 $555 Barn Burner [Must Fill] (ARK @ UTAH);CFB Showdown $100 Winner Take All [$460 to 1st] (Must Fill) (ARK @ UTAH);CFB Showdown $155 White-Out [Single Entry] (ARK @ UTAH)",195476951;195476948;195476952;195477720;195477723;195476956;195477719;195477727;195477721;195476955;195477726;195476949;195476950;195476953;195476954;195567364;195477928;195477927;195477926;195477925,9/12 10:15PM (ARK @ UTAH)
Dijon Stanley - Night,195377008;195377010;195377006;195377018;195377004;195377009;195470707;195470708;195377016;195377011;195386816;195386815;195377007;195377014;195377005;195377012;195386812;195386809;195386808;195386810,1456803,44082808,Dijon Stanley,Dijon,Stanley,4400,RB,NMST,NMST @ HAW,09/13/2026 12:00 AM,https://dkn.gs/sports/images/cfb/teams/50/7946.png,NMST @ HAW,Night,CFB,9/13,Standard,CFB $20K Hook and Ladder [$5K to 1st] (Late Night);CFB $35K Late Night Snack [$10K to 1st] (Late Night);CFB $4K First Down (Late Night);CFB $3K Coffin Corner [Single Entry] (Late Night);CFB $2.4K Big House [Single Entry] (Late Night);CFB $2K Tailgate [3 Entry Max] (Late Night);CFB $50K Pocket Cup Qualifier #34 (Late Night);CFB $50K Pocket Cup Qualifier #35 (Late Night);CFB $1.8K Kick Return [Single Entry] (Late Night);CFB $1.5K Fourth Down Conversion (Late Night),195377008;195377010;195377006;195377018;195377004;195377009;195470707;195470708;195377016;195377011;195386816;195386815;195377007;195377014;195377005;195377012;195386812;195386809;195386808;195386810,"9/12 10:00PM, 4 Games"
Larry Simmons - Night,195377008;195377010;195377006;195377018;195377004;195377009;195470707;195470708;195377016;195377011;195386816;195386815;195377007;195377014;195377005;195377012;195386812;195386809;195386808;195386810,1395989,44082976,Larry Simmons,Larry,Simmons,4400,WR,UTAH,ARK @ UTAH,09/12/2026 10:15 PM,https://dkn.gs/sports/images/cfb/teams/50/8341.png,ARK @ UTAH,Night,CFB,9/12,Standard,CFB $20K Hook and Ladder [$5K to 1st] (Late Night);CFB $35K Late Night Snack [$10K to 1st] (Late Night);CFB $4K First Down (Late Night);CFB $3K Coffin Corner [Single Entry] (Late Night);CFB $2.4K Big House [Single Entry] (Late Night);CFB $2K Tailgate [3 Entry Max] (Late Night);CFB $50K Pocket Cup Qualifier #34 (Late Night);CFB $50K Pocket Cup Qualifier #35 (Late Night);CFB $1.8K Kick Return [Single Entry] (Late Night);CFB $1.5K Fourth Down Conversion (Late Night),195377008;195377010;195377006;195377018;195377004;195377009;195470707;195470708;195377016;195377011;195386816;195386815;195377007;195377014;195377005;195377012;195386812;195386809;195386808;195386810,"9/12 10:00PM, 4 Games"
Emmett Mosley V - Showdown Captain Mode (Flex),195582379;195582460;195580463;195582104;195581991;195582352;195477619;195477613;195581177;195478126;195478125;195478124;195478123;195478122;195478121;195478120;195477985;195477986;195478032;195478034,1508236,44095744,Emmett Mosley V,Emmett,Mosley V,4400,WR,TEX,OSU @ TEX,09/12/2026 07:30 PM,https://dkn.gs/sports/images/cfb/teams/50/8240.png,OSU @ TEX,Showdown Captain Mode,CFB,9/12,Flex,"CFB Showdown $240 Huddle [Single Entry] (OSU @ TEX);CFB Showdown $100 Redshirt [Single Entry] (OSU @ TEX);CFB Showdown $408 Winner Take All [$1.5K to 1st, Must Fill] (OSU @ TEX);CFB Showdown $530 Winner Take All [Must Fill] (OSU @ TEX);CFB Showdown $50 Quarter Jukebox [Just $0.25!] (OSU @ TEX);CFB Showdown $267 Winner Take All [Must Fill] (OSU @ TEX);CFB Showdown Satellite to NHL 11-3 $555 Barn Burner [Must Fill] (OSU @ TEX);CFB Showdown $100 Winner Take All [$460 to 1st] (Must Fill) (OSU @ TEX);CFB Showdown Satellite to NHL 9-29 $15 Opening Night Puck Drop [Must Fill] (OSU @ TEX);CFB Showdown Satellite to CFB $555 Mid-Season Main Event (10-10) (OSU @ TEX)",195582379;195582460;195580463;195582104;195581991;195582352;195477619;195477613;195581177;195478126;195478125;195478124;195478123;195478122;195478121;195478120;195477985;195477986;195478032;195478034,9/12 7:30PM (OSU @ TEX)
Braeden McAlister - Showdown Captain Mode (Flex),195476951;195476948;195476952;195477720;195477723;195476956;195477719;195477727;195477721;195476955;195477726;195476949;195476950;195476953;195476954;195567364;195477928;195477927;195477926;195477925,1397377,44095443,Braeden McAlister,Braeden,McAlister,4400,K,ARK,ARK @ UTAH,09/12/2026 10:15 PM,https://dkn.gs/sports/images/cfb/teams/50/8175.png,ARK @ UTAH,Showdown Captain Mode,CFB,9/12,Flex,"CFB Showdown $6K Air Raid [$2K to 1st] (ARK @ UTAH);CFB Showdown $720 Kick Return [Single Entry, Top 2 Win] (ARK @ UTAH);CFB Showdown $750 First Down (ARK @ UTAH);CFB Showdown $530 Winner Take All [Must Fill] (ARK @ UTAH);CFB Showdown $408 Winner Take All [$1.5K to 1st, Must Fill] (ARK @ UTAH);CFB Showdown $400 Coffin Corner [Single Entry] (ARK @ UTAH);CFB Showdown $267 Winner Take All [Must Fill] (ARK @ UTAH);CFB Showdown Satellite to NHL 11-3 $555 Barn Burner [Must Fill] (ARK @ UTAH);CFB Showdown $100 Winner Take All [$460 to 1st] (Must Fill) (ARK @ UTAH);CFB Showdown $155 White-Out [Single Entry] (ARK @ UTAH)",195476951;195476948;195476952;195477720;195477723;195476956;195477719;195477727;195477721;195476955;195477726;195476949;195476950;195476953;195476954;195567364;195477928;195477927;195477926;195477925,9/12 10:15PM (ARK @ UTAH)
Max Gilbert - Showdown Captain Mode (Flex),195476951;195476948;195476952;195477720;195477723;195476956;195477719;195477727;195477721;195476955;195477726;195476949;195476950;195476953;195476954;195567364;195477928;195477927;195477926;195477925,1443020,44095444,Max Gilbert,Max,Gilbert,4400,K,ARK,ARK @ UTAH,09/12/2026 10:15 PM,https://dkn.gs/sports/images/cfb/teams/50/8175.png,ARK @ UTAH,Showdown Captain Mode,CFB,9/12,Flex,"CFB Showdown $6K Air Raid [$2K to 1st] (ARK @ UTAH);CFB Showdown $720 Kick Return [Single Entry, Top 2 Win] (ARK @ UTAH);CFB Showdown $750 First Down (ARK @ UTAH);CFB Showdown $530 Winner Take All [Must Fill] (ARK @ UTAH);CFB Showdown $408 Winner Take All [$1.5K to 1st, Must Fill] (ARK @ UTAH);CFB Showdown $400 Coffin Corner [Single Entry] (ARK @ UTAH);CFB Showdown $267 Winner Take All [Must Fill] (ARK @ UTAH);CFB Showdown Satellite to NHL 11-3 $555 Barn Burner [Must Fill] (ARK @ UTAH);CFB Showdown $100 Winner Take All [$460 to 1st] (Must Fill) (ARK @ UTAH);CFB Showdown $155 White-Out [Single Entry] (ARK @ UTAH)",195476951;195476948;195476952;195477720;195477723;195476956;195477719;195477727;195477721;195476955;195477726;195476949;195476950;195476953;195476954;195567364;195477928;195477927;195477926;195477925,9/12 10:15PM (ARK @ UTAH)
Charlie Von Der Meden - Showdown Captain Mode (Flex),195476951;195476948;195476952;195477720;195477723;195476956;195477719;195477727;195477721;195476955;195477726;195476949;195476950;195476953;195476954;195567364;195477928;195477927;195477926;195477925,1514444,44095445,Charlie Von Der Meden,Charlie,Von Der Meden,4400,K,ARK,ARK @ UTAH,09/12/2026 10:15 PM,https://dkn.gs/sports/images/cfb/teams/50/8175.png,ARK @ UTAH,Showdown Captain Mode,CFB,9/12,Flex,"CFB Showdown $6K Air Raid [$2K to 1st] (ARK @ UTAH);CFB Showdown $720 Kick Return [Single Entry, Top 2 Win] (ARK @ UTAH);CFB Showdown $750 First Down (ARK @ UTAH);CFB Showdown $530 Winner Take All [Must Fill] (ARK @ UTAH);CFB Showdown $408 Winner Take All [$1.5K to 1st, Must Fill] (ARK @ UTAH);CFB Showdown $400 Coffin Corner [Single Entry] (ARK @ UTAH);CFB Showdown $267 Winner Take All [Must Fill] (ARK @ UTAH);CFB Showdown Satellite to NHL 11-3 $555 Barn Burner [Must Fill] (ARK @ UTAH);CFB Showdown $100 Winner Take All [$460 to 1st] (Must Fill) (ARK @ UTAH);CFB Showdown $155 White-Out [Single Entry] (ARK @ UTAH)",195476951;195476948;195476952;195477720;195477723;195476956;195477719;195477727;195477721;195476955;195477726;195476949;195476950;195476953;195476954;195567364;195477928;195477927;195477926;195477925,9/12 10:15PM (ARK @ UTAH)
Devin Alves - Showdown Captain Mode (Flex),195476961;195476957;195477828;195476965;195477831;195477827;195476958;195477835;195477829;195476959;195477834;195476960;195476962;195476963;195476964;195477944;195477943;195477942;195477941;195477940,1380568,44095596,Devin Alves,Devin,Alves,4400,WR,HAW,NMST @ HAW,09/13/2026 12:00 AM,https://dkn.gs/sports/images/cfb/teams/50/8316.png,NMST @ HAW,Showdown Captain Mode,CFB,9/13,Flex,"CFB Showdown $4K Air Raid [$1K to 1st] (NMST @ HAW);CFB Showdown $720 Kick Return [Single Entry, Top 2 Win] (NMST @ HAW);CFB Showdown $530 Winner Take All [Must Fill] (NMST @ HAW);CFB Showdown $200 Redshirt [Single Entry] (NMST @ HAW);CFB Showdown $408 Winner Take All [$1.5K to 1st, Must Fill] (NMST @ HAW);CFB Showdown $267 Winner Take All [Must Fill] (NMST @ HAW);CFB Showdown $155 White-Out [Single Entry] (NMST @ HAW);CFB Showdown Satellite to NHL 11-3 $555 Barn Burner [Must Fill] (NMST @ HAW);CFB Showdown $100 Winner Take All [$460 to 1st] (Must Fill) (NMST @ HAW);CFB Showdown $310 Blitz [Single Entry] (NMST @ HAW)",195476961;195476957;195477828;195476965;195477831;195477827;195476958;195477835;195477829;195476959;195477834;195476960;195476962;195476963;195476964;195477944;195477943;195477942;195477941;195477940,9/13 12:00AM (NMST @ HAW)
JJ Garner - Night,195377008;195377010;195377006;195377018;195377004;195377009;195470707;195470708;195377016;195377011;195386816;195386815;195377007;195377014;195377005;195377012;195386812;195386809;195386808;195386810,1591804,44082811,JJ Garner,JJ,Garner,4300,RB,ULL,ULL @ USC,09/12/2026 11:00 PM,,ULL @ USC,Night,CFB,9/12,Standard,CFB $20K Hook and Ladder [$5K to 1st] (Late Night);CFB $35K Late Night Snack [$10K to 1st] (Late Night);CFB $4K First Down (Late Night);CFB $3K Coffin Corner [Single Entry] (Late Night);CFB $2.4K Big House [Single Entry] (Late Night);CFB $2K Tailgate [3 Entry Max] (Late Night);CFB $50K Pocket Cup Qualifier #34 (Late Night);CFB $50K Pocket Cup Qualifier #35 (Late Night);CFB $1.8K Kick Return [Single Entry] (Late Night);CFB $1.5K Fourth Down Conversion (Late Night),195377008;195377010;195377006;195377018;195377004;195377009;195470707;195470708;195377016;195377011;195386816;195386815;195377007;195377014;195377005;195377012;195386812;195386809;195386808;195386810,"9/12 10:00PM, 4 Games"
Jasper Parker - Night,195377008;195377010;195377006;195377018;195377004;195377009;195470707;195470708;195377016;195377011;195386816;195386815;195377007;195377014;195377005;195377012;195386812;195386809;195386808;195386810,1599295,44082814,Jasper Parker,Jasper,Parker,4300,RB,ARK,ARK @ UTAH,09/12/2026 10:15 PM,https://dkn.gs/sports/images/cfb/teams/50/8175.png,ARK @ UTAH,Night,CFB,9/12,Standard,CFB $20K Hook and Ladder [$5K to 1st] (Late Night);CFB $35K Late Night Snack [$10K to 1st] (Late Night);CFB $4K First Down (Late Night);CFB $3K Coffin Corner [Single Entry] (Late Night);CFB $2.4K Big House [Single Entry] (Late Night);CFB $2K Tailgate [3 Entry Max] (Late Night);CFB $50K Pocket Cup Qualifier #34 (Late Night);CFB $50K Pocket Cup Qualifier #35 (Late Night);CFB $1.8K Kick Return [Single Entry] (Late Night);CFB $1.5K Fourth Down Conversion (Late Night),195377008;195377010;195377006;195377018;195377004;195377009;195470707;195470708;195377016;195377011;195386816;195386815;195377007;195377014;195377005;195377012;195386812;195386809;195386808;195386810,"9/12 10:00PM, 4 Games"
Mark Bowman - Night,195377008;195377010;195377006;195377018;195377004;195377009;195470707;195470708;195377016;195377011;195386816;195386815;195377007;195377014;195377005;195377012;195386812;195386809;195386808;195386810,1651201,44082979,Mark Bowman,Mark,Bowman,4300,WR,USC,ULL @ USC,09/12/2026 11:00 PM,https://dkn.gs/sports/images/cfb/teams/50/8080.png,ULL @ USC,Night,CFB,9/12,Standard,CFB $20K Hook and Ladder [$5K to 1st] (Late Night);CFB $35K Late Night Snack [$10K to 1st] (Late Night);CFB $4K First Down (Late Night);CFB $3K Coffin Corner [Single Entry] (Late Night);CFB $2.4K Big House [Single Entry] (Late Night);CFB $2K Tailgate [3 Entry Max] (Late Night);CFB $50K Pocket Cup Qualifier #34 (Late Night);CFB $50K Pocket Cup Qualifier #35 (Late Night);CFB $1.8K Kick Return [Single Entry] (Late Night);CFB $1.5K Fourth Down Conversion (Late Night),195377008;195377010;195377006;195377018;195377004;195377009;195470707;195470708;195377016;195377011;195386816;195386815;195377007;195377014;195377005;195377012;195386812;195386809;195386808;195386810,"9/12 10:00PM, 4 Games"
Sitani Mikaele - Night,195377008;195377010;195377006;195377018;195377004;195377009;195470707;195470708;195377016;195377011;195386816;195386815;195377007;195377014;195377005;195377012;195386812;195386809;195386808;195386810,1519580,44082817,Sitani Mikaele,Sitani,Mikaele,4200,RB,HAW,NMST @ HAW,09/13/2026 12:00 AM,https://dkn.gs/sports/images/cfb/teams/50/8316.png,NMST @ HAW,Night,CFB,9/13,Standard,CFB $20K Hook and Ladder [$5K to 1st] (Late Night);CFB $35K Late Night Snack [$10K to 1st] (Late Night);CFB $4K First Down (Late Night);CFB $3K Coffin Corner [Single Entry] (Late Night);CFB $2.4K Big House [Single Entry] (Late Night);CFB $2K Tailgate [3 Entry Max] (Late Night);CFB $50K Pocket Cup Qualifier #34 (Late Night);CFB $50K Pocket Cup Qualifier #35 (Late Night);CFB $1.8K Kick Return [Single Entry] (Late Night);CFB $1.5K Fourth Down Conversion (Late Night),195377008;195377010;195377006;195377018;195377004;195377009;195470707;195470708;195377016;195377011;195386816;195386815;195377007;195377014;195377005;195377012;195386812;195386809;195386808;195386810,"9/12 10:00PM, 4 Games"
Anthony Reagan Jr. - Night,195377008;195377010;195377006;195377018;195377004;195377009;195470707;195470708;195377016;195377011;195386816;195386815;195377007;195377014;195377005;195377012;195386812;195386809;195386808;195386810,1528537,44082820,Anthony Reagan Jr.,Anthony,Reagan Jr.,4200,RB,ULL,ULL @ USC,09/12/2026 11:00 PM,,ULL @ USC,Night,CFB,9/12,Standard,CFB $20K Hook and Ladder [$5K to 1st] (Late Night);CFB $35K Late Night Snack [$10K to 1st] (Late Night);CFB $4K First Down (Late Night);CFB $3K Coffin Corner [Single Entry] (Late Night);CFB $2.4K Big House [Single Entry] (Late Night);CFB $2K Tailgate [3 Entry Max] (Late Night);CFB $50K Pocket Cup Qualifier #34 (Late Night);CFB $50K Pocket Cup Qualifier #35 (Late Night);CFB $1.8K Kick Return [Single Entry] (Late Night);CFB $1.5K Fourth Down Conversion (Late Night),195377008;195377010;195377006;195377018;195377004;195377009;195470707;195470708;195377016;195377011;195386816;195386815;195377007;195377014;195377005;195377012;195386812;195386809;195386808;195386810,"9/12 10:00PM, 4 Games"
Audric Harris - Night,195377008;195377010;195377006;195377018;195377004;195377009;195470707;195470708;195377016;195377011;195386816;195386815;195377007;195377014;195377005;195377012;195386812;195386809;195386808;195386810,1509121,44082982,Audric Harris,Audric,Harris,4200,WR,HAW,NMST @ HAW,09/13/2026 12:00 AM,https://dkn.gs/sports/images/cfb/teams/50/8316.png,NMST @ HAW,Night,CFB,9/13,Standard,CFB $20K Hook and Ladder [$5K to 1st] (Late Night);CFB $35K Late Night Snack [$10K to 1st] (Late Night);CFB $4K First Down (Late Night);CFB $3K Coffin Corner [Single Entry] (Late Night);CFB $2.4K Big House [Single Entry] (Late Night);CFB $2K Tailgate [3 Entry Max] (Late Night);CFB $50K Pocket Cup Qualifier #34 (Late Night);CFB $50K Pocket Cup Qualifier #35 (Late Night);CFB $1.8K Kick Return [Single Entry] (Late Night);CFB $1.5K Fourth Down Conversion (Late Night),195377008;195377010;195377006;195377018;195377004;195377009;195470707;195470708;195377016;195377011;195386816;195386815;195377007;195377014;195377005;195377012;195386812;195386809;195386808;195386810,"9/12 10:00PM, 4 Games"
Legend Bey - Showdown Captain Mode (Flex),195582379;195582460;195580463;195582104;195581991;195582352;195477619;195477613;195581177;195478126;195478125;195478124;195478123;195478122;195478121;195478120;195477985;195477986;195478032;195478034,1649749,44095745,Legend Bey,Legend,Bey,4200,RB,OSU,OSU @ TEX,09/12/2026 07:30 PM,https://dkn.gs/sports/images/cfb/teams/50/7874.png,OSU @ TEX,Showdown Captain Mode,CFB,9/12,Flex,"CFB Showdown $240 Huddle [Single Entry] (OSU @ TEX);CFB Showdown $100 Redshirt [Single Entry] (OSU @ TEX);CFB Showdown $408 Winner Take All [$1.5K to 1st, Must Fill] (OSU @ TEX);CFB Showdown $530 Winner Take All [Must Fill] (OSU @ TEX);CFB Showdown $50 Quarter Jukebox [Just $0.25!] (OSU @ TEX);CFB Showdown $267 Winner Take All [Must Fill] (OSU @ TEX);CFB Showdown Satellite to NHL 11-3 $555 Barn Burner [Must Fill] (OSU @ TEX);CFB Showdown $100 Winner Take All [$460 to 1st] (Must Fill) (OSU @ TEX);CFB Showdown Satellite to NHL 9-29 $15 Opening Night Puck Drop [Must Fill] (OSU @ TEX);CFB Showdown Satellite to CFB $555 Mid-Season Main Event (10-10) (OSU @ TEX)",195582379;195582460;195580463;195582104;195581991;195582352;195477619;195477613;195581177;195478126;195478125;195478124;195478123;195478122;195478121;195478120;195477985;195477986;195478032;195478034,9/12 7:30PM (OSU @ TEX)
Sterling Berkhalter - Showdown Captain Mode (Captain),195582379;195582460;195580463;195582104;195581991;195582352;195477619;195477613;195581177;195478126;195478125;195478124;195478123;195478122;195478121;195478120;195477985;195477986;195478032;195478034,1327232,44095824,Sterling Berkhalter,Sterling,Berkhalter,4200,CPT,TEX,OSU @ TEX,09/12/2026 07:30 PM,https://dkn.gs/sports/images/cfb/teams/50/8240.png,OSU @ TEX,Showdown Captain Mode,CFB,9/12,Captain,"CFB Showdown $240 Huddle [Single Entry] (OSU @ TEX);CFB Showdown $100 Redshirt [Single Entry] (OSU @ TEX);CFB Showdown $408 Winner Take All [$1.5K to 1st, Must Fill] (OSU @ TEX);CFB Showdown $530 Winner Take All [Must Fill] (OSU @ TEX);CFB Showdown $50 Quarter Jukebox [Just $0.25!] (OSU @ TEX);CFB Showdown $267 Winner Take All [Must Fill] (OSU @ TEX);CFB Showdown Satellite to NHL 11-3 $555 Barn Burner [Must Fill] (OSU @ TEX);CFB Showdown $100 Winner Take All [$460 to 1st] (Must Fill) (OSU @ TEX);CFB Showdown Satellite to NHL 9-29 $15 Opening Night Puck Drop [Must Fill] (OSU @ TEX);CFB Showdown Satellite to CFB $555 Mid-Season Main Event (10-10) (OSU @ TEX)",195582379;195582460;195580463;195582104;195581991;195582352;195477619;195477613;195581177;195478126;195478125;195478124;195478123;195478122;195478121;195478120;195477985;195477986;195478032;195478034,9/12 7:30PM (OSU @ TEX)
Hunter Andrews - Showdown Captain Mode (Flex),195476951;195476948;195476952;195477720;195477723;195476956;195477719;195477727;195477721;195476955;195477726;195476949;195476950;195476953;195476954;195567364;195477928;195477927;195477926;195477925,1507257,44095446,Hunter Andrews,Hunter,Andrews,4200,WR,UTAH,ARK @ UTAH,09/12/2026 10:15 PM,https://dkn.gs/sports/images/cfb/teams/50/8341.png,ARK @ UTAH,Showdown Captain Mode,CFB,9/12,Flex,"CFB Showdown $6K Air Raid [$2K to 1st] (ARK @ UTAH);CFB Showdown $720 Kick Return [Single Entry, Top 2 Win] (ARK @ UTAH);CFB Showdown $750 First Down (ARK @ UTAH);CFB Showdown $530 Winner Take All [Must Fill] (ARK @ UTAH);CFB Showdown $408 Winner Take All [$1.5K to 1st, Must Fill] (ARK @ UTAH);CFB Showdown $400 Coffin Corner [Single Entry] (ARK @ UTAH);CFB Showdown $267 Winner Take All [Must Fill] (ARK @ UTAH);CFB Showdown Satellite to NHL 11-3 $555 Barn Burner [Must Fill] (ARK @ UTAH);CFB Showdown $100 Winner Take All [$460 to 1st] (Must Fill) (ARK @ UTAH);CFB Showdown $155 White-Out [Single Entry] (ARK @ UTAH)",195476951;195476948;195476952;195477720;195477723;195476956;195477719;195477727;195477721;195476955;195477726;195476949;195476950;195476953;195476954;195567364;195477928;195477927;195477926;195477925,9/12 10:15PM (ARK @ UTAH)
Daidren Zipperer - Showdown Captain Mode (Captain),195476951;195476948;195476952;195477720;195477723;195476956;195477719;195477727;195477721;195476955;195477726;195476949;195476950;195476953;195476954;195567364;195477928;195477927;195477926;195477925,1456805,44095528,Daidren Zipperer,Daidren,Zipperer,4200,CPT,UTAH,ARK @ UTAH,09/12/2026 10:15 PM,https://dkn.gs/sports/images/cfb/teams/50/8341.png,ARK @ UTAH,Showdown Captain Mode,CFB,9/12,Captain,"CFB Showdown $6K Air Raid [$2K to 1st] (ARK @ UTAH);CFB Showdown $720 Kick Return [Single Entry, Top 2 Win] (ARK @ UTAH);CFB Showdown $750 First Down (ARK @ UTAH);CFB Showdown $530 Winner Take All [Must Fill] (ARK @ UTAH);CFB Showdown $408 Winner Take All [$1.5K to 1st, Must Fill] (ARK @ UTAH);CFB Showdown $400 Coffin Corner [Single Entry] (ARK @ UTAH);CFB Showdown $267 Winner Take All [Must Fill] (ARK @ UTAH);CFB Showdown Satellite to NHL 11-3 $555 Barn Burner [Must Fill] (ARK @ UTAH);CFB Showdown $100 Winner Take All [$460 to 1st] (Must Fill) (ARK @ UTAH);CFB Showdown $155 White-Out [Single Entry] (ARK @ UTAH)",195476951;195476948;195476952;195477720;195477723;195476956;195477719;195477727;195477721;195476955;195477726;195476949;195476950;195476953;195476954;195567364;195477928;195477927;195477926;195477925,9/12 10:15PM (ARK @ UTAH)
Blaze Kamoku - Showdown Captain Mode (Captain),195476961;195476957;195477828;195476965;195477831;195477827;195476958;195477835;195477829;195476959;195477834;195476960;195476962;195476963;195476964;195477944;195477943;195477942;195477941;195477940,1513093,44095673,Blaze Kamoku,Blaze,Kamoku,4200,CPT,HAW,NMST @ HAW,09/13/2026 12:00 AM,https://dkn.gs/sports/images/cfb/teams/50/8316.png,NMST @ HAW,Showdown Captain Mode,CFB,9/13,Captain,"CFB Showdown $4K Air Raid [$1K to 1st] (NMST @ HAW);CFB Showdown $720 Kick Return [Single Entry, Top 2 Win] (NMST @ HAW);CFB Showdown $530 Winner Take All [Must Fill] (NMST @ HAW);CFB Showdown $200 Redshirt [Single Entry] (NMST @ HAW);CFB Showdown $408 Winner Take All [$1.5K to 1st, Must Fill] (NMST @ HAW);CFB Showdown $267 Winner Take All [Must Fill] (NMST @ HAW);CFB Showdown $155 White-Out [Single Entry] (NMST @ HAW);CFB Showdown Satellite to NHL 11-3 $555 Barn Burner [Must Fill] (NMST @ HAW);CFB Showdown $100 Winner Take All [$460 to 1st] (Must Fill) (NMST @ HAW);CFB Showdown $310 Blitz [Single Entry] (NMST @ HAW)",195476961;195476957;195477828;195476965;195477831;195477827;195476958;195477835;195477829;195476959;195477834;195476960;195476962;195476963;195476964;195477944;195477943;195477942;195477941;195477940,9/13 12:00AM (NMST @ HAW)
Shahn Alston - Night,195377008;195377010;195377006;195377018;195377004;195377009;195470707;195470708;195377016;195377011;195386816;195386815;195377007;195377014;195377005;195377012;195386812;195386809;195386808;195386810,1651288,44082823,Shahn Alston,Shahn,Alston,4100,RB,USC,ULL @ USC,09/12/2026 11:00 PM,https://dkn.gs/sports/images/cfb/teams/50/8080.png,ULL @ USC,Night,CFB,9/12,Standard,CFB $20K Hook and Ladder [$5K to 1st] (Late Night);CFB $35K Late Night Snack [$10K to 1st] (Late Night);CFB $4K First Down (Late Night);CFB $3K Coffin Corner [Single Entry] (Late Night);CFB $2.4K Big House [Single Entry] (Late Night);CFB $2K Tailgate [3 Entry Max] (Late Night);CFB $50K Pocket Cup Qualifier #34 (Late Night);CFB $50K Pocket Cup Qualifier #35 (Late Night);CFB $1.8K Kick Return [Single Entry] (Late Night);CFB $1.5K Fourth Down Conversion (Late Night),195377008;195377010;195377006;195377018;195377004;195377009;195470707;195470708;195377016;195377011;195386816;195386815;195377007;195377014;195377005;195377012;195386812;195386809;195386808;195386810,"9/12 10:00PM, 4 Games"
Cam Settles - Night,195377008;195377010;195377006;195377018;195377004;195377009;195470707;195470708;195377016;195377011;195386816;195386815;195377007;195377014;195377005;195377012;195386812;195386809;195386808;195386810,1582242,44082826,Cam Settles,Cam,Settles,4100,RB,ARK,ARK @ UTAH,09/12/2026 10:15 PM,https://dkn.gs/sports/images/cfb/teams/50/8175.png,ARK @ UTAH,Night,CFB,9/12,Standard,CFB $20K Hook and Ladder [$5K to 1st] (Late Night);CFB $35K Late Night Snack [$10K to 1st] (Late Night);CFB $4K First Down (Late Night);CFB $3K Coffin Corner [Single Entry] (Late Night);CFB $2.4K Big House [Single Entry] (Late Night);CFB $2K Tailgate [3 Entry Max] (Late Night);CFB $50K Pocket Cup Qualifier #34 (Late Night);CFB $50K Pocket Cup Qualifier #35 (Late Night);CFB $1.8K Kick Return [Single Entry] (Late Night);CFB $1.5K Fourth Down Conversion (Late Night),195377008;195377010;195377006;195377018;195377004;195377009;195470707;195470708;195377016;195377011;195386816;195386815;195377007;195377014;195377005;195377012;195386812;195386809;195386808;195386810,"9/12 10:00PM, 4 Games"
Nyeoti Punni - Night,195377008;195377010;195377006;195377018;195377004;195377009;195470707;195470708;195377016;195377011;195386816;195386815;195377007;195377014;195377005;195377012;195386812;195386809;195386808;195386810,1468788,44082829,Nyeoti Punni,Nyeoti,Punni,4100,RB,NDSU,NDSU @ AF,09/12/2026 10:00 PM,,NDSU @ AF,Night,CFB,9/12,Standard,CFB $20K Hook and Ladder [$5K to 1st] (Late Night);CFB $35K Late Night Snack [$10K to 1st] (Late Night);CFB $4K First Down (Late Night);CFB $3K Coffin Corner [Single Entry] (Late Night);CFB $2.4K Big House [Single Entry] (Late Night);CFB $2K Tailgate [3 Entry Max] (Late Night);CFB $50K Pocket Cup Qualifier #34 (Late Night);CFB $50K Pocket Cup Qualifier #35 (Late Night);CFB $1.8K Kick Return [Single Entry] (Late Night);CFB $1.5K Fourth Down Conversion (Late Night),195377008;195377010;195377006;195377018;195377004;195377009;195470707;195470708;195377016;195377011;195386816;195386815;195377007;195377014;195377005;195377012;195386812;195386809;195386808;195386810,"9/12 10:00PM, 4 Games"
Riley Wormley - Night,195377008;195377010;195377006;195377018;195377004;195377009;195470707;195470708;195377016;195377011;195386816;195386815;195377007;195377014;195377005;195377012;195386812;195386809;195386808;195386810,1586383,44082832,Riley Wormley,Riley,Wormley,4100,RB,USC,ULL @ USC,09/12/2026 11:00 PM,https://dkn.gs/sports/images/cfb/teams/50/8080.png,ULL @ USC,Night,CFB,9/12,Standard,CFB $20K Hook and Ladder [$5K to 1st] (Late Night);CFB $35K Late Night Snack [$10K to 1st] (Late Night);CFB $4K First Down (Late Night);CFB $3K Coffin Corner [Single Entry] (Late Night);CFB $2.4K Big House [Single Entry] (Late Night);CFB $2K Tailgate [3 Entry Max] (Late Night);CFB $50K Pocket Cup Qualifier #34 (Late Night);CFB $50K Pocket Cup Qualifier #35 (Late Night);CFB $1.8K Kick Return [Single Entry] (Late Night);CFB $1.5K Fourth Down Conversion (Late Night),195377008;195377010;195377006;195377018;195377004;195377009;195470707;195470708;195377016;195377011;195386816;195386815;195377007;195377014;195377005;195377012;195386812;195386809;195386808;195386810,"9/12 10:00PM, 4 Games"
Trenton Chaney - Night,195377008;195377010;195377006;195377018;195377004;195377009;195470707;195470708;195377016;195377011;195386816;195386815;195377007;195377014;195377005;195377012;195386812;195386809;195386808;195386810,1591798,44082985,Trenton Chaney,Trenton,Chaney,4100,WR,ULL,ULL @ USC,09/12/2026 11:00 PM,,ULL @ USC,Night,CFB,9/12,Standard,CFB $20K Hook and Ladder [$5K to 1st] (Late Night);CFB $35K Late Night Snack [$10K to 1st] (Late Night);CFB $4K First Down (Late Night);CFB $3K Coffin Corner [Single Entry] (Late Night);CFB $2.4K Big House [Single Entry] (Late Night);CFB $2K Tailgate [3 Entry Max] (Late Night);CFB $50K Pocket Cup Qualifier #34 (Late Night);CFB $50K Pocket Cup Qualifier #35 (Late Night);CFB $1.8K Kick Return [Single Entry] (Late Night);CFB $1.5K Fourth Down Conversion (Late Night),195377008;195377010;195377006;195377018;195377004;195377009;195470707;195470708;195377016;195377011;195386816;195386815;195377007;195377014;195377005;195377012;195386812;195386809;195386808;195386810,"9/12 10:00PM, 4 Games"
Matt Long - Night,195377008;195377010;195377006;195377018;195377004;195377009;195470707;195470708;195377016;195377011;195386816;195386815;195377007;195377014;195377005;195377012;195386812;195386809;195386808;195386810,1586533,44082988,Matt Long,Matt,Long,4100,WR,AF,NDSU @ AF,09/12/2026 10:00 PM,https://dkn.gs/sports/images/cfb/teams/50/8274.png,NDSU @ AF,Night,CFB,9/12,Standard,CFB $20K Hook and Ladder [$5K to 1st] (Late Night);CFB $35K Late Night Snack [$10K to 1st] (Late Night);CFB $4K First Down (Late Night);CFB $3K Coffin Corner [Single Entry] (Late Night);CFB $2.4K Big House [Single Entry] (Late Night);CFB $2K Tailgate [3 Entry Max] (Late Night);CFB $50K Pocket Cup Qualifier #34 (Late Night);CFB $50K Pocket Cup Qualifier #35 (Late Night);CFB $1.8K Kick Return [Single Entry] (Late Night);CFB $1.5K Fourth Down Conversion (Late Night),195377008;195377010;195377006;195377018;195377004;195377009;195470707;195470708;195377016;195377011;195386816;195386815;195377007;195377014;195377005;195377012;195386812;195386809;195386808;195386810,"9/12 10:00PM, 4 Games"
Jalen Brown - Night,195377008;195377010;195377006;195377018;195377004;195377009;195470707;195470708;195377016;195377011;195386816;195386815;195377007;195377014;195377005;195377012;195386812;195386809;195386808;195386810,1458941,44082835,Jalen Brown,Jalen,Brown,4000,RB,NMST,NMST @ HAW,09/13/2026 12:00 AM,https://dkn.gs/sports/images/cfb/teams/50/7946.png,NMST @ HAW,Night,CFB,9/13,Standard,CFB $20K Hook and Ladder [$5K to 1st] (Late Night);CFB $35K Late Night Snack [$10K to 1st] (Late Night);CFB $4K First Down (Late Night);CFB $3K Coffin Corner [Single Entry] (Late Night);CFB $2.4K Big House [Single Entry] (Late Night);CFB $2K Tailgate [3 Entry Max] (Late Night);CFB $50K Pocket Cup Qualifier #34 (Late Night);CFB $50K Pocket Cup Qualifier #35 (Late Night);CFB $1.8K Kick Return [Single Entry] (Late Night);CFB $1.5K Fourth Down Conversion (Late Night),195377008;195377010;195377006;195377018;195377004;195377009;195470707;195470708;195377016;195377011;195386816;195386815;195377007;195377014;195377005;195377012;195386812;195386809;195386808;195386810,"9/12 10:00PM, 4 Games"
Isaiah Rudison - Night,195377008;195377010;195377006;195377018;195377004;195377009;195470707;195470708;195377016;195377011;195386816;195386815;195377007;195377014;195377005;195377012;195386812;195386809;195386808;195386810,1458922,44082838,Isaiah Rudison,Isaiah,Rudison,4000,RB,NMST,NMST @ HAW,09/13/2026 12:00 AM,https://dkn.gs/sports/images/cfb/teams/50/7946.png,NMST @ HAW,Night,CFB,9/13,Standard,CFB $20K Hook and Ladder [$5K to 1st] (Late Night);CFB $35K Late Night Snack [$10K to 1st] (Late Night);CFB $4K First Down (Late Night);CFB $3K Coffin Corner [Single Entry] (Late Night);CFB $2.4K Big House [Single Entry] (Late Night);CFB $2K Tailgate [3 Entry Max] (Late Night);CFB $50K Pocket Cup Qualifier #34 (Late Night);CFB $50K Pocket Cup Qualifier #35 (Late Night);CFB $1.8K Kick Return [Single Entry] (Late Night);CFB $1.5K Fourth Down Conversion (Late Night),195377008;195377010;195377006;195377018;195377004;195377009;195470707;195470708;195377016;195377011;195386816;195386815;195377007;195377014;195377005;195377012;195386812;195386809;195386808;195386810,"9/12 10:00PM, 4 Games"
Roscoe Burton - Night,195377008;195377010;195377006;195377018;195377004;195377009;195470707;195470708;195377016;195377011;195386816;195386815;195377007;195377014;195377005;195377012;195386812;195386809;195386808;195386810,1518320,44082841,Roscoe Burton,Roscoe,Burton,4000,RB,NMST,NMST @ HAW,09/13/2026 12:00 AM,https://dkn.gs/sports/images/cfb/teams/50/7946.png,NMST @ HAW,Night,CFB,9/13,Standard,CFB $20K Hook and Ladder [$5K to 1st] (Late Night);CFB $35K Late Night Snack [$10K to 1st] (Late Night);CFB $4K First Down (Late Night);CFB $3K Coffin Corner [Single Entry] (Late Night);CFB $2.4K Big House [Single Entry] (Late Night);CFB $2K Tailgate [3 Entry Max] (Late Night);CFB $50K Pocket Cup Qualifier #34 (Late Night);CFB $50K Pocket Cup Qualifier #35 (Late Night);CFB $1.8K Kick Return [Single Entry] (Late Night);CFB $1.5K Fourth Down Conversion (Late Night),195377008;195377010;195377006;195377018;195377004;195377009;195470707;195470708;195377016;195377011;195386816;195386815;195377007;195377014;195377005;195377012;195386812;195386809;195386808;195386810,"9/12 10:00PM, 4 Games"
David Barela - Night,195377008;195377010;195377006;195377018;195377004;195377009;195470707;195470708;195377016;195377011;195386816;195386815;195377007;195377014;195377005;195377012;195386812;195386809;195386808;195386810,1457692,44082844,David Barela,David,Barela,4000,RB,NMST,NMST @ HAW,09/13/2026 12:00 AM,https://dkn.gs/sports/images/cfb/teams/50/7946.png,NMST @ HAW,Night,CFB,9/13,Standard,CFB $20K Hook and Ladder [$5K to 1st] (Late Night);CFB $35K Late Night Snack [$10K to 1st] (Late Night);CFB $4K First Down (Late Night);CFB $3K Coffin Corner [Single Entry] (Late Night);CFB $2.4K Big House [Single Entry] (Late Night);CFB $2K Tailgate [3 Entry Max] (Late Night);CFB $50K Pocket Cup Qualifier #34 (Late Night);CFB $50K Pocket Cup Qualifier #35 (Late Night);CFB $1.8K Kick Return [Single Entry] (Late Night);CFB $1.5K Fourth Down Conversion (Late Night),195377008;195377010;195377006;195377018;195377004;195377009;195470707;195470708;195377016;195377011;195386816;195386815;195377007;195377014;195377005;195377012;195386812;195386809;195386808;195386810,"9/12 10:00PM, 4 Games"
Xavier Rucker - Night,195377008;195377010;195377006;195377018;195377004;195377009;195470707;195470708;195377016;195377011;195386816;195386815;195377007;195377014;195377005;195377012;195386812;195386809;195386808;195386810,1652655,44082847,Xavier Rucker,Xavier,Rucker,4000,RB,NMST,NMST @ HAW,09/13/2026 12:00 AM,https://dkn.gs/sports/images/cfb/teams/50/7946.png,NMST @ HAW,Night,CFB,9/13,Standard,CFB $20K Hook and Ladder [$5K to 1st] (Late Night);CFB $35K Late Night Snack [$10K to 1st] (Late Night);CFB $4K First Down (Late Night);CFB $3K Coffin Corner [Single Entry] (Late Night);CFB $2.4K Big House [Single Entry] (Late Night);CFB $2K Tailgate [3 Entry Max] (Late Night);CFB $50K Pocket Cup Qualifier #34 (Late Night);CFB $50K Pocket Cup Qualifier #35 (Late Night);CFB $1.8K Kick Return [Single Entry] (Late Night);CFB $1.5K Fourth Down Conversion (Late Night),195377008;195377010;195377006;195377018;195377004;195377009;195470707;195470708;195377016;195377011;195386816;195386815;195377007;195377014;195377005;195377012;195386812;195386809;195386808;195386810,"9/12 10:00PM, 4 Games"
Ke'Rynn Smith - Night,195377008;195377010;195377006;195377018;195377004;195377009;195470707;195470708;195377016;195377011;195386816;195386815;195377007;195377014;195377005;195377012;195386812;195386809;195386808;195386810,1653191,44082850,Ke'Rynn Smith,Ke'Rynn,Smith,4000,RB,ULL,ULL @ USC,09/12/2026 11:00 PM,,ULL @ USC,Night,CFB,9/12,Standard,CFB $20K Hook and Ladder [$5K to 1st] (Late Night);CFB $35K Late Night Snack [$10K to 1st] (Late Night);CFB $4K First Down (Late Night);CFB $3K Coffin Corner [Single Entry] (Late Night);CFB $2.4K Big House [Single Entry] (Late Night);CFB $2K Tailgate [3 Entry Max] (Late Night);CFB $50K Pocket Cup Qualifier #34 (Late Night);CFB $50K Pocket Cup Qualifier #35 (Late Night);CFB $1.8K Kick Return [Single Entry] (Late Night);CFB $1.5K Fourth Down Conversion (Late Night),195377008;195377010;195377006;195377018;195377004;195377009;195470707;195470708;195377016;195377011;195386816;195386815;195377007;195377014;195377005;195377012;195386812;195386809;195386808;195386810,"9/12 10:00PM, 4 Games"
Cian McKelvey - Night,195377008;195377010;195377006;195377018;195377004;195377009;195470707;195470708;195377016;195377011;195386816;195386815;195377007;195377014;195377005;195377012;195386812;195386809;195386808;195386810,1538981,44082853,Cian McKelvey,Cian,McKelvey,4000,RB,USC,ULL @ USC,09/12/2026 11:00 PM,https://dkn.gs/sports/images/cfb/teams/50/8080.png,ULL @ USC,Night,CFB,9/12,Standard,CFB $20K Hook and Ladder [$5K to 1st] (Late Night);CFB $35K Late Night Snack [$10K to 1st] (Late Night);CFB $4K First Down (Late Night);CFB $3K Coffin Corner [Single Entry] (Late Night);CFB $2.4K Big House [Single Entry] (Late Night);CFB $2K Tailgate [3 Entry Max] (Late Night);CFB $50K Pocket Cup Qualifier #34 (Late Night);CFB $50K Pocket Cup Qualifier #35 (Late Night);CFB $1.8K Kick Return [Single Entry] (Late Night);CFB $1.5K Fourth Down Conversion (Late Night),195377008;195377010;195377006;195377018;195377004;195377009;195470707;195470708;195377016;195377011;195386816;195386815;195377007;195377014;195377005;195377012;195386812;195386809;195386808;195386810,"9/12 10:00PM, 4 Games"
Kayne Miller - Night,195377008;195377010;195377006;195377018;195377004;195377009;195470707;195470708;195377016;195377011;195386816;195386815;195377007;195377014;195377005;195377012;195386812;195386809;195386808;195386810,1663653,44082856,Kayne Miller,Kayne,Miller,4000,RB,USC,ULL @ USC,09/12/2026 11:00 PM,https://dkn.gs/sports/images/cfb/teams/50/8080.png,ULL @ USC,Night,CFB,9/12,Standard,CFB $20K Hook and Ladder [$5K to 1st] (Late Night);CFB $35K Late Night Snack [$10K to 1st] (Late Night);CFB $4K First Down (Late Night);CFB $3K Coffin Corner [Single Entry] (Late Night);CFB $2.4K Big House [Single Entry] (Late Night);CFB $2K Tailgate [3 Entry Max] (Late Night);CFB $50K Pocket Cup Qualifier #34 (Late Night);CFB $50K Pocket Cup Qualifier #35 (Late Night);CFB $1.8K Kick Return [Single Entry] (Late Night);CFB $1.5K Fourth Down Conversion (Late Night),195377008;195377010;195377006;195377018;195377004;195377009;195470707;195470708;195377016;195377011;195386816;195386815;195377007;195377014;195377005;195377012;195386812;195386809;195386808;195386810,"9/12 10:00PM, 4 Games"
Tyson Park - Night,195377008;195377010;195377006;195377018;195377004;195377009;195470707;195470708;195377016;195377011;195386816;195386815;195377007;195377014;195377005;195377012;195386812;195386809;195386808;195386810,1663656,44082859,Tyson Park,Tyson,Park,4000,RB,USC,ULL @ USC,09/12/2026 11:00 PM,https://dkn.gs/sports/images/cfb/teams/50/8080.png,ULL @ USC,Night,CFB,9/12,Standard,CFB $20K Hook and Ladder [$5K to 1st] (Late Night);CFB $35K Late Night Snack [$10K to 1st] (Late Night);CFB $4K First Down (Late Night);CFB $3K Coffin Corner [Single Entry] (Late Night);CFB $2.4K Big House [Single Entry] (Late Night);CFB $2K Tailgate [3 Entry Max] (Late Night);CFB $50K Pocket Cup Qualifier #34 (Late Night);CFB $50K Pocket Cup Qualifier #35 (Late Night);CFB $1.8K Kick Return [Single Entry] (Late Night);CFB $1.5K Fourth Down Conversion (Late Night),195377008;195377010;195377006;195377018;195377004;195377009;195470707;195470708;195377016;195377011;195386816;195386815;195377007;195377014;195377005;195377012;195386812;195386809;195386808;195386810,"9/12 10:00PM, 4 Games"
Markeylin Batton - Night,195377008;195377010;195377006;195377018;195377004;195377009;195470707;195470708;195377016;195377011;195386816;195386815;195377007;195377014;195377005;195377012;195386812;195386809;195386808;195386810,1589448,44082862,Markeylin Batton,Markeylin,Batton,4000,RB,ARK,ARK @ UTAH,09/12/2026 10:15 PM,https://dkn.gs/sports/images/cfb/teams/50/8175.png,ARK @ UTAH,Night,CFB,9/12,Standard,CFB $20K Hook and Ladder [$5K to 1st] (Late Night);CFB $35K Late Night Snack [$10K to 1st] (Late Night);CFB $4K First Down (Late Night);CFB $3K Coffin Corner [Single Entry] (Late Night);CFB $2.4K Big House [Single Entry] (Late Night);CFB $2K Tailgate [3 Entry Max] (Late Night);CFB $50K Pocket Cup Qualifier #34 (Late Night);CFB $50K Pocket Cup Qualifier #35 (Late Night);CFB $1.8K Kick Return [Single Entry] (Late Night);CFB $1.5K Fourth Down Conversion (Late Night),195377008;195377010;195377006;195377018;195377004;195377009;195470707;195470708;195377016;195377011;195386816;195386815;195377007;195377014;195377005;195377012;195386812;195386809;195386808;195386810,"9/12 10:00PM, 4 Games"
TJ Hodges - Night,195377008;195377010;195377006;195377018;195377004;195377009;195470707;195470708;195377016;195377011;195386816;195386815;195377007;195377014;195377005;195377012;195386812;195386809;195386808;195386810,1645617,44082865,TJ Hodges,TJ,Hodges,4000,RB,ARK,ARK @ UTAH,09/12/2026 10:15 PM,https://dkn.gs/sports/images/cfb/teams/50/8175.png,ARK @ UTAH,Night,CFB,9/12,Standard,CFB $20K Hook and Ladder [$5K to 1st] (Late Night);CFB $35K Late Night Snack [$10K to 1st] (Late Night);CFB $4K First Down (Late Night);CFB $3K Coffin Corner [Single Entry] (Late Night);CFB $2.4K Big House [Single Entry] (Late Night);CFB $2K Tailgate [3 Entry Max] (Late Night);CFB $50K Pocket Cup Qualifier #34 (Late Night);CFB $50K Pocket Cup Qualifier #35 (Late Night);CFB $1.8K Kick Return [Single Entry] (Late Night);CFB $1.5K Fourth Down Conversion (Late Night),195377008;195377010;195377006;195377018;195377004;195377009;195470707;195470708;195377016;195377011;195386816;195386815;195377007;195377014;195377005;195377012;195386812;195386809;195386808;195386810,"9/12 10:00PM, 4 Games"
Mario Robinson - Night,195377008;195377010;195377006;195377018;195377004;195377009;195470707;195470708;195377016;195377011;195386816;195386815;195377007;195377014;195377005;195377012;195386812;195386809;195386808;195386810,1511165,44082868,Mario Robinson,Mario,Robinson,4000,RB,ARK,ARK @ UTAH,09/12/2026 10:15 PM,https://dkn.gs/sports/images/cfb/teams/50/8175.png,ARK @ UTAH,Night,CFB,9/12,Standard,CFB $20K Hook and Ladder [$5K to 1st] (Late Night);CFB $35K Late Night Snack [$10K to 1st] (Late Night);CFB $4K First Down (Late Night);CFB $3K Coffin Corner [Single Entry] (Late Night);CFB $2.4K Big House [Single Entry] (Late Night);CFB $2K Tailgate [3 Entry Max] (Late Night);CFB $50K Pocket Cup Qualifier #34 (Late Night);CFB $50K Pocket Cup Qualifier #35 (Late Night);CFB $1.8K Kick Return [Single Entry] (Late Night);CFB $1.5K Fourth Down Conversion (Late Night),195377008;195377010;195377006;195377018;195377004;195377009;195470707;195470708;195377016;195377011;195386816;195386815;195377007;195377014;195377005;195377012;195386812;195386809;195386808;195386810,"9/12 10:00PM, 4 Games"
Kevin Young - Night,195377008;195377010;195377006;195377018;195377004;195377009;195470707;195470708;195377016;195377011;195386816;195386815;195377007;195377014;195377005;195377012;195386812;195386809;195386808;195386810,1651909,44082871,Kevin Young,Kevin,Young,4000,RB,ARK,ARK @ UTAH,09/12/2026 10:15 PM,https://dkn.gs/sports/images/cfb/teams/50/8175.png,ARK @ UTAH,Night,CFB,9/12,Standard,CFB $20K Hook and Ladder [$5K to 1st] (Late Night);CFB $35K Late Night Snack [$10K to 1st] (Late Night);CFB $4K First Down (Late Night);CFB $3K Coffin Corner [Single Entry] (Late Night);CFB $2.4K Big House [Single Entry] (Late Night);CFB $2K Tailgate [3 Entry Max] (Late Night);CFB $50K Pocket Cup Qualifier #34 (Late Night);CFB $50K Pocket Cup Qualifier #35 (Late Night);CFB $1.8K Kick Return [Single Entry] (Late Night);CFB $1.5K Fourth Down Conversion (Late Night),195377008;195377010;195377006;195377018;195377004;195377009;195470707;195470708;195377016;195377011;195386816;195386815;195377007;195377014;195377005;195377012;195386812;195386809;195386808;195386810,"9/12 10:00PM, 4 Games"
Jalen Rashad Turner - Night,195377008;195377010;195377006;195377018;195377004;195377009;195470707;195470708;195377016;195377011;195386816;195386815;195377007;195377014;195377005;195377012;195386812;195386809;195386808;195386810,1519731,44082874,Jalen Rashad Turner,Jalen Rashad,Turner,4000,RB,AF,NDSU @ AF,09/12/2026 10:00 PM,https://dkn.gs/sports/images/cfb/teams/50/8274.png,NDSU @ AF,Night,CFB,9/12,Standard,CFB $20K Hook and Ladder [$5K to 1st] (Late Night);CFB $35K Late Night Snack [$10K to 1st] (Late Night);CFB $4K First Down (Late Night);CFB $3K Coffin Corner [Single Entry] (Late Night);CFB $2.4K Big House [Single Entry] (Late Night);CFB $2K Tailgate [3 Entry Max] (Late Night);CFB $50K Pocket Cup Qualifier #34 (Late Night);CFB $50K Pocket Cup Qualifier #35 (Late Night);CFB $1.8K Kick Return [Single Entry] (Late Night);CFB $1.5K Fourth Down Conversion (Late Night),195377008;195377010;195377006;195377018;195377004;195377009;195470707;195470708;195377016;195377011;195386816;195386815;195377007;195377014;195377005;195377012;195386812;195386809;195386808;195386810,"9/12 10:00PM, 4 Games"
Gage LaDue - Night,195377008;195377010;195377006;195377018;195377004;195377009;195470707;195470708;195377016;195377011;195386816;195386815;195377007;195377014;195377005;195377012;195386812;195386809;195386808;195386810,1586540,44082877,Gage LaDue,Gage,LaDue,4000,RB,AF,NDSU @ AF,09/12/2026 10:00 PM,https://dkn.gs/sports/images/cfb/teams/50/8274.png,NDSU @ AF,Night,CFB,9/12,Standard,CFB $20K Hook and Ladder [$5K to 1st] (Late Night);CFB $35K Late Night Snack [$10K to 1st] (Late Night);CFB $4K First Down (Late Night);CFB $3K Coffin Corner [Single Entry] (Late Night);CFB $2.4K Big House [Single Entry] (Late Night);CFB $2K Tailgate [3 Entry Max] (Late Night);CFB $50K Pocket Cup Qualifier #34 (Late Night);CFB $50K Pocket Cup Qualifier #35 (Late Night);CFB $1.8K Kick Return [Single Entry] (Late Night);CFB $1.5K Fourth Down Conversion (Late Night),195377008;195377010;195377006;195377018;195377004;195377009;195470707;195470708;195377016;195377011;195386816;195386815;195377007;195377014;195377005;195377012;195386812;195386809;195386808;195386810,"9/12 10:00PM, 4 Games"
Travis Wood - Night,195377008;195377010;195377006;195377018;195377004;195377009;195470707;195470708;195377016;195377011;195386816;195386815;195377007;195377014;195377005;195377012;195386812;195386809;195386808;195386810,1586536,44082880,Travis Wood,Travis,Wood,4000,RB,AF,NDSU @ AF,09/12/2026 10:00 PM,https://dkn.gs/sports/images/cfb/teams/50/8274.png,NDSU @ AF,Night,CFB,9/12,Standard,CFB $20K Hook and Ladder [$5K to 1st] (Late Night);CFB $35K Late Night Snack [$10K to 1st] (Late Night);CFB $4K First Down (Late Night);CFB $3K Coffin Corner [Single Entry] (Late Night);CFB $2.4K Big House [Single Entry] (Late Night);CFB $2K Tailgate [3 Entry Max] (Late Night);CFB $50K Pocket Cup Qualifier #34 (Late Night);CFB $50K Pocket Cup Qualifier #35 (Late Night);CFB $1.8K Kick Return [Single Entry] (Late Night);CFB $1.5K Fourth Down Conversion (Late Night),195377008;195377010;195377006;195377018;195377004;195377009;195470707;195470708;195377016;195377011;195386816;195386815;195377007;195377014;195377005;195377012;195386812;195386809;195386808;195386810,"9/12 10:00PM, 4 Games"
Omari Elias - Night,195377008;195377010;195377006;195377018;195377004;195377009;195470707;195470708;195377016;195377011;195386816;195386815;195377007;195377014;195377005;195377012;195386812;195386809;195386808;195386810,1586547,44082883,Omari Elias,Omari,Elias,4000,RB,AF,NDSU @ AF,09/12/2026 10:00 PM,https://dkn.gs/sports/images/cfb/teams/50/8274.png,NDSU @ AF,Night,CFB,9/12,Standard,CFB $20K Hook and Ladder [$5K to 1st] (Late Night);CFB $35K Late Night Snack [$10K to 1st] (Late Night);CFB $4K First Down (Late Night);CFB $3K Coffin Corner [Single Entry] (Late Night);CFB $2.4K Big House [Single Entry] (Late Night);CFB $2K Tailgate [3 Entry Max] (Late Night);CFB $50K Pocket Cup Qualifier #34 (Late Night);CFB $50K Pocket Cup Qualifier #35 (Late Night);CFB $1.8K Kick Return [Single Entry] (Late Night);CFB $1.5K Fourth Down Conversion (Late Night),195377008;195377010;195377006;195377018;195377004;195377009;195470707;195470708;195377016;195377011;195386816;195386815;195377007;195377014;195377005;195377012;195386812;195386809;195386808;195386810,"9/12 10:00PM, 4 Games"
Chase Ferrell - Night,195377008;195377010;195377006;195377018;195377004;195377009;195470707;195470708;195377016;195377011;195386816;195386815;195377007;195377014;195377005;195377012;195386812;195386809;195386808;195386810,1652305,44082886,Chase Ferrell,Chase,Ferrell,4000,RB,AF,NDSU @ AF,09/12/2026 10:00 PM,https://dkn.gs/sports/images/cfb/teams/50/8274.png,NDSU @ AF,Night,CFB,9/12,Standard,CFB $20K Hook and Ladder [$5K to 1st] (Late Night);CFB $35K Late Night Snack [$10K to 1st] (Late Night);CFB $4K First Down (Late Night);CFB $3K Coffin Corner [Single Entry] (Late Night);CFB $2.4K Big House [Single Entry] (Late Night);CFB $2K Tailgate [3 Entry Max] (Late Night);CFB $50K Pocket Cup Qualifier #34 (Late Night);CFB $50K Pocket Cup Qualifier #35 (Late Night);CFB $1.8K Kick Return [Single Entry] (Late Night);CFB $1.5K Fourth Down Conversion (Late Night),195377008;195377010;195377006;195377018;195377004;195377009;195470707;195470708;195377016;195377011;195386816;195386815;195377007;195377014;195377005;195377012;195386812;195386809;195386808;195386810,"9/12 10:00PM, 4 Games"
Oswaldo Morales - Night,195377008;195377010;195377006;195377018;195377004;195377009;195470707;195470708;195377016;195377011;195386816;195386815;195377007;195377014;195377005;195377012;195386812;195386809;195386808;195386810,1652495,44082889,Oswaldo Morales,Oswaldo,Morales,4000,RB,AF,NDSU @ AF,09/12/2026 10:00 PM,https://dkn.gs/sports/images/cfb/teams/50/8274.png,NDSU @ AF,Night,CFB,9/12,Standard,CFB $20K Hook and Ladder [$5K to 1st] (Late Night);CFB $35K Late Night Snack [$10K to 1st] (Late Night);CFB $4K First Down (Late Night);CFB $3K Coffin Corner [Single Entry] (Late Night);CFB $2.4K Big House [Single Entry] (Late Night);CFB $2K Tailgate [3 Entry Max] (Late Night);CFB $50K Pocket Cup Qualifier #34 (Late Night);CFB $50K Pocket Cup Qualifier #35 (Late Night);CFB $1.8K Kick Return [Single Entry] (Late Night);CFB $1.5K Fourth Down Conversion (Late Night),195377008;195377010;195377006;195377018;195377004;195377009;195470707;195470708;195377016;195377011;195386816;195386815;195377007;195377014;195377005;195377012;195386812;195386809;195386808;195386810,"9/12 10:00PM, 4 Games"
Luke Rauh - Night,195377008;195377010;195377006;195377018;195377004;195377009;195470707;195470708;195377016;195377011;195386816;195386815;195377007;195377014;195377005;195377012;195386812;195386809;195386808;195386810,1586539,44082892,Luke Rauh,Luke,Rauh,4000,RB,AF,NDSU @ AF,09/12/2026 10:00 PM,https://dkn.gs/sports/images/cfb/teams/50/8274.png,NDSU @ AF,Night,CFB,9/12,Standard,CFB $20K Hook and Ladder [$5K to 1st] (Late Night);CFB $35K Late Night Snack [$10K to 1st] (Late Night);CFB $4K First Down (Late Night);CFB $3K Coffin Corner [Single Entry] (Late Night);CFB $2.4K Big House [Single Entry] (Late Night);CFB $2K Tailgate [3 Entry Max] (Late Night);CFB $50K Pocket Cup Qualifier #34 (Late Night);CFB $50K Pocket Cup Qualifier #35 (Late Night);CFB $1.8K Kick Return [Single Entry] (Late Night);CFB $1.5K Fourth Down Conversion (Late Night),195377008;195377010;195377006;195377018;195377004;195377009;195470707;195470708;195377016;195377011;195386816;195386815;195377007;195377014;195377005;195377012;195386812;195386809;195386808;195386810,"9/12 10:00PM, 4 Games"
Price Davis - Night,195377008;195377010;195377006;195377018;195377004;195377009;195470707;195470708;195377016;195377011;195386816;195386815;195377007;195377014;195377005;195377012;195386812;195386809;195386808;195386810,1652489,44082895,Price Davis,Price,Davis,4000,RB,AF,NDSU @ AF,09/12/2026 10:00 PM,https://dkn.gs/sports/images/cfb/teams/50/8274.png,NDSU @ AF,Night,CFB,9/12,Standard,CFB $20K Hook and Ladder [$5K to 1st] (Late Night);CFB $35K Late Night Snack [$10K to 1st] (Late Night);CFB $4K First Down (Late Night);CFB $3K Coffin Corner [Single Entry] (Late Night);CFB $2.4K Big House [Single Entry] (Late Night);CFB $2K Tailgate [3 Entry Max] (Late Night);CFB $50K Pocket Cup Qualifier #34 (Late Night);CFB $50K Pocket Cup Qualifier #35 (Late Night);CFB $1.8K Kick Return [Single Entry] (Late Night);CFB $1.5K Fourth Down Conversion (Late Night),195377008;195377010;195377006;195377018;195377004;195377009;195470707;195470708;195377016;195377011;195386816;195386815;195377007;195377014;195377005;195377012;195386812;195386809;195386808;195386810,"9/12 10:00PM, 4 Games"
James Steffany-Fiame - Night,195377008;195377010;195377006;195377018;195377004;195377009;195470707;195470708;195377016;195377011;195386816;195386815;195377007;195377014;195377005;195377012;195386812;195386809;195386808;195386810,1663655,44082898,James Steffany-Fiame,James,Steffany-Fiame,4000,RB,HAW,NMST @ HAW,09/13/2026 12:00 AM,https://dkn.gs/sports/images/cfb/teams/50/8316.png,NMST @ HAW,Night,CFB,9/13,Standard,CFB $20K Hook and Ladder [$5K to 1st] (Late Night);CFB $35K Late Night Snack [$10K to 1st] (Late Night);CFB $4K First Down (Late Night);CFB $3K Coffin Corner [Single Entry] (Late Night);CFB $2.4K Big House [Single Entry] (Late Night);CFB $2K Tailgate [3 Entry Max] (Late Night);CFB $50K Pocket Cup Qualifier #34 (Late Night);CFB $50K Pocket Cup Qualifier #35 (Late Night);CFB $1.8K Kick Return [Single Entry] (Late Night);CFB $1.5K Fourth Down Conversion (Late Night),195377008;195377010;195377006;195377018;195377004;195377009;195470707;195470708;195377016;195377011;195386816;195386815;195377007;195377014;195377005;195377012;195386812;195386809;195386808;195386810,"9/12 10:00PM, 4 Games"
Noah Bartley - Night,195377008;195377010;195377006;195377018;195377004;195377009;195470707;195470708;195377016;195377011;195386816;195386815;195377007;195377014;195377005;195377012;195386812;195386809;195386808;195386810,1663659,44082901,Noah Bartley,Noah,Bartley,4000,RB,HAW,NMST @ HAW,09/13/2026 12:00 AM,https://dkn.gs/sports/images/cfb/teams/50/8316.png,NMST @ HAW,Night,CFB,9/13,Standard,CFB $20K Hook and Ladder [$5K to 1st] (Late Night);CFB $35K Late Night Snack [$10K to 1st] (Late Night);CFB $4K First Down (Late Night);CFB $3K Coffin Corner [Single Entry] (Late Night);CFB $2.4K Big House [Single Entry] (Late Night);CFB $2K Tailgate [3 Entry Max] (Late Night);CFB $50K Pocket Cup Qualifier #34 (Late Night);CFB $50K Pocket Cup Qualifier #35 (Late Night);CFB $1.8K Kick Return [Single Entry] (Late Night);CFB $1.5K Fourth Down Conversion (Late Night),195377008;195377010;195377006;195377018;195377004;195377009;195470707;195470708;195377016;195377011;195386816;195386815;195377007;195377014;195377005;195377012;195386812;195386809;195386808;195386810,"9/12 10:00PM, 4 Games"
TJ Fo'ilefutu - Night,195377008;195377010;195377006;195377018;195377004;195377009;195470707;195470708;195377016;195377011;195386816;195386815;195377007;195377014;195377005;195377012;195386812;195386809;195386808;195386810,1651929,44082904,TJ Fo'ilefutu,TJ,Fo'ilefutu,4000,RB,HAW,NMST @ HAW,09/13/2026 12:00 AM,https://dkn.gs/sports/images/cfb/teams/50/8316.png,NMST @ HAW,Night,CFB,9/13,Standard,CFB $20K Hook and Ladder [$5K to 1st] (Late Night);CFB $35K Late Night Snack [$10K to 1st] (Late Night);CFB $4K First Down (Late Night);CFB $3K Coffin Corner [Single Entry] (Late Night);CFB $2.4K Big House [Single Entry] (Late Night);CFB $2K Tailgate [3 Entry Max] (Late Night);CFB $50K Pocket Cup Qualifier #34 (Late Night);CFB $50K Pocket Cup Qualifier #35 (Late Night);CFB $1.8K Kick Return [Single Entry] (Late Night);CFB $1.5K Fourth Down Conversion (Late Night),195377008;195377010;195377006;195377018;195377004;195377009;195470707;195470708;195377016;195377011;195386816;195386815;195377007;195377014;195377005;195377012;195386812;195386809;195386808;195386810,"9/12 10:00PM, 4 Games"
Mateaki Helu - Night,195377008;195377010;195377006;195377018;195377004;195377009;195470707;195470708;195377016;195377011;195386816;195386815;195377007;195377014;195377005;195377012;195386812;195386809;195386808;195386810,1582981,44082907,Mateaki Helu,Mateaki,Helu,4000,RB,UTAH,ARK @ UTAH,09/12/2026 10:15 PM,https://dkn.gs/sports/images/cfb/teams/50/8341.png,ARK @ UTAH,Night,CFB,9/12,Standard,CFB $20K Hook and Ladder [$5K to 1st] (Late Night);CFB $35K Late Night Snack [$10K to 1st] (Late Night);CFB $4K First Down (Late Night);CFB $3K Coffin Corner [Single Entry] (Late Night);CFB $2.4K Big House [Single Entry] (Late Night);CFB $2K Tailgate [3 Entry Max] (Late Night);CFB $50K Pocket Cup Qualifier #34 (Late Night);CFB $50K Pocket Cup Qualifier #35 (Late Night);CFB $1.8K Kick Return [Single Entry] (Late Night);CFB $1.5K Fourth Down Conversion (Late Night),195377008;195377010;195377006;195377018;195377004;195377009;195470707;195470708;195377016;195377011;195386816;195386815;195377007;195377014;195377005;195377012;195386812;195386809;195386808;195386810,"9/12 10:00PM, 4 Games"
Anthony Hernandez - Night,195377008;195377010;195377006;195377018;195377004;195377009;195470707;195470708;195377016;195377011;195386816;195386815;195377007;195377014;195377005;195377012;195386812;195386809;195386808;195386810,1532367,44082910,Anthony Hernandez,Anthony,Hernandez,4000,RB,UTAH,ARK @ UTAH,09/12/2026 10:15 PM,https://dkn.gs/sports/images/cfb/teams/50/8341.png,ARK @ UTAH,Night,CFB,9/12,Standard,CFB $20K Hook and Ladder [$5K to 1st] (Late Night);CFB $35K Late Night Snack [$10K to 1st] (Late Night);CFB $4K First Down (Late Night);CFB $3K Coffin Corner [Single Entry] (Late Night);CFB $2.4K Big House [Single Entry] (Late Night);CFB $2K Tailgate [3 Entry Max] (Late Night);CFB $50K Pocket Cup Qualifier #34 (Late Night);CFB $50K Pocket Cup Qualifier #35 (Late Night);CFB $1.8K Kick Return [Single Entry] (Late Night);CFB $1.5K Fourth Down Conversion (Late Night),195377008;195377010;195377006;195377018;195377004;195377009;195470707;195470708;195377016;195377011;195386816;195386815;195377007;195377014;195377005;195377012;195386812;195386809;195386808;195386810,"9/12 10:00PM, 4 Games"
Jojo Ward - Night,195377008;195377010;195377006;195377018;195377004;195377009;195470707;195470708;195377016;195377011;195386816;195386815;195377007;195377014;195377005;195377012;195386812;195386809;195386808;195386810,1672544,44082913,Jojo Ward,Jojo,Ward,4000,RB,UTAH,ARK @ UTAH,09/12/2026 10:15 PM,https://dkn.gs/sports/images/cfb/teams/50/8341.png,ARK @ UTAH,Night,CFB,9/12,Standard,CFB $20K Hook and Ladder [$5K to 1st] (Late Night);CFB $35K Late Night Snack [$10K to 1st] (Late Night);CFB $4K First Down (Late Night);CFB $3K Coffin Corner [Single Entry] (Late Night);CFB $2.4K Big House [Single Entry] (Late Night);CFB $2K Tailgate [3 Entry Max] (Late Night);CFB $50K Pocket Cup Qualifier #34 (Late Night);CFB $50K Pocket Cup Qualifier #35 (Late Night);CFB $1.8K Kick Return [Single Entry] (Late Night);CFB $1.5K Fourth Down Conversion (Late Night),195377008;195377010;195377006;195377018;195377004;195377009;195470707;195470708;195377016;195377011;195386816;195386815;195377007;195377014;195377005;195377012;195386812;195386809;195386808;195386810,"9/12 10:00PM, 4 Games"
Brady Wavrunek - Night,195377008;195377010;195377006;195377018;195377004;195377009;195470707;195470708;195377016;195377011;195386816;195386815;195377007;195377014;195377005;195377012;195386812;195386809;195386808;195386810,1454387,44082916,Brady Wavrunek,Brady,Wavrunek,4000,RB,NDSU,NDSU @ AF,09/12/2026 10:00 PM,,NDSU @ AF,Night,CFB,9/12,Standard,CFB $20K Hook and Ladder [$5K to 1st] (Late Night);CFB $35K Late Night Snack [$10K to 1st] (Late Night);CFB $4K First Down (Late Night);CFB $3K Coffin Corner [Single Entry] (Late Night);CFB $2.4K Big House [Single Entry] (Late Night);CFB $2K Tailgate [3 Entry Max] (Late Night);CFB $50K Pocket Cup Qualifier #34 (Late Night);CFB $50K Pocket Cup Qualifier #35 (Late Night);CFB $1.8K Kick Return [Single Entry] (Late Night);CFB $1.5K Fourth Down Conversion (Late Night),195377008;195377010;195377006;195377018;195377004;195377009;195470707;195470708;195377016;195377011;195386816;195386815;195377007;195377014;195377005;195377012;195386812;195386809;195386808;195386810,"9/12 10:00PM, 4 Games"
Barry Kpeenu - Night,195377008;195377010;195377006;195377018;195377004;195377009;195470707;195470708;195377016;195377011;195386816;195386815;195377007;195377014;195377005;195377012;195386812;195386809;195386808;195386810,1604379,44082919,Barry Kpeenu,Barry,Kpeenu,4000,RB,NDSU,NDSU @ AF,09/12/2026 10:00 PM,,NDSU @ AF,Night,CFB,9/12,Standard,CFB $20K Hook and Ladder [$5K to 1st] (Late Night);CFB $35K Late Night Snack [$10K to 1st] (Late Night);CFB $4K First Down (Late Night);CFB $3K Coffin Corner [Single Entry] (Late Night);CFB $2.4K Big House [Single Entry] (Late Night);CFB $2K Tailgate [3 Entry Max] (Late Night);CFB $50K Pocket Cup Qualifier #34 (Late Night);CFB $50K Pocket Cup Qualifier #35 (Late Night);CFB $1.8K Kick Return [Single Entry] (Late Night);CFB $1.5K Fourth Down Conversion (Late Night),195377008;195377010;195377006;195377018;195377004;195377009;195470707;195470708;195377016;195377011;195386816;195386815;195377007;195377014;195377005;195377012;195386812;195386809;195386808;195386810,"9/12 10:00PM, 4 Games"
Cortez LeGrant - Night,195377008;195377010;195377006;195377018;195377004;195377009;195470707;195470708;195377016;195377011;195386816;195386815;195377007;195377014;195377005;195377012;195386812;195386809;195386808;195386810,1452146,44082922,Cortez LeGrant,Cortez,LeGrant,4000,RB,NDSU,NDSU @ AF,09/12/2026 10:00 PM,,NDSU @ AF,Night,CFB,9/12,Standard,CFB $20K Hook and Ladder [$5K to 1st] (Late Night);CFB $35K Late Night Snack [$10K to 1st] (Late Night);CFB $4K First Down (Late Night);CFB $3K Coffin Corner [Single Entry] (Late Night);CFB $2.4K Big House [Single Entry] (Late Night);CFB $2K Tailgate [3 Entry Max] (Late Night);CFB $50K Pocket Cup Qualifier #34 (Late Night);CFB $50K Pocket Cup Qualifier #35 (Late Night);CFB $1.8K Kick Return [Single Entry] (Late Night);CFB $1.5K Fourth Down Conversion (Late Night),195377008;195377010;195377006;195377018;195377004;195377009;195470707;195470708;195377016;195377011;195386816;195386815;195377007;195377014;195377005;195377012;195386812;195386809;195386808;195386810,"9/12 10:00PM, 4 Games"
Charles Ross III - Night,195377008;195377010;195377006;195377018;195377004;195377009;195470707;195470708;195377016;195377011;195386816;195386815;195377007;195377014;195377005;195377012;195386812;195386809;195386808;195386810,1600398,44082925,Charles Ross III,Charles,Ross III,4000,RB,NDSU,NDSU @ AF,09/12/2026 10:00 PM,,NDSU @ AF,Night,CFB,9/12,Standard,CFB $20K Hook and Ladder [$5K to 1st] (Late Night);CFB $35K Late Night Snack [$10K to 1st] (Late Night);CFB $4K First Down (Late Night);CFB $3K Coffin Corner [Single Entry] (Late Night);CFB $2.4K Big House [Single Entry] (Late Night);CFB $2K Tailgate [3 Entry Max] (Late Night);CFB $50K Pocket Cup Qualifier #34 (Late Night);CFB $50K Pocket Cup Qualifier #35 (Late Night);CFB $1.8K Kick Return [Single Entry] (Late Night);CFB $1.5K Fourth Down Conversion (Late Night),195377008;195377010;195377006;195377018;195377004;195377009;195470707;195470708;195377016;195377011;195386816;195386815;195377007;195377014;195377005;195377012;195386812;195386809;195386808;195386810,"9/12 10:00PM, 4 Games"
Gatlin Empey - Night,195377008;195377010;195377006;195377018;195377004;195377009;195470707;195470708;195377016;195377011;195386816;195386815;195377007;195377014;195377005;195377012;195386812;195386809;195386808;195386810,1661189,44082928,Gatlin Empey,Gatlin,Empey,4000,RB,NDSU,NDSU @ AF,09/12/2026 10:00 PM,,NDSU @ AF,Night,CFB,9/12,Standard,CFB $20K Hook and Ladder [$5K to 1st] (Late Night);CFB $35K Late Night Snack [$10K to 1st] (Late Night);CFB $4K First Down (Late Night);CFB $3K Coffin Corner [Single Entry] (Late Night);CFB $2.4K Big House [Single Entry] (Late Night);CFB $2K Tailgate [3 Entry Max] (Late Night);CFB $50K Pocket Cup Qualifier #34 (Late Night);CFB $50K Pocket Cup Qualifier #35 (Late Night);CFB $1.8K Kick Return [Single Entry] (Late Night);CFB $1.5K Fourth Down Conversion (Late Night),195377008;195377010;195377006;195377018;195377004;195377009;195470707;195470708;195377016;195377011;195386816;195386815;195377007;195377014;195377005;195377012;195386812;195386809;195386808;195386810,"9/12 10:00PM, 4 Games"
Jonathan Harvey - Night,195377008;195377010;195377006;195377018;195377004;195377009;195470707;195470708;195377016;195377011;195386816;195386815;195377007;195377014;195377005;195377012;195386812;195386809;195386808;195386810,1470105,44082931,Jonathan Harvey,Jonathan,Harvey,4000,RB,NDSU,NDSU @ AF,09/12/2026 10:00 PM,,NDSU @ AF,Night,CFB,9/12,Standard,CFB $20K Hook and Ladder [$5K to 1st] (Late Night);CFB $35K Late Night Snack [$10K to 1st] (Late Night);CFB $4K First Down (Late Night);CFB $3K Coffin Corner [Single Entry] (Late Night);CFB $2.4K Big House [Single Entry] (Late Night);CFB $2K Tailgate [3 Entry Max] (Late Night);CFB $50K Pocket Cup Qualifier #34 (Late Night);CFB $50K Pocket Cup Qualifier #35 (Late Night);CFB $1.8K Kick Return [Single Entry] (Late Night);CFB $1.5K Fourth Down Conversion (Late Night),195377008;195377010;195377006;195377018;195377004;195377009;195470707;195470708;195377016;195377011;195386816;195386815;195377007;195377014;195377005;195377012;195386812;195386809;195386808;195386810,"9/12 10:00PM, 4 Games"
Godson Rufus-Okomhanru - Night,195377008;195377010;195377006;195377018;195377004;195377009;195470707;195470708;195377016;195377011;195386816;195386815;195377007;195377014;195377005;195377012;195386812;195386809;195386808;195386810,1661183,44082934,Godson Rufus-Okomhanru,Godson,Rufus-Okomhanru,4000,RB,NDSU,NDSU @ AF,09/12/2026 10:00 PM,,NDSU @ AF,Night,CFB,9/12,Standard,CFB $20K Hook and Ladder [$5K to 1st] (Late Night);CFB $35K Late Night Snack [$10K to 1st] (Late Night);CFB $4K First Down (Late Night);CFB $3K Coffin Corner [Single Entry] (Late Night);CFB $2.4K Big House [Single Entry] (Late Night);CFB $2K Tailgate [3 Entry Max] (Late Night);CFB $50K Pocket Cup Qualifier #34 (Late Night);CFB $50K Pocket Cup Qualifier #35 (Late Night);CFB $1.8K Kick Return [Single Entry] (Late Night);CFB $1.5K Fourth Down Conversion (Late Night),195377008;195377010;195377006;195377018;195377004;195377009;195470707;195470708;195377016;195377011;195386816;195386815;195377007;195377014;195377005;195377012;195386812;195386809;195386808;195386810,"9/12 10:00PM, 4 Games"
Braylon Toliver - Night,195377008;195377010;195377006;195377018;195377004;195377009;195470707;195470708;195377016;195377011;195386816;195386815;195377007;195377014;195377005;195377012;195386812;195386809;195386808;195386810,1652186,44082937,Braylon Toliver,Braylon,Toliver,4000,RB,NDSU,NDSU @ AF,09/12/2026 10:00 PM,,NDSU @ AF,Night,CFB,9/12,Standard,CFB $20K Hook and Ladder [$5K to 1st] (Late Night);CFB $35K Late Night Snack [$10K to 1st] (Late Night);CFB $4K First Down (Late Night);CFB $3K Coffin Corner [Single Entry] (Late Night);CFB $2.4K Big House [Single Entry] (Late Night);CFB $2K Tailgate [3 Entry Max] (Late Night);CFB $50K Pocket Cup Qualifier #34 (Late Night);CFB $50K Pocket Cup Qualifier #35 (Late Night);CFB $1.8K Kick Return [Single Entry] (Late Night);CFB $1.5K Fourth Down Conversion (Late Night),195377008;195377010;195377006;195377018;195377004;195377009;195470707;195470708;195377016;195377011;195386816;195386815;195377007;195377014;195377005;195377012;195386812;195386809;195386808;195386810,"9/12 10:00PM, 4 Games"
Chris Kiel - Night,195377008;195377010;195377006;195377018;195377004;195377009;195470707;195470708;195377016;195377011;195386816;195386815;195377007;195377014;195377005;195377012;195386812;195386809;195386808;195386810,1600390,44082991,Chris Kiel,Chris,Kiel,4000,WR,NDSU,NDSU @ AF,09/12/2026 10:00 PM,,NDSU @ AF,Night,CFB,9/12,Standard,CFB $20K Hook and Ladder [$5K to 1st] (Late Night);CFB $35K Late Night Snack [$10K to 1st] (Late Night);CFB $4K First Down (Late Night);CFB $3K Coffin Corner [Single Entry] (Late Night);CFB $2.4K Big House [Single Entry] (Late Night);CFB $2K Tailgate [3 Entry Max] (Late Night);CFB $50K Pocket Cup Qualifier #34 (Late Night);CFB $50K Pocket Cup Qualifier #35 (Late Night);CFB $1.8K Kick Return [Single Entry] (Late Night);CFB $1.5K Fourth Down Conversion (Late Night),195377008;195377010;195377006;195377018;195377004;195377009;195470707;195470708;195377016;195377011;195386816;195386815;195377007;195377014;195377005;195377012;195386812;195386809;195386808;195386810,"9/12 10:00PM, 4 Games"
AJ Williams III - Night,195377008;195377010;195377006;195377018;195377004;195377009;195470707;195470708;195377016;195377011;195386816;195386815;195377007;195377014;195377005;195377012;195386812;195386809;195386808;195386810,1587725,44082994,AJ Williams III,AJ,Williams III,4000,WR,NMST,NMST @ HAW,09/13/2026 12:00 AM,https://dkn.gs/sports/images/cfb/teams/50/7946.png,NMST @ HAW,Night,CFB,9/13,Standard,CFB $20K Hook and Ladder [$5K to 1st] (Late Night);CFB $35K Late Night Snack [$10K to 1st] (Late Night);CFB $4K First Down (Late Night);CFB $3K Coffin Corner [Single Entry] (Late Night);CFB $2.4K Big House [Single Entry] (Late Night);CFB $2K Tailgate [3 Entry Max] (Late Night);CFB $50K Pocket Cup Qualifier #34 (Late Night);CFB $50K Pocket Cup Qualifier #35 (Late Night);CFB $1.8K Kick Return [Single Entry] (Late Night);CFB $1.5K Fourth Down Conversion (Late Night),195377008;195377010;195377006;195377018;195377004;195377009;195470707;195470708;195377016;195377011;195386816;195386815;195377007;195377014;195377005;195377012;195386812;195386809;195386808;195386810,"9/12 10:00PM, 4 Games"
Cam Settles - Showdown Captain Mode (Flex),195476951;195476948;195476952;195477720;195477723;195476956;195477719;195477727;195477721;195476955;195477726;195476949;195476950;195476953;195476954;195567364;195477928;195477927;195477926;195477925,1582242,44095447,Cam Settles,Cam,Settles,4000,RB,ARK,ARK @ UTAH,09/12/2026 10:15 PM,https://dkn.gs/sports/images/cfb/teams/50/8175.png,ARK @ UTAH,Showdown Captain Mode,CFB,9/12,Flex,"CFB Showdown $6K Air Raid [$2K to 1st] (ARK @ UTAH);CFB Showdown $720 Kick Return [Single Entry, Top 2 Win] (ARK @ UTAH);CFB Showdown $750 First Down (ARK @ UTAH);CFB Showdown $530 Winner Take All [Must Fill] (ARK @ UTAH);CFB Showdown $408 Winner Take All [$1.5K to 1st, Must Fill] (ARK @ UTAH);CFB Showdown $400 Coffin Corner [Single Entry] (ARK @ UTAH);CFB Showdown $267 Winner Take All [Must Fill] (ARK @ UTAH);CFB Showdown Satellite to NHL 11-3 $555 Barn Burner [Must Fill] (ARK @ UTAH);CFB Showdown $100 Winner Take All [$460 to 1st] (Must Fill) (ARK @ UTAH);CFB Showdown $155 White-Out [Single Entry] (ARK @ UTAH)",195476951;195476948;195476952;195477720;195477723;195476956;195477719;195477727;195477721;195476955;195477726;195476949;195476950;195476953;195476954;195567364;195477928;195477927;195477926;195477925,9/12 10:15PM (ARK @ UTAH)
Terrione Graves - Showdown Captain Mode (Flex),195476961;195476957;195477828;195476965;195477831;195477827;195476958;195477835;195477829;195476959;195477834;195476960;195476962;195476963;195476964;195477944;195477943;195477942;195477941;195477940,1588985,44095597,Terrione Graves,Terrione,Graves,4000,WR,NMST,NMST @ HAW,09/13/2026 12:00 AM,https://dkn.gs/sports/images/cfb/teams/50/7946.png,NMST @ HAW,Showdown Captain Mode,CFB,9/13,Flex,"CFB Showdown $4K Air Raid [$1K to 1st] (NMST @ HAW);CFB Showdown $720 Kick Return [Single Entry, Top 2 Win] (NMST @ HAW);CFB Showdown $530 Winner Take All [Must Fill] (NMST @ HAW);CFB Showdown $200 Redshirt [Single Entry] (NMST @ HAW);CFB Showdown $408 Winner Take All [$1.5K to 1st, Must Fill] (NMST @ HAW);CFB Showdown $267 Winner Take All [Must Fill] (NMST @ HAW);CFB Showdown $155 White-Out [Single Entry] (NMST @ HAW);CFB Showdown Satellite to NHL 11-3 $555 Barn Burner [Must Fill] (NMST @ HAW);CFB Showdown $100 Winner Take All [$460 to 1st] (Must Fill) (NMST @ HAW);CFB Showdown $310 Blitz [Single Entry] (NMST @ HAW)",195476961;195476957;195477828;195476965;195477831;195477827;195476958;195477835;195477829;195476959;195477834;195476960;195476962;195476963;195476964;195477944;195477943;195477942;195477941;195477940,9/13 12:00AM (NMST @ HAW)
Caden Jensen - Night,195377008;195377010;195377006;195377018;195377004;195377009;195470707;195470708;195377016;195377011;195386816;195386815;195377007;195377014;195377005;195377012;195386812;195386809;195386808;195386810,1461983,44082997,Caden Jensen,Caden,Jensen,3900,WR,ULL,ULL @ USC,09/12/2026 11:00 PM,,ULL @ USC,Night,CFB,9/12,Standard,CFB $20K Hook and Ladder [$5K to 1st] (Late Night);CFB $35K Late Night Snack [$10K to 1st] (Late Night);CFB $4K First Down (Late Night);CFB $3K Coffin Corner [Single Entry] (Late Night);CFB $2.4K Big House [Single Entry] (Late Night);CFB $2K Tailgate [3 Entry Max] (Late Night);CFB $50K Pocket Cup Qualifier #34 (Late Night);CFB $50K Pocket Cup Qualifier #35 (Late Night);CFB $1.8K Kick Return [Single Entry] (Late Night);CFB $1.5K Fourth Down Conversion (Late Night),195377008;195377010;195377006;195377018;195377004;195377009;195470707;195470708;195377016;195377011;195386816;195386815;195377007;195377014;195377005;195377012;195386812;195386809;195386808;195386810,"9/12 10:00PM, 4 Games"
Devin Alves - Night,195377008;195377010;195377006;195377018;195377004;195377009;195470707;195470708;195377016;195377011;195386816;195386815;195377007;195377014;195377005;195377012;195386812;195386809;195386808;195386810,1380568,44083000,Devin Alves,Devin,Alves,3900,WR,HAW,NMST @ HAW,09/13/2026 12:00 AM,https://dkn.gs/sports/images/cfb/teams/50/8316.png,NMST @ HAW,Night,CFB,9/13,Standard,CFB $20K Hook and Ladder [$5K to 1st] (Late Night);CFB $35K Late Night Snack [$10K to 1st] (Late Night);CFB $4K First Down (Late Night);CFB $3K Coffin Corner [Single Entry] (Late Night);CFB $2.4K Big House [Single Entry] (Late Night);CFB $2K Tailgate [3 Entry Max] (Late Night);CFB $50K Pocket Cup Qualifier #34 (Late Night);CFB $50K Pocket Cup Qualifier #35 (Late Night);CFB $1.8K Kick Return [Single Entry] (Late Night);CFB $1.5K Fourth Down Conversion (Late Night),195377008;195377010;195377006;195377018;195377004;195377009;195470707;195470708;195377016;195377011;195386816;195386815;195377007;195377014;195377005;195377012;195386812;195386809;195386808;195386810,"9/12 10:00PM, 4 Games"
Hunter Andrews - Night,195377008;195377010;195377006;195377018;195377004;195377009;195470707;195470708;195377016;195377011;195386816;195386815;195377007;195377014;195377005;195377012;195386812;195386809;195386808;195386810,1507257,44083003,Hunter Andrews,Hunter,Andrews,3900,WR,UTAH,ARK @ UTAH,09/12/2026 10:15 PM,https://dkn.gs/sports/images/cfb/teams/50/8341.png,ARK @ UTAH,Night,CFB,9/12,Standard,CFB $20K Hook and Ladder [$5K to 1st] (Late Night);CFB $35K Late Night Snack [$10K to 1st] (Late Night);CFB $4K First Down (Late Night);CFB $3K Coffin Corner [Single Entry] (Late Night);CFB $2.4K Big House [Single Entry] (Late Night);CFB $2K Tailgate [3 Entry Max] (Late Night);CFB $50K Pocket Cup Qualifier #34 (Late Night);CFB $50K Pocket Cup Qualifier #35 (Late Night);CFB $1.8K Kick Return [Single Entry] (Late Night);CFB $1.5K Fourth Down Conversion (Late Night),195377008;195377010;195377006;195377018;195377004;195377009;195470707;195470708;195377016;195377011;195386816;195386815;195377007;195377014;195377005;195377012;195386812;195386809;195386808;195386810,"9/12 10:00PM, 4 Games"
Emaree Winston - Showdown Captain Mode (Captain),195582379;195582460;195580463;195582104;195581991;195582352;195477619;195477613;195581177;195478126;195478125;195478124;195478123;195478122;195478121;195478120;195477985;195477986;195478032;195478034,1582595,44095825,Emaree Winston,Emaree,Winston,3900,CPT,TEX,OSU @ TEX,09/12/2026 07:30 PM,https://dkn.gs/sports/images/cfb/teams/50/8240.png,OSU @ TEX,Showdown Captain Mode,CFB,9/12,Captain,"CFB Showdown $240 Huddle [Single Entry] (OSU @ TEX);CFB Showdown $100 Redshirt [Single Entry] (OSU @ TEX);CFB Showdown $408 Winner Take All [$1.5K to 1st, Must Fill] (OSU @ TEX);CFB Showdown $530 Winner Take All [Must Fill] (OSU @ TEX);CFB Showdown $50 Quarter Jukebox [Just $0.25!] (OSU @ TEX);CFB Showdown $267 Winner Take All [Must Fill] (OSU @ TEX);CFB Showdown Satellite to NHL 11-3 $555 Barn Burner [Must Fill] (OSU @ TEX);CFB Showdown $100 Winner Take All [$460 to 1st] (Must Fill) (OSU @ TEX);CFB Showdown Satellite to NHL 9-29 $15 Opening Night Puck Drop [Must Fill] (OSU @ TEX);CFB Showdown Satellite to CFB $555 Mid-Season Main Event (10-10) (OSU @ TEX)",195582379;195582460;195580463;195582104;195581991;195582352;195477619;195477613;195581177;195478126;195478125;195478124;195478123;195478122;195478121;195478120;195477985;195477986;195478032;195478034,9/12 7:30PM (OSU @ TEX)
Ricky Johnson - Showdown Captain Mode (Captain),195476951;195476948;195476952;195477720;195477723;195476956;195477719;195477727;195477721;195476955;195477726;195476949;195476950;195476953;195476954;195567364;195477928;195477927;195477926;195477925,1520278,44095529,Ricky Johnson,Ricky,Johnson,3900,CPT,UTAH,ARK @ UTAH,09/12/2026 10:15 PM,https://dkn.gs/sports/images/cfb/teams/50/8341.png,ARK @ UTAH,Showdown Captain Mode,CFB,9/12,Captain,"CFB Showdown $6K Air Raid [$2K to 1st] (ARK @ UTAH);CFB Showdown $720 Kick Return [Single Entry, Top 2 Win] (ARK @ UTAH);CFB Showdown $750 First Down (ARK @ UTAH);CFB Showdown $530 Winner Take All [Must Fill] (ARK @ UTAH);CFB Showdown $408 Winner Take All [$1.5K to 1st, Must Fill] (ARK @ UTAH);CFB Showdown $400 Coffin Corner [Single Entry] (ARK @ UTAH);CFB Showdown $267 Winner Take All [Must Fill] (ARK @ UTAH);CFB Showdown Satellite to NHL 11-3 $555 Barn Burner [Must Fill] (ARK @ UTAH);CFB Showdown $100 Winner Take All [$460 to 1st] (Must Fill) (ARK @ UTAH);CFB Showdown $155 White-Out [Single Entry] (ARK @ UTAH)",195476951;195476948;195476952;195477720;195477723;195476956;195477719;195477727;195477721;195476955;195477726;195476949;195476950;195476953;195476954;195567364;195477928;195477927;195477926;195477925,9/12 10:15PM (ARK @ UTAH)
TJ Pride - Showdown Captain Mode (Captain),195476961;195476957;195477828;195476965;195477831;195477827;195476958;195477835;195477829;195476959;195477834;195476960;195476962;195476963;195476964;195477944;195477943;195477942;195477941;195477940,1516983,44095674,TJ Pride,TJ,Pride,3900,CPT,NMST,NMST @ HAW,09/13/2026 12:00 AM,https://dkn.gs/sports/images/cfb/teams/50/7946.png,NMST @ HAW,Showdown Captain Mode,CFB,9/13,Captain,"CFB Showdown $4K Air Raid [$1K to 1st] (NMST @ HAW);CFB Showdown $720 Kick Return [Single Entry, Top 2 Win] (NMST @ HAW);CFB Showdown $530 Winner Take All [Must Fill] (NMST @ HAW);CFB Showdown $200 Redshirt [Single Entry] (NMST @ HAW);CFB Showdown $408 Winner Take All [$1.5K to 1st, Must Fill] (NMST @ HAW);CFB Showdown $267 Winner Take All [Must Fill] (NMST @ HAW);CFB Showdown $155 White-Out [Single Entry] (NMST @ HAW);CFB Showdown Satellite to NHL 11-3 $555 Barn Burner [Must Fill] (NMST @ HAW);CFB Showdown $100 Winner Take All [$460 to 1st] (Must Fill) (NMST @ HAW);CFB Showdown $310 Blitz [Single Entry] (NMST @ HAW)",195476961;195476957;195477828;195476965;195477831;195477827;195476958;195477835;195477829;195476959;195477834;195476960;195476962;195476963;195476964;195477944;195477943;195477942;195477941;195477940,9/13 12:00AM (NMST @ HAW)
Terrell Anderson - Night,195377008;195377010;195377006;195377018;195377004;195377009;195470707;195470708;195377016;195377011;195386816;195386815;195377007;195377014;195377005;195377012;195386812;195386809;195386808;195386810,1508247,44083006,Terrell Anderson,Terrell,Anderson,3800,WR,USC,ULL @ USC,09/12/2026 11:00 PM,https://dkn.gs/sports/images/cfb/teams/50/8080.png,ULL @ USC,Night,CFB,9/12,Standard,CFB $20K Hook and Ladder [$5K to 1st] (Late Night);CFB $35K Late Night Snack [$10K to 1st] (Late Night);CFB $4K First Down (Late Night);CFB $3K Coffin Corner [Single Entry] (Late Night);CFB $2.4K Big House [Single Entry] (Late Night);CFB $2K Tailgate [3 Entry Max] (Late Night);CFB $50K Pocket Cup Qualifier #34 (Late Night);CFB $50K Pocket Cup Qualifier #35 (Late Night);CFB $1.8K Kick Return [Single Entry] (Late Night);CFB $1.5K Fourth Down Conversion (Late Night),195377008;195377010;195377006;195377018;195377004;195377009;195470707;195470708;195377016;195377011;195386816;195386815;195377007;195377014;195377005;195377012;195386812;195386809;195386808;195386810,"9/12 10:00PM, 4 Games"
Creed Whittemore - Night,195377008;195377010;195377006;195377018;195377004;195377009;195470707;195470708;195377016;195377011;195386816;195386815;195377007;195377014;195377005;195377012;195386812;195386809;195386808;195386810,1441029,44083009,Creed Whittemore,Creed,Whittemore,3800,WR,UTAH,ARK @ UTAH,09/12/2026 10:15 PM,https://dkn.gs/sports/images/cfb/teams/50/8341.png,ARK @ UTAH,Night,CFB,9/12,Standard,CFB $20K Hook and Ladder [$5K to 1st] (Late Night);CFB $35K Late Night Snack [$10K to 1st] (Late Night);CFB $4K First Down (Late Night);CFB $3K Coffin Corner [Single Entry] (Late Night);CFB $2.4K Big House [Single Entry] (Late Night);CFB $2K Tailgate [3 Entry Max] (Late Night);CFB $50K Pocket Cup Qualifier #34 (Late Night);CFB $50K Pocket Cup Qualifier #35 (Late Night);CFB $1.8K Kick Return [Single Entry] (Late Night);CFB $1.5K Fourth Down Conversion (Late Night),195377008;195377010;195377006;195377018;195377004;195377009;195470707;195470708;195377016;195377011;195386816;195386815;195377007;195377014;195377005;195377012;195386812;195386809;195386808;195386810,"9/12 10:00PM, 4 Games"
Terrione Graves - Night,195377008;195377010;195377006;195377018;195377004;195377009;195470707;195470708;195377016;195377011;195386816;195386815;195377007;195377014;195377005;195377012;195386812;195386809;195386808;195386810,1588985,44083012,Terrione Graves,Terrione,Graves,3800,WR,NMST,NMST @ HAW,09/13/2026 12:00 AM,https://dkn.gs/sports/images/cfb/teams/50/7946.png,NMST @ HAW,Night,CFB,9/13,Standard,CFB $20K Hook and Ladder [$5K to 1st] (Late Night);CFB $35K Late Night Snack [$10K to 1st] (Late Night);CFB $4K First Down (Late Night);CFB $3K Coffin Corner [Single Entry] (Late Night);CFB $2.4K Big House [Single Entry] (Late Night);CFB $2K Tailgate [3 Entry Max] (Late Night);CFB $50K Pocket Cup Qualifier #34 (Late Night);CFB $50K Pocket Cup Qualifier #35 (Late Night);CFB $1.8K Kick Return [Single Entry] (Late Night);CFB $1.5K Fourth Down Conversion (Late Night),195377008;195377010;195377006;195377018;195377004;195377009;195470707;195470708;195377016;195377011;195386816;195386815;195377007;195377014;195377005;195377012;195386812;195386809;195386808;195386810,"9/12 10:00PM, 4 Games"
Brandon Inniss - Showdown Captain Mode (Flex),195582379;195582460;195580463;195582104;195581991;195582352;195477619;195477613;195581177;195478126;195478125;195478124;195478123;195478122;195478121;195478120;195477985;195477986;195478032;195478034,1449306,44095746,Brandon Inniss,Brandon,Inniss,3800,WR,OSU,OSU @ TEX,09/12/2026 07:30 PM,https://dkn.gs/sports/images/cfb/teams/50/7874.png,OSU @ TEX,Showdown Captain Mode,CFB,9/12,Flex,"CFB Showdown $240 Huddle [Single Entry] (OSU @ TEX);CFB Showdown $100 Redshirt [Single Entry] (OSU @ TEX);CFB Showdown $408 Winner Take All [$1.5K to 1st, Must Fill] (OSU @ TEX);CFB Showdown $530 Winner Take All [Must Fill] (OSU @ TEX);CFB Showdown $50 Quarter Jukebox [Just $0.25!] (OSU @ TEX);CFB Showdown $267 Winner Take All [Must Fill] (OSU @ TEX);CFB Showdown Satellite to NHL 11-3 $555 Barn Burner [Must Fill] (OSU @ TEX);CFB Showdown $100 Winner Take All [$460 to 1st] (Must Fill) (OSU @ TEX);CFB Showdown Satellite to NHL 9-29 $15 Opening Night Puck Drop [Must Fill] (OSU @ TEX);CFB Showdown Satellite to CFB $555 Mid-Season Main Event (10-10) (OSU @ TEX)",195582379;195582460;195580463;195582104;195581991;195582352;195477619;195477613;195581177;195478126;195478125;195478124;195478123;195478122;195478121;195478120;195477985;195477986;195478032;195478034,9/12 7:30PM (OSU @ TEX)
Ismael Cisse - Night,195377008;195377010;195377006;195377018;195377004;195377009;195470707;195470708;195377016;195377011;195386816;195386815;195377007;195377014;195377005;195377012;195386812;195386809;195386808;195386810,1462690,44083015,Ismael Cisse,Ismael,Cisse,3700,WR,ARK,ARK @ UTAH,09/12/2026 10:15 PM,https://dkn.gs/sports/images/cfb/teams/50/8175.png,ARK @ UTAH,Night,CFB,9/12,Standard,CFB $20K Hook and Ladder [$5K to 1st] (Late Night);CFB $35K Late Night Snack [$10K to 1st] (Late Night);CFB $4K First Down (Late Night);CFB $3K Coffin Corner [Single Entry] (Late Night);CFB $2.4K Big House [Single Entry] (Late Night);CFB $2K Tailgate [3 Entry Max] (Late Night);CFB $50K Pocket Cup Qualifier #34 (Late Night);CFB $50K Pocket Cup Qualifier #35 (Late Night);CFB $1.8K Kick Return [Single Entry] (Late Night);CFB $1.5K Fourth Down Conversion (Late Night),195377008;195377010;195377006;195377018;195377004;195377009;195470707;195470708;195377016;195377011;195386816;195386815;195377007;195377014;195377005;195377012;195386812;195386809;195386808;195386810,"9/12 10:00PM, 4 Games"
Jonah Dawson - Night,195377008;195377010;195377006;195377018;195377004;195377009;195470707;195470708;195377016;195377011;195386816;195386815;195377007;195377014;195377005;195377012;195386812;195386809;195386808;195386810,1586572,44083018,Jonah Dawson,Jonah,Dawson,3700,WR,AF,NDSU @ AF,09/12/2026 10:00 PM,https://dkn.gs/sports/images/cfb/teams/50/8274.png,NDSU @ AF,Night,CFB,9/12,Standard,CFB $20K Hook and Ladder [$5K to 1st] (Late Night);CFB $35K Late Night Snack [$10K to 1st] (Late Night);CFB $4K First Down (Late Night);CFB $3K Coffin Corner [Single Entry] (Late Night);CFB $2.4K Big House [Single Entry] (Late Night);CFB $2K Tailgate [3 Entry Max] (Late Night);CFB $50K Pocket Cup Qualifier #34 (Late Night);CFB $50K Pocket Cup Qualifier #35 (Late Night);CFB $1.8K Kick Return [Single Entry] (Late Night);CFB $1.5K Fourth Down Conversion (Late Night),195377008;195377010;195377006;195377018;195377004;195377009;195470707;195470708;195377016;195377011;195386816;195386815;195377007;195377014;195377005;195377012;195386812;195386809;195386808;195386810,"9/12 10:00PM, 4 Games"
Kainoa Carvalho - Night,195377008;195377010;195377006;195377018;195377004;195377009;195470707;195470708;195377016;195377011;195386816;195386815;195377007;195377014;195377005;195377012;195386812;195386809;195386808;195386810,1596210,44083021,Kainoa Carvalho,Kainoa,Carvalho,3700,WR,HAW,NMST @ HAW,09/13/2026 12:00 AM,https://dkn.gs/sports/images/cfb/teams/50/8316.png,NMST @ HAW,Night,CFB,9/13,Standard,CFB $20K Hook and Ladder [$5K to 1st] (Late Night);CFB $35K Late Night Snack [$10K to 1st] (Late Night);CFB $4K First Down (Late Night);CFB $3K Coffin Corner [Single Entry] (Late Night);CFB $2.4K Big House [Single Entry] (Late Night);CFB $2K Tailgate [3 Entry Max] (Late Night);CFB $50K Pocket Cup Qualifier #34 (Late Night);CFB $50K Pocket Cup Qualifier #35 (Late Night);CFB $1.8K Kick Return [Single Entry] (Late Night);CFB $1.5K Fourth Down Conversion (Late Night),195377008;195377010;195377006;195377018;195377004;195377009;195470707;195470708;195377016;195377011;195386816;195386815;195377007;195377014;195377005;195377012;195386812;195386809;195386808;195386810,"9/12 10:00PM, 4 Games"
Reis Kessel - Night,195377008;195377010;195377006;195377018;195377004;195377009;195470707;195470708;195377016;195377011;195386816;195386815;195377007;195377014;195377005;195377012;195386812;195386809;195386808;195386810,1528237,44083024,Reis Kessel,Reis,Kessel,3700,WR,NDSU,NDSU @ AF,09/12/2026 10:00 PM,,NDSU @ AF,Night,CFB,9/12,Standard,CFB $20K Hook and Ladder [$5K to 1st] (Late Night);CFB $35K Late Night Snack [$10K to 1st] (Late Night);CFB $4K First Down (Late Night);CFB $3K Coffin Corner [Single Entry] (Late Night);CFB $2.4K Big House [Single Entry] (Late Night);CFB $2K Tailgate [3 Entry Max] (Late Night);CFB $50K Pocket Cup Qualifier #34 (Late Night);CFB $50K Pocket Cup Qualifier #35 (Late Night);CFB $1.8K Kick Return [Single Entry] (Late Night);CFB $1.5K Fourth Down Conversion (Late Night),195377008;195377010;195377006;195377018;195377004;195377009;195470707;195470708;195377016;195377011;195386816;195386815;195377007;195377014;195377005;195377012;195386812;195386809;195386808;195386810,"9/12 10:00PM, 4 Games"
Noah Bennee - Night,195377008;195377010;195377006;195377018;195377004;195377009;195470707;195470708;195377016;195377011;195386816;195386815;195377007;195377014;195377005;195377012;195386812;195386809;195386808;195386810,1381558,44083027,Noah Bennee,Noah,Bennee,3600,WR,UTAH,ARK @ UTAH,09/12/2026 10:15 PM,https://dkn.gs/sports/images/cfb/teams/50/8341.png,ARK @ UTAH,Night,CFB,9/12,Standard,CFB $20K Hook and Ladder [$5K to 1st] (Late Night);CFB $35K Late Night Snack [$10K to 1st] (Late Night);CFB $4K First Down (Late Night);CFB $3K Coffin Corner [Single Entry] (Late Night);CFB $2.4K Big House [Single Entry] (Late Night);CFB $2K Tailgate [3 Entry Max] (Late Night);CFB $50K Pocket Cup Qualifier #34 (Late Night);CFB $50K Pocket Cup Qualifier #35 (Late Night);CFB $1.8K Kick Return [Single Entry] (Late Night);CFB $1.5K Fourth Down Conversion (Late Night),195377008;195377010;195377006;195377018;195377004;195377009;195470707;195470708;195377016;195377011;195386816;195386815;195377007;195377014;195377005;195377012;195386812;195386809;195386808;195386810,"9/12 10:00PM, 4 Games"
Corey Simms - Night,195377008;195377010;195377006;195377018;195377004;195377009;195470707;195470708;195377016;195377011;195386816;195386815;195377007;195377014;195377005;195377012;195386812;195386809;195386808;195386810,1586378,44083030,Corey Simms,Corey,Simms,3600,WR,USC,ULL @ USC,09/12/2026 11:00 PM,https://dkn.gs/sports/images/cfb/teams/50/8080.png,ULL @ USC,Night,CFB,9/12,Standard,CFB $20K Hook and Ladder [$5K to 1st] (Late Night);CFB $35K Late Night Snack [$10K to 1st] (Late Night);CFB $4K First Down (Late Night);CFB $3K Coffin Corner [Single Entry] (Late Night);CFB $2.4K Big House [Single Entry] (Late Night);CFB $2K Tailgate [3 Entry Max] (Late Night);CFB $50K Pocket Cup Qualifier #34 (Late Night);CFB $50K Pocket Cup Qualifier #35 (Late Night);CFB $1.8K Kick Return [Single Entry] (Late Night);CFB $1.5K Fourth Down Conversion (Late Night),195377008;195377010;195377006;195377018;195377004;195377009;195470707;195470708;195377016;195377011;195386816;195386815;195377007;195377014;195377005;195377012;195386812;195386809;195386808;195386810,"9/12 10:00PM, 4 Games"
Creed Whittemore - Showdown Captain Mode (Flex),195476951;195476948;195476952;195477720;195477723;195476956;195477719;195477727;195477721;195476955;195477726;195476949;195476950;195476953;195476954;195567364;195477928;195477927;195477926;195477925,1441029,44095448,Creed Whittemore,Creed,Whittemore,3600,WR,UTAH,ARK @ UTAH,09/12/2026 10:15 PM,https://dkn.gs/sports/images/cfb/teams/50/8341.png,ARK @ UTAH,Showdown Captain Mode,CFB,9/12,Flex,"CFB Showdown $6K Air Raid [$2K to 1st] (ARK @ UTAH);CFB Showdown $720 Kick Return [Single Entry, Top 2 Win] (ARK @ UTAH);CFB Showdown $750 First Down (ARK @ UTAH);CFB Showdown $530 Winner Take All [Must Fill] (ARK @ UTAH);CFB Showdown $408 Winner Take All [$1.5K to 1st, Must Fill] (ARK @ UTAH);CFB Showdown $400 Coffin Corner [Single Entry] (ARK @ UTAH);CFB Showdown $267 Winner Take All [Must Fill] (ARK @ UTAH);CFB Showdown Satellite to NHL 11-3 $555 Barn Burner [Must Fill] (ARK @ UTAH);CFB Showdown $100 Winner Take All [$460 to 1st] (Must Fill) (ARK @ UTAH);CFB Showdown $155 White-Out [Single Entry] (ARK @ UTAH)",195476951;195476948;195476952;195477720;195477723;195476956;195477719;195477727;195477721;195476955;195477726;195476949;195476950;195476953;195476954;195567364;195477928;195477927;195477926;195477925,9/12 10:15PM (ARK @ UTAH)
Matt Adcock - Showdown Captain Mode (Captain),195476951;195476948;195476952;195477720;195477723;195476956;195477719;195477727;195477721;195476955;195477726;195476949;195476950;195476953;195476954;195567364;195477928;195477927;195477926;195477925,1585803,44095530,Matt Adcock,Matt,Adcock,3600,CPT,ARK,ARK @ UTAH,09/12/2026 10:15 PM,https://dkn.gs/sports/images/cfb/teams/50/8175.png,ARK @ UTAH,Showdown Captain Mode,CFB,9/12,Captain,"CFB Showdown $6K Air Raid [$2K to 1st] (ARK @ UTAH);CFB Showdown $720 Kick Return [Single Entry, Top 2 Win] (ARK @ UTAH);CFB Showdown $750 First Down (ARK @ UTAH);CFB Showdown $530 Winner Take All [Must Fill] (ARK @ UTAH);CFB Showdown $408 Winner Take All [$1.5K to 1st, Must Fill] (ARK @ UTAH);CFB Showdown $400 Coffin Corner [Single Entry] (ARK @ UTAH);CFB Showdown $267 Winner Take All [Must Fill] (ARK @ UTAH);CFB Showdown Satellite to NHL 11-3 $555 Barn Burner [Must Fill] (ARK @ UTAH);CFB Showdown $100 Winner Take All [$460 to 1st] (Must Fill) (ARK @ UTAH);CFB Showdown $155 White-Out [Single Entry] (ARK @ UTAH)",195476951;195476948;195476952;195477720;195477723;195476956;195477719;195477727;195477721;195476955;195477726;195476949;195476950;195476953;195476954;195567364;195477928;195477927;195477926;195477925,9/12 10:15PM (ARK @ UTAH)
Kainoa Carvalho - Showdown Captain Mode (Flex),195476961;195476957;195477828;195476965;195477831;195477827;195476958;195477835;195477829;195476959;195477834;195476960;195476962;195476963;195476964;195477944;195477943;195477942;195477941;195477940,1596210,44095598,Kainoa Carvalho,Kainoa,Carvalho,3600,WR,HAW,NMST @ HAW,09/13/2026 12:00 AM,https://dkn.gs/sports/images/cfb/teams/50/8316.png,NMST @ HAW,Showdown Captain Mode,CFB,9/13,Flex,"CFB Showdown $4K Air Raid [$1K to 1st] (NMST @ HAW);CFB Showdown $720 Kick Return [Single Entry, Top 2 Win] (NMST @ HAW);CFB Showdown $530 Winner Take All [Must Fill] (NMST @ HAW);CFB Showdown $200 Redshirt [Single Entry] (NMST @ HAW);CFB Showdown $408 Winner Take All [$1.5K to 1st, Must Fill] (NMST @ HAW);CFB Showdown $267 Winner Take All [Must Fill] (NMST @ HAW);CFB Showdown $155 White-Out [Single Entry] (NMST @ HAW);CFB Showdown Satellite to NHL 11-3 $555 Barn Burner [Must Fill] (NMST @ HAW);CFB Showdown $100 Winner Take All [$460 to 1st] (Must Fill) (NMST @ HAW);CFB Showdown $310 Blitz [Single Entry] (NMST @ HAW)",195476961;195476957;195477828;195476965;195477831;195477827;195476958;195477835;195477829;195476959;195477834;195476960;195476962;195476963;195476964;195477944;195477943;195477942;195477941;195477940,9/13 12:00AM (NMST @ HAW)
Lyndon Ravare - Night,195377008;195377010;195377006;195377018;195377004;195377009;195470707;195470708;195377016;195377011;195386816;195386815;195377007;195377014;195377005;195377012;195386812;195386809;195386808;195386810,1519675,44083033,Lyndon Ravare,Lyndon,Ravare,3500,WR,NMST,NMST @ HAW,09/13/2026 12:00 AM,https://dkn.gs/sports/images/cfb/teams/50/7946.png,NMST @ HAW,Night,CFB,9/13,Standard,CFB $20K Hook and Ladder [$5K to 1st] (Late Night);CFB $35K Late Night Snack [$10K to 1st] (Late Night);CFB $4K First Down (Late Night);CFB $3K Coffin Corner [Single Entry] (Late Night);CFB $2.4K Big House [Single Entry] (Late Night);CFB $2K Tailgate [3 Entry Max] (Late Night);CFB $50K Pocket Cup Qualifier #34 (Late Night);CFB $50K Pocket Cup Qualifier #35 (Late Night);CFB $1.8K Kick Return [Single Entry] (Late Night);CFB $1.5K Fourth Down Conversion (Late Night),195377008;195377010;195377006;195377018;195377004;195377009;195470707;195470708;195377016;195377011;195386816;195386815;195377007;195377014;195377005;195377012;195386812;195386809;195386808;195386810,"9/12 10:00PM, 4 Games"
Zacharyus Williams - Night,195377008;195377010;195377006;195377018;195377004;195377009;195470707;195470708;195377016;195377011;195386816;195386815;195377007;195377014;195377005;195377012;195386812;195386809;195386808;195386810,1519189,44083036,Zacharyus Williams,Zacharyus,Williams,3500,WR,USC,ULL @ USC,09/12/2026 11:00 PM,https://dkn.gs/sports/images/cfb/teams/50/8080.png,ULL @ USC,Night,CFB,9/12,Standard,CFB $20K Hook and Ladder [$5K to 1st] (Late Night);CFB $35K Late Night Snack [$10K to 1st] (Late Night);CFB $4K First Down (Late Night);CFB $3K Coffin Corner [Single Entry] (Late Night);CFB $2.4K Big House [Single Entry] (Late Night);CFB $2K Tailgate [3 Entry Max] (Late Night);CFB $50K Pocket Cup Qualifier #34 (Late Night);CFB $50K Pocket Cup Qualifier #35 (Late Night);CFB $1.8K Kick Return [Single Entry] (Late Night);CFB $1.5K Fourth Down Conversion (Late Night),195377008;195377010;195377006;195377018;195377004;195377009;195470707;195470708;195377016;195377011;195386816;195386815;195377007;195377014;195377005;195377012;195386812;195386809;195386808;195386810,"9/12 10:00PM, 4 Games"
CJ Brown - Night,195377008;195377010;195377006;195377018;195377004;195377009;195470707;195470708;195377016;195377011;195386816;195386815;195377007;195377014;195377005;195377012;195386812;195386809;195386808;195386810,1506084,44083039,CJ Brown,CJ,Brown,3500,WR,ARK,ARK @ UTAH,09/12/2026 10:15 PM,https://dkn.gs/sports/images/cfb/teams/50/8175.png,ARK @ UTAH,Night,CFB,9/12,Standard,CFB $20K Hook and Ladder [$5K to 1st] (Late Night);CFB $35K Late Night Snack [$10K to 1st] (Late Night);CFB $4K First Down (Late Night);CFB $3K Coffin Corner [Single Entry] (Late Night);CFB $2.4K Big House [Single Entry] (Late Night);CFB $2K Tailgate [3 Entry Max] (Late Night);CFB $50K Pocket Cup Qualifier #34 (Late Night);CFB $50K Pocket Cup Qualifier #35 (Late Night);CFB $1.8K Kick Return [Single Entry] (Late Night);CFB $1.5K Fourth Down Conversion (Late Night),195377008;195377010;195377006;195377018;195377004;195377009;195470707;195470708;195377016;195377011;195386816;195386815;195377007;195377014;195377005;195377012;195386812;195386809;195386808;195386810,"9/12 10:00PM, 4 Games"
Daidren Zipperer - Night,195377008;195377010;195377006;195377018;195377004;195377009;195470707;195470708;195377016;195377011;195386816;195386815;195377007;195377014;195377005;195377012;195386812;195386809;195386808;195386810,1456805,44083042,Daidren Zipperer,Daidren,Zipperer,3500,WR,UTAH,ARK @ UTAH,09/12/2026 10:15 PM,https://dkn.gs/sports/images/cfb/teams/50/8341.png,ARK @ UTAH,Night,CFB,9/12,Standard,CFB $20K Hook and Ladder [$5K to 1st] (Late Night);CFB $35K Late Night Snack [$10K to 1st] (Late Night);CFB $4K First Down (Late Night);CFB $3K Coffin Corner [Single Entry] (Late Night);CFB $2.4K Big House [Single Entry] (Late Night);CFB $2K Tailgate [3 Entry Max] (Late Night);CFB $50K Pocket Cup Qualifier #34 (Late Night);CFB $50K Pocket Cup Qualifier #35 (Late Night);CFB $1.8K Kick Return [Single Entry] (Late Night);CFB $1.5K Fourth Down Conversion (Late Night),195377008;195377010;195377006;195377018;195377004;195377009;195470707;195470708;195377016;195377011;195386816;195386815;195377007;195377014;195377005;195377012;195386812;195386809;195386808;195386810,"9/12 10:00PM, 4 Games"
Isiah St. Romain - Night,195377008;195377010;195377006;195377018;195377004;195377009;195470707;195470708;195377016;195377011;195386816;195386815;195377007;195377014;195377005;195377012;195386812;195386809;195386808;195386810,1528216,44083045,Isiah St. Romain,Isiah,St. Romain,3400,WR,NDSU,NDSU @ AF,09/12/2026 10:00 PM,,NDSU @ AF,Night,CFB,9/12,Standard,CFB $20K Hook and Ladder [$5K to 1st] (Late Night);CFB $35K Late Night Snack [$10K to 1st] (Late Night);CFB $4K First Down (Late Night);CFB $3K Coffin Corner [Single Entry] (Late Night);CFB $2.4K Big House [Single Entry] (Late Night);CFB $2K Tailgate [3 Entry Max] (Late Night);CFB $50K Pocket Cup Qualifier #34 (Late Night);CFB $50K Pocket Cup Qualifier #35 (Late Night);CFB $1.8K Kick Return [Single Entry] (Late Night);CFB $1.5K Fourth Down Conversion (Late Night),195377008;195377010;195377006;195377018;195377004;195377009;195470707;195470708;195377016;195377011;195386816;195386815;195377007;195377014;195377005;195377012;195386812;195386809;195386808;195386810,"9/12 10:00PM, 4 Games"
Teddy Gawlik - Night,195377008;195377010;195377006;195377018;195377004;195377009;195470707;195470708;195377016;195377011;195386816;195386815;195377007;195377014;195377005;195377012;195386812;195386809;195386808;195386810,1512789,44083048,Teddy Gawlik,Teddy,Gawlik,3400,WR,ULL,ULL @ USC,09/12/2026 11:00 PM,,ULL @ USC,Night,CFB,9/12,Standard,CFB $20K Hook and Ladder [$5K to 1st] (Late Night);CFB $35K Late Night Snack [$10K to 1st] (Late Night);CFB $4K First Down (Late Night);CFB $3K Coffin Corner [Single Entry] (Late Night);CFB $2.4K Big House [Single Entry] (Late Night);CFB $2K Tailgate [3 Entry Max] (Late Night);CFB $50K Pocket Cup Qualifier #34 (Late Night);CFB $50K Pocket Cup Qualifier #35 (Late Night);CFB $1.8K Kick Return [Single Entry] (Late Night);CFB $1.5K Fourth Down Conversion (Late Night),195377008;195377010;195377006;195377018;195377004;195377009;195470707;195470708;195377016;195377011;195386816;195386815;195377007;195377014;195377005;195377012;195386812;195386809;195386808;195386810,"9/12 10:00PM, 4 Games"
Jamari Hawkins - Night,195377008;195377010;195377006;195377018;195377004;195377009;195470707;195470708;195377016;195377011;195386816;195386815;195377007;195377014;195377005;195377012;195386812;195386809;195386808;195386810,1400575,44083051,Jamari Hawkins,Jamari,Hawkins,3400,WR,ARK,ARK @ UTAH,09/12/2026 10:15 PM,https://dkn.gs/sports/images/cfb/teams/50/8175.png,ARK @ UTAH,Night,CFB,9/12,Standard,CFB $20K Hook and Ladder [$5K to 1st] (Late Night);CFB $35K Late Night Snack [$10K to 1st] (Late Night);CFB $4K First Down (Late Night);CFB $3K Coffin Corner [Single Entry] (Late Night);CFB $2.4K Big House [Single Entry] (Late Night);CFB $2K Tailgate [3 Entry Max] (Late Night);CFB $50K Pocket Cup Qualifier #34 (Late Night);CFB $50K Pocket Cup Qualifier #35 (Late Night);CFB $1.8K Kick Return [Single Entry] (Late Night);CFB $1.5K Fourth Down Conversion (Late Night),195377008;195377010;195377006;195377018;195377004;195377009;195470707;195470708;195377016;195377011;195386816;195386815;195377007;195377014;195377005;195377012;195386812;195386809;195386808;195386810,"9/12 10:00PM, 4 Games"
Ricky Johnson - Night,195377008;195377010;195377006;195377018;195377004;195377009;195470707;195470708;195377016;195377011;195386816;195386815;195377007;195377014;195377005;195377012;195386812;195386809;195386808;195386810,1520278,44083054,Ricky Johnson,Ricky,Johnson,3400,WR,UTAH,ARK @ UTAH,09/12/2026 10:15 PM,https://dkn.gs/sports/images/cfb/teams/50/8341.png,ARK @ UTAH,Night,CFB,9/12,Standard,CFB $20K Hook and Ladder [$5K to 1st] (Late Night);CFB $35K Late Night Snack [$10K to 1st] (Late Night);CFB $4K First Down (Late Night);CFB $3K Coffin Corner [Single Entry] (Late Night);CFB $2.4K Big House [Single Entry] (Late Night);CFB $2K Tailgate [3 Entry Max] (Late Night);CFB $50K Pocket Cup Qualifier #34 (Late Night);CFB $50K Pocket Cup Qualifier #35 (Late Night);CFB $1.8K Kick Return [Single Entry] (Late Night);CFB $1.5K Fourth Down Conversion (Late Night),195377008;195377010;195377006;195377018;195377004;195377009;195470707;195470708;195377016;195377011;195386816;195386815;195377007;195377014;195377005;195377012;195386812;195386809;195386808;195386810,"9/12 10:00PM, 4 Games"
Matt Adcock - Night,195377008;195377010;195377006;195377018;195377004;195377009;195470707;195470708;195377016;195377011;195386816;195386815;195377007;195377014;195377005;195377012;195386812;195386809;195386808;195386810,1585803,44083057,Matt Adcock,Matt,Adcock,3400,WR,ARK,ARK @ UTAH,09/12/2026 10:15 PM,https://dkn.gs/sports/images/cfb/teams/50/8175.png,ARK @ UTAH,Night,CFB,9/12,Standard,CFB $20K Hook and Ladder [$5K to 1st] (Late Night);CFB $35K Late Night Snack [$10K to 1st] (Late Night);CFB $4K First Down (Late Night);CFB $3K Coffin Corner [Single Entry] (Late Night);CFB $2.4K Big House [Single Entry] (Late Night);CFB $2K Tailgate [3 Entry Max] (Late Night);CFB $50K Pocket Cup Qualifier #34 (Late Night);CFB $50K Pocket Cup Qualifier #35 (Late Night);CFB $1.8K Kick Return [Single Entry] (Late Night);CFB $1.5K Fourth Down Conversion (Late Night),195377008;195377010;195377006;195377018;195377004;195377009;195470707;195470708;195377016;195377011;195386816;195386815;195377007;195377014;195377005;195377012;195386812;195386809;195386808;195386810,"9/12 10:00PM, 4 Games"
Ismael Cisse - Showdown Captain Mode (Flex),195476951;195476948;195476952;195477720;195477723;195476956;195477719;195477727;195477721;195476955;195477726;195476949;195476950;195476953;195476954;195567364;195477928;195477927;195477926;195477925,1462690,44095449,Ismael Cisse,Ismael,Cisse,3400,WR,ARK,ARK @ UTAH,09/12/2026 10:15 PM,https://dkn.gs/sports/images/cfb/teams/50/8175.png,ARK @ UTAH,Showdown Captain Mode,CFB,9/12,Flex,"CFB Showdown $6K Air Raid [$2K to 1st] (ARK @ UTAH);CFB Showdown $720 Kick Return [Single Entry, Top 2 Win] (ARK @ UTAH);CFB Showdown $750 First Down (ARK @ UTAH);CFB Showdown $530 Winner Take All [Must Fill] (ARK @ UTAH);CFB Showdown $408 Winner Take All [$1.5K to 1st, Must Fill] (ARK @ UTAH);CFB Showdown $400 Coffin Corner [Single Entry] (ARK @ UTAH);CFB Showdown $267 Winner Take All [Must Fill] (ARK @ UTAH);CFB Showdown Satellite to NHL 11-3 $555 Barn Burner [Must Fill] (ARK @ UTAH);CFB Showdown $100 Winner Take All [$460 to 1st] (Must Fill) (ARK @ UTAH);CFB Showdown $155 White-Out [Single Entry] (ARK @ UTAH)",195476951;195476948;195476952;195477720;195477723;195476956;195477719;195477727;195477721;195476955;195477726;195476949;195476950;195476953;195476954;195567364;195477928;195477927;195477926;195477925,9/12 10:15PM (ARK @ UTAH)
Jordan McCants - Night,195377008;195377010;195377006;195377018;195377004;195377009;195470707;195470708;195377016;195377011;195386816;195386815;195377007;195377014;195377005;195377012;195386812;195386809;195386808;195386810,1406599,44083060,Jordan McCants,Jordan,McCants,3300,WR,NDSU,NDSU @ AF,09/12/2026 10:00 PM,,NDSU @ AF,Night,CFB,9/12,Standard,CFB $20K Hook and Ladder [$5K to 1st] (Late Night);CFB $35K Late Night Snack [$10K to 1st] (Late Night);CFB $4K First Down (Late Night);CFB $3K Coffin Corner [Single Entry] (Late Night);CFB $2.4K Big House [Single Entry] (Late Night);CFB $2K Tailgate [3 Entry Max] (Late Night);CFB $50K Pocket Cup Qualifier #34 (Late Night);CFB $50K Pocket Cup Qualifier #35 (Late Night);CFB $1.8K Kick Return [Single Entry] (Late Night);CFB $1.5K Fourth Down Conversion (Late Night),195377008;195377010;195377006;195377018;195377004;195377009;195470707;195470708;195377016;195377011;195386816;195386815;195377007;195377014;195377005;195377012;195386812;195386809;195386808;195386810,"9/12 10:00PM, 4 Games"
TJ Pride - Night,195377008;195377010;195377006;195377018;195377004;195377009;195470707;195470708;195377016;195377011;195386816;195386815;195377007;195377014;195377005;195377012;195386812;195386809;195386808;195386810,1516983,44083063,TJ Pride,TJ,Pride,3300,WR,NMST,NMST @ HAW,09/13/2026 12:00 AM,https://dkn.gs/sports/images/cfb/teams/50/7946.png,NMST @ HAW,Night,CFB,9/13,Standard,CFB $20K Hook and Ladder [$5K to 1st] (Late Night);CFB $35K Late Night Snack [$10K to 1st] (Late Night);CFB $4K First Down (Late Night);CFB $3K Coffin Corner [Single Entry] (Late Night);CFB $2.4K Big House [Single Entry] (Late Night);CFB $2K Tailgate [3 Entry Max] (Late Night);CFB $50K Pocket Cup Qualifier #34 (Late Night);CFB $50K Pocket Cup Qualifier #35 (Late Night);CFB $1.8K Kick Return [Single Entry] (Late Night);CFB $1.5K Fourth Down Conversion (Late Night),195377008;195377010;195377006;195377018;195377004;195377009;195470707;195470708;195377016;195377011;195386816;195386815;195377007;195377014;195377005;195377012;195386812;195386809;195386808;195386810,"9/12 10:00PM, 4 Games"
Jaden Platt - Night,195377008;195377010;195377006;195377018;195377004;195377009;195470707;195470708;195377016;195377011;195386816;195386815;195377007;195377014;195377005;195377012;195386812;195386809;195386808;195386810,1442956,44083066,Jaden Platt,Jaden,Platt,3300,WR,ARK,ARK @ UTAH,09/12/2026 10:15 PM,https://dkn.gs/sports/images/cfb/teams/50/8175.png,ARK @ UTAH,Night,CFB,9/12,Standard,CFB $20K Hook and Ladder [$5K to 1st] (Late Night);CFB $35K Late Night Snack [$10K to 1st] (Late Night);CFB $4K First Down (Late Night);CFB $3K Coffin Corner [Single Entry] (Late Night);CFB $2.4K Big House [Single Entry] (Late Night);CFB $2K Tailgate [3 Entry Max] (Late Night);CFB $50K Pocket Cup Qualifier #34 (Late Night);CFB $50K Pocket Cup Qualifier #35 (Late Night);CFB $1.8K Kick Return [Single Entry] (Late Night);CFB $1.5K Fourth Down Conversion (Late Night),195377008;195377010;195377006;195377018;195377004;195377009;195470707;195470708;195377016;195377011;195386816;195386815;195377007;195377014;195377005;195377012;195386812;195386809;195386808;195386810,"9/12 10:00PM, 4 Games"
Jeremiah Patterson - Night,195377008;195377010;195377006;195377018;195377004;195377009;195470707;195470708;195377016;195377011;195386816;195386815;195377007;195377014;195377005;195377012;195386812;195386809;195386808;195386810,1515830,44083069,Jeremiah Patterson,Jeremiah,Patterson,3300,WR,NDSU,NDSU @ AF,09/12/2026 10:00 PM,,NDSU @ AF,Night,CFB,9/12,Standard,CFB $20K Hook and Ladder [$5K to 1st] (Late Night);CFB $35K Late Night Snack [$10K to 1st] (Late Night);CFB $4K First Down (Late Night);CFB $3K Coffin Corner [Single Entry] (Late Night);CFB $2.4K Big House [Single Entry] (Late Night);CFB $2K Tailgate [3 Entry Max] (Late Night);CFB $50K Pocket Cup Qualifier #34 (Late Night);CFB $50K Pocket Cup Qualifier #35 (Late Night);CFB $1.8K Kick Return [Single Entry] (Late Night);CFB $1.5K Fourth Down Conversion (Late Night),195377008;195377010;195377006;195377018;195377004;195377009;195470707;195470708;195377016;195377011;195386816;195386815;195377007;195377014;195377005;195377012;195386812;195386809;195386808;195386810,"9/12 10:00PM, 4 Games"
Blaze Kamoku - Night,195377008;195377010;195377006;195377018;195377004;195377009;195470707;195470708;195377016;195377011;195386816;195386815;195377007;195377014;195377005;195377012;195386812;195386809;195386808;195386810,1513093,44083072,Blaze Kamoku,Blaze,Kamoku,3300,WR,HAW,NMST @ HAW,09/13/2026 12:00 AM,https://dkn.gs/sports/images/cfb/teams/50/8316.png,NMST @ HAW,Night,CFB,9/13,Standard,CFB $20K Hook and Ladder [$5K to 1st] (Late Night);CFB $35K Late Night Snack [$10K to 1st] (Late Night);CFB $4K First Down (Late Night);CFB $3K Coffin Corner [Single Entry] (Late Night);CFB $2.4K Big House [Single Entry] (Late Night);CFB $2K Tailgate [3 Entry Max] (Late Night);CFB $50K Pocket Cup Qualifier #34 (Late Night);CFB $50K Pocket Cup Qualifier #35 (Late Night);CFB $1.8K Kick Return [Single Entry] (Late Night);CFB $1.5K Fourth Down Conversion (Late Night),195377008;195377010;195377006;195377018;195377004;195377009;195470707;195470708;195377016;195377011;195386816;195386815;195377007;195377014;195377005;195377012;195386812;195386809;195386808;195386810,"9/12 10:00PM, 4 Games"
Jermaine Bishop Jr. - Showdown Captain Mode (Captain),195582379;195582460;195580463;195582104;195581991;195582352;195477619;195477613;195581177;195478126;195478125;195478124;195478123;195478122;195478121;195478120;195477985;195477986;195478032;195478034,1645898,44095826,Jermaine Bishop Jr.,Jermaine,Bishop Jr.,3300,CPT,TEX,OSU @ TEX,09/12/2026 07:30 PM,https://dkn.gs/sports/images/cfb/teams/50/8240.png,OSU @ TEX,Showdown Captain Mode,CFB,9/12,Captain,"CFB Showdown $240 Huddle [Single Entry] (OSU @ TEX);CFB Showdown $100 Redshirt [Single Entry] (OSU @ TEX);CFB Showdown $408 Winner Take All [$1.5K to 1st, Must Fill] (OSU @ TEX);CFB Showdown $530 Winner Take All [Must Fill] (OSU @ TEX);CFB Showdown $50 Quarter Jukebox [Just $0.25!] (OSU @ TEX);CFB Showdown $267 Winner Take All [Must Fill] (OSU @ TEX);CFB Showdown Satellite to NHL 11-3 $555 Barn Burner [Must Fill] (OSU @ TEX);CFB Showdown $100 Winner Take All [$460 to 1st] (Must Fill) (OSU @ TEX);CFB Showdown Satellite to NHL 9-29 $15 Opening Night Puck Drop [Must Fill] (OSU @ TEX);CFB Showdown Satellite to CFB $555 Mid-Season Main Event (10-10) (OSU @ TEX)",195582379;195582460;195580463;195582104;195581991;195582352;195477619;195477613;195581177;195478126;195478125;195478124;195478123;195478122;195478121;195478120;195477985;195477986;195478032;195478034,9/12 7:30PM (OSU @ TEX)
Jamari Hawkins - Showdown Captain Mode (Captain),195476951;195476948;195476952;195477720;195477723;195476956;195477719;195477727;195477721;195476955;195477726;195476949;195476950;195476953;195476954;195567364;195477928;195477927;195477926;195477925,1400575,44095531,Jamari Hawkins,Jamari,Hawkins,3300,CPT,ARK,ARK @ UTAH,09/12/2026 10:15 PM,https://dkn.gs/sports/images/cfb/teams/50/8175.png,ARK @ UTAH,Showdown Captain Mode,CFB,9/12,Captain,"CFB Showdown $6K Air Raid [$2K to 1st] (ARK @ UTAH);CFB Showdown $720 Kick Return [Single Entry, Top 2 Win] (ARK @ UTAH);CFB Showdown $750 First Down (ARK @ UTAH);CFB Showdown $530 Winner Take All [Must Fill] (ARK @ UTAH);CFB Showdown $408 Winner Take All [$1.5K to 1st, Must Fill] (ARK @ UTAH);CFB Showdown $400 Coffin Corner [Single Entry] (ARK @ UTAH);CFB Showdown $267 Winner Take All [Must Fill] (ARK @ UTAH);CFB Showdown Satellite to NHL 11-3 $555 Barn Burner [Must Fill] (ARK @ UTAH);CFB Showdown $100 Winner Take All [$460 to 1st] (Must Fill) (ARK @ UTAH);CFB Showdown $155 White-Out [Single Entry] (ARK @ UTAH)",195476951;195476948;195476952;195477720;195477723;195476956;195477719;195477727;195477721;195476955;195477726;195476949;195476950;195476953;195476954;195567364;195477928;195477927;195477926;195477925,9/12 10:15PM (ARK @ UTAH)
Myles Libman - Showdown Captain Mode (Captain),195476961;195476957;195477828;195476965;195477831;195477827;195476958;195477835;195477829;195476959;195477834;195476960;195476962;195476963;195476964;195477944;195477943;195477942;195477941;195477940,1462707,44095675,Myles Libman,Myles,Libman,3300,CPT,NMST,NMST @ HAW,09/13/2026 12:00 AM,https://dkn.gs/sports/images/cfb/teams/50/7946.png,NMST @ HAW,Showdown Captain Mode,CFB,9/13,Captain,"CFB Showdown $4K Air Raid [$1K to 1st] (NMST @ HAW);CFB Showdown $720 Kick Return [Single Entry, Top 2 Win] (NMST @ HAW);CFB Showdown $530 Winner Take All [Must Fill] (NMST @ HAW);CFB Showdown $200 Redshirt [Single Entry] (NMST @ HAW);CFB Showdown $408 Winner Take All [$1.5K to 1st, Must Fill] (NMST @ HAW);CFB Showdown $267 Winner Take All [Must Fill] (NMST @ HAW);CFB Showdown $155 White-Out [Single Entry] (NMST @ HAW);CFB Showdown Satellite to NHL 11-3 $555 Barn Burner [Must Fill] (NMST @ HAW);CFB Showdown $100 Winner Take All [$460 to 1st] (Must Fill) (NMST @ HAW);CFB Showdown $310 Blitz [Single Entry] (NMST @ HAW)",195476961;195476957;195477828;195476965;195477831;195477827;195476958;195477835;195477829;195476959;195477834;195476960;195476962;195476963;195476964;195477944;195477943;195477942;195477941;195477940,9/13 12:00AM (NMST @ HAW)
Adam Hrynciw - Night,195377008;195377010;195377006;195377018;195377004;195377009;195470707;195470708;195377016;195377011;195386816;195386815;195377007;195377014;195377005;195377012;195386812;195386809;195386808;195386810,1520178,44083075,Adam Hrynciw,Adam,Hrynciw,3200,WR,AF,NDSU @ AF,09/12/2026 10:00 PM,https://dkn.gs/sports/images/cfb/teams/50/8274.png,NDSU @ AF,Night,CFB,9/12,Standard,CFB $20K Hook and Ladder [$5K to 1st] (Late Night);CFB $35K Late Night Snack [$10K to 1st] (Late Night);CFB $4K First Down (Late Night);CFB $3K Coffin Corner [Single Entry] (Late Night);CFB $2.4K Big House [Single Entry] (Late Night);CFB $2K Tailgate [3 Entry Max] (Late Night);CFB $50K Pocket Cup Qualifier #34 (Late Night);CFB $50K Pocket Cup Qualifier #35 (Late Night);CFB $1.8K Kick Return [Single Entry] (Late Night);CFB $1.5K Fourth Down Conversion (Late Night),195377008;195377010;195377006;195377018;195377004;195377009;195470707;195470708;195377016;195377011;195386816;195386815;195377007;195377014;195377005;195377012;195386812;195386809;195386808;195386810,"9/12 10:00PM, 4 Games"
Myles Libman - Night,195377008;195377010;195377006;195377018;195377004;195377009;195470707;195470708;195377016;195377011;195386816;195386815;195377007;195377014;195377005;195377012;195386812;195386809;195386808;195386810,1462707,44083078,Myles Libman,Myles,Libman,3200,WR,NMST,NMST @ HAW,09/13/2026 12:00 AM,https://dkn.gs/sports/images/cfb/teams/50/7946.png,NMST @ HAW,Night,CFB,9/13,Standard,CFB $20K Hook and Ladder [$5K to 1st] (Late Night);CFB $35K Late Night Snack [$10K to 1st] (Late Night);CFB $4K First Down (Late Night);CFB $3K Coffin Corner [Single Entry] (Late Night);CFB $2.4K Big House [Single Entry] (Late Night);CFB $2K Tailgate [3 Entry Max] (Late Night);CFB $50K Pocket Cup Qualifier #34 (Late Night);CFB $50K Pocket Cup Qualifier #35 (Late Night);CFB $1.8K Kick Return [Single Entry] (Late Night);CFB $1.5K Fourth Down Conversion (Late Night),195377008;195377010;195377006;195377018;195377004;195377009;195470707;195470708;195377016;195377011;195386816;195386815;195377007;195377014;195377005;195377012;195386812;195386809;195386808;195386810,"9/12 10:00PM, 4 Games"
Shelton Sampson Jr. - Night,195377008;195377010;195377006;195377018;195377004;195377009;195470707;195470708;195377016;195377011;195386816;195386815;195377007;195377014;195377005;195377012;195386812;195386809;195386808;195386810,1441058,44083081,Shelton Sampson Jr.,Shelton,Sampson Jr.,3200,WR,ULL,ULL @ USC,09/12/2026 11:00 PM,,ULL @ USC,Night,CFB,9/12,Standard,CFB $20K Hook and Ladder [$5K to 1st] (Late Night);CFB $35K Late Night Snack [$10K to 1st] (Late Night);CFB $4K First Down (Late Night);CFB $3K Coffin Corner [Single Entry] (Late Night);CFB $2.4K Big House [Single Entry] (Late Night);CFB $2K Tailgate [3 Entry Max] (Late Night);CFB $50K Pocket Cup Qualifier #34 (Late Night);CFB $50K Pocket Cup Qualifier #35 (Late Night);CFB $1.8K Kick Return [Single Entry] (Late Night);CFB $1.5K Fourth Down Conversion (Late Night),195377008;195377010;195377006;195377018;195377004;195377009;195470707;195470708;195377016;195377011;195386816;195386815;195377007;195377014;195377005;195377012;195386812;195386809;195386808;195386810,"9/12 10:00PM, 4 Games"
Tron Baker - Night,195377008;195377010;195377006;195377018;195377004;195377009;195470707;195470708;195377016;195377011;195386816;195386815;195377007;195377014;195377005;195377012;195386812;195386809;195386808;195386810,1651330,44083084,Tron Baker,Tron,Baker,3200,WR,USC,ULL @ USC,09/12/2026 11:00 PM,https://dkn.gs/sports/images/cfb/teams/50/8080.png,ULL @ USC,Night,CFB,9/12,Standard,CFB $20K Hook and Ladder [$5K to 1st] (Late Night);CFB $35K Late Night Snack [$10K to 1st] (Late Night);CFB $4K First Down (Late Night);CFB $3K Coffin Corner [Single Entry] (Late Night);CFB $2.4K Big House [Single Entry] (Late Night);CFB $2K Tailgate [3 Entry Max] (Late Night);CFB $50K Pocket Cup Qualifier #34 (Late Night);CFB $50K Pocket Cup Qualifier #35 (Late Night);CFB $1.8K Kick Return [Single Entry] (Late Night);CFB $1.5K Fourth Down Conversion (Late Night),195377008;195377010;195377006;195377018;195377004;195377009;195470707;195470708;195377016;195377011;195386816;195386815;195377007;195377014;195377005;195377012;195386812;195386809;195386808;195386810,"9/12 10:00PM, 4 Games"
Simon Kibbee - Night,195377008;195377010;195377006;195377018;195377004;195377009;195470707;195470708;195377016;195377011;195386816;195386815;195377007;195377014;195377005;195377012;195386812;195386809;195386808;195386810,1520173,44083087,Simon Kibbee,Simon,Kibbee,3200,WR,AF,NDSU @ AF,09/12/2026 10:00 PM,https://dkn.gs/sports/images/cfb/teams/50/8274.png,NDSU @ AF,Night,CFB,9/12,Standard,CFB $20K Hook and Ladder [$5K to 1st] (Late Night);CFB $35K Late Night Snack [$10K to 1st] (Late Night);CFB $4K First Down (Late Night);CFB $3K Coffin Corner [Single Entry] (Late Night);CFB $2.4K Big House [Single Entry] (Late Night);CFB $2K Tailgate [3 Entry Max] (Late Night);CFB $50K Pocket Cup Qualifier #34 (Late Night);CFB $50K Pocket Cup Qualifier #35 (Late Night);CFB $1.8K Kick Return [Single Entry] (Late Night);CFB $1.5K Fourth Down Conversion (Late Night),195377008;195377010;195377006;195377018;195377004;195377009;195470707;195470708;195377016;195377011;195386816;195386815;195377007;195377014;195377005;195377012;195386812;195386809;195386808;195386810,"9/12 10:00PM, 4 Games"
Cade Osterman - Night,195377008;195377010;195377006;195377018;195377004;195377009;195470707;195470708;195377016;195377011;195386816;195386815;195377007;195377014;195377005;195377012;195386812;195386809;195386808;195386810,1452168,44083090,Cade Osterman,Cade,Osterman,3200,WR,NDSU,NDSU @ AF,09/12/2026 10:00 PM,,NDSU @ AF,Night,CFB,9/12,Standard,CFB $20K Hook and Ladder [$5K to 1st] (Late Night);CFB $35K Late Night Snack [$10K to 1st] (Late Night);CFB $4K First Down (Late Night);CFB $3K Coffin Corner [Single Entry] (Late Night);CFB $2.4K Big House [Single Entry] (Late Night);CFB $2K Tailgate [3 Entry Max] (Late Night);CFB $50K Pocket Cup Qualifier #34 (Late Night);CFB $50K Pocket Cup Qualifier #35 (Late Night);CFB $1.8K Kick Return [Single Entry] (Late Night);CFB $1.5K Fourth Down Conversion (Late Night),195377008;195377010;195377006;195377018;195377004;195377009;195470707;195470708;195377016;195377011;195386816;195386815;195377007;195377014;195377005;195377012;195386812;195386809;195386808;195386810,"9/12 10:00PM, 4 Games"
Ty Lockwood - Night,195377008;195377010;195377006;195377018;195377004;195377009;195470707;195470708;195377016;195377011;195386816;195386815;195377007;195377014;195377005;195377012;195386812;195386809;195386808;195386810,1440901,44083093,Ty Lockwood,Ty,Lockwood,3200,WR,ARK,ARK @ UTAH,09/12/2026 10:15 PM,https://dkn.gs/sports/images/cfb/teams/50/8175.png,ARK @ UTAH,Night,CFB,9/12,Standard,CFB $20K Hook and Ladder [$5K to 1st] (Late Night);CFB $35K Late Night Snack [$10K to 1st] (Late Night);CFB $4K First Down (Late Night);CFB $3K Coffin Corner [Single Entry] (Late Night);CFB $2.4K Big House [Single Entry] (Late Night);CFB $2K Tailgate [3 Entry Max] (Late Night);CFB $50K Pocket Cup Qualifier #34 (Late Night);CFB $50K Pocket Cup Qualifier #35 (Late Night);CFB $1.8K Kick Return [Single Entry] (Late Night);CFB $1.5K Fourth Down Conversion (Late Night),195377008;195377010;195377006;195377018;195377004;195377009;195470707;195470708;195377016;195377011;195386816;195386815;195377007;195377014;195377005;195377012;195386812;195386809;195386808;195386810,"9/12 10:00PM, 4 Games"
Nate Roberts - Showdown Captain Mode (Flex),195582379;195582460;195580463;195582104;195581991;195582352;195477619;195477613;195581177;195478126;195478125;195478124;195478123;195478122;195478121;195478120;195477985;195477986;195478032;195478034,1583992,44095747,Nate Roberts,Nate,Roberts,3200,WR,OSU,OSU @ TEX,09/12/2026 07:30 PM,https://dkn.gs/sports/images/cfb/teams/50/7874.png,OSU @ TEX,Showdown Captain Mode,CFB,9/12,Flex,"CFB Showdown $240 Huddle [Single Entry] (OSU @ TEX);CFB Showdown $100 Redshirt [Single Entry] (OSU @ TEX);CFB Showdown $408 Winner Take All [$1.5K to 1st, Must Fill] (OSU @ TEX);CFB Showdown $530 Winner Take All [Must Fill] (OSU @ TEX);CFB Showdown $50 Quarter Jukebox [Just $0.25!] (OSU @ TEX);CFB Showdown $267 Winner Take All [Must Fill] (OSU @ TEX);CFB Showdown Satellite to NHL 11-3 $555 Barn Burner [Must Fill] (OSU @ TEX);CFB Showdown $100 Winner Take All [$460 to 1st] (Must Fill) (OSU @ TEX);CFB Showdown Satellite to NHL 9-29 $15 Opening Night Puck Drop [Must Fill] (OSU @ TEX);CFB Showdown Satellite to CFB $555 Mid-Season Main Event (10-10) (OSU @ TEX)",195582379;195582460;195580463;195582104;195581991;195582352;195477619;195477613;195581177;195478126;195478125;195478124;195478123;195478122;195478121;195478120;195477985;195477986;195478032;195478034,9/12 7:30PM (OSU @ TEX)
Noah Bennee - Showdown Captain Mode (Flex),195476951;195476948;195476952;195477720;195477723;195476956;195477719;195477727;195477721;195476955;195477726;195476949;195476950;195476953;195476954;195567364;195477928;195477927;195477926;195477925,1381558,44095450,Noah Bennee,Noah,Bennee,3200,WR,UTAH,ARK @ UTAH,09/12/2026 10:15 PM,https://dkn.gs/sports/images/cfb/teams/50/8341.png,ARK @ UTAH,Showdown Captain Mode,CFB,9/12,Flex,"CFB Showdown $6K Air Raid [$2K to 1st] (ARK @ UTAH);CFB Showdown $720 Kick Return [Single Entry, Top 2 Win] (ARK @ UTAH);CFB Showdown $750 First Down (ARK @ UTAH);CFB Showdown $530 Winner Take All [Must Fill] (ARK @ UTAH);CFB Showdown $408 Winner Take All [$1.5K to 1st, Must Fill] (ARK @ UTAH);CFB Showdown $400 Coffin Corner [Single Entry] (ARK @ UTAH);CFB Showdown $267 Winner Take All [Must Fill] (ARK @ UTAH);CFB Showdown Satellite to NHL 11-3 $555 Barn Burner [Must Fill] (ARK @ UTAH);CFB Showdown $100 Winner Take All [$460 to 1st] (Must Fill) (ARK @ UTAH);CFB Showdown $155 White-Out [Single Entry] (ARK @ UTAH)",195476951;195476948;195476952;195477720;195477723;195476956;195477719;195477727;195477721;195476955;195477726;195476949;195476950;195476953;195476954;195567364;195477928;195477927;195477926;195477925,9/12 10:15PM (ARK @ UTAH)
Lyndon Ravare - Showdown Captain Mode (Flex),195476961;195476957;195477828;195476965;195477831;195477827;195476958;195477835;195477829;195476959;195477834;195476960;195476962;195476963;195476964;195477944;195477943;195477942;195477941;195477940,1519675,44095599,Lyndon Ravare,Lyndon,Ravare,3200,WR,NMST,NMST @ HAW,09/13/2026 12:00 AM,https://dkn.gs/sports/images/cfb/teams/50/7946.png,NMST @ HAW,Showdown Captain Mode,CFB,9/13,Flex,"CFB Showdown $4K Air Raid [$1K to 1st] (NMST @ HAW);CFB Showdown $720 Kick Return [Single Entry, Top 2 Win] (NMST @ HAW);CFB Showdown $530 Winner Take All [Must Fill] (NMST @ HAW);CFB Showdown $200 Redshirt [Single Entry] (NMST @ HAW);CFB Showdown $408 Winner Take All [$1.5K to 1st, Must Fill] (NMST @ HAW);CFB Showdown $267 Winner Take All [Must Fill] (NMST @ HAW);CFB Showdown $155 White-Out [Single Entry] (NMST @ HAW);CFB Showdown Satellite to NHL 11-3 $555 Barn Burner [Must Fill] (NMST @ HAW);CFB Showdown $100 Winner Take All [$460 to 1st] (Must Fill) (NMST @ HAW);CFB Showdown $310 Blitz [Single Entry] (NMST @ HAW)",195476961;195476957;195477828;195476965;195477831;195477827;195476958;195477835;195477829;195476959;195477834;195476960;195476962;195476963;195476964;195477944;195477943;195477942;195477941;195477940,9/13 12:00AM (NMST @ HAW)
Jerry Lydiatt - Night,195377008;195377010;195377006;195377018;195377004;195377009;195470707;195470708;195377016;195377011;195386816;195386815;195377007;195377014;195377005;195377012;195386812;195386809;195386808;195386810,1458949,44083096,Jerry Lydiatt,Jerry,Lydiatt,3100,WR,NMST,NMST @ HAW,09/13/2026 12:00 AM,https://dkn.gs/sports/images/cfb/teams/50/7946.png,NMST @ HAW,Night,CFB,9/13,Standard,CFB $20K Hook and Ladder [$5K to 1st] (Late Night);CFB $35K Late Night Snack [$10K to 1st] (Late Night);CFB $4K First Down (Late Night);CFB $3K Coffin Corner [Single Entry] (Late Night);CFB $2.4K Big House [Single Entry] (Late Night);CFB $2K Tailgate [3 Entry Max] (Late Night);CFB $50K Pocket Cup Qualifier #34 (Late Night);CFB $50K Pocket Cup Qualifier #35 (Late Night);CFB $1.8K Kick Return [Single Entry] (Late Night);CFB $1.5K Fourth Down Conversion (Late Night),195377008;195377010;195377006;195377018;195377004;195377009;195470707;195470708;195377016;195377011;195386816;195386815;195377007;195377014;195377005;195377012;195386812;195386809;195386808;195386810,"9/12 10:00PM, 4 Games"
Josiah Thomas - Night,195377008;195377010;195377006;195377018;195377004;195377009;195470707;195470708;195377016;195377011;195386816;195386815;195377007;195377014;195377005;195377012;195386812;195386809;195386808;195386810,1595600,44083099,Josiah Thomas,Josiah,Thomas,3100,WR,NMST,NMST @ HAW,09/13/2026 12:00 AM,https://dkn.gs/sports/images/cfb/teams/50/7946.png,NMST @ HAW,Night,CFB,9/13,Standard,CFB $20K Hook and Ladder [$5K to 1st] (Late Night);CFB $35K Late Night Snack [$10K to 1st] (Late Night);CFB $4K First Down (Late Night);CFB $3K Coffin Corner [Single Entry] (Late Night);CFB $2.4K Big House [Single Entry] (Late Night);CFB $2K Tailgate [3 Entry Max] (Late Night);CFB $50K Pocket Cup Qualifier #34 (Late Night);CFB $50K Pocket Cup Qualifier #35 (Late Night);CFB $1.8K Kick Return [Single Entry] (Late Night);CFB $1.5K Fourth Down Conversion (Late Night),195377008;195377010;195377006;195377018;195377004;195377009;195470707;195470708;195377016;195377011;195386816;195386815;195377007;195377014;195377005;195377012;195386812;195386809;195386808;195386810,"9/12 10:00PM, 4 Games"
Brodie Malone-Bradford - Night,195377008;195377010;195377006;195377018;195377004;195377009;195470707;195470708;195377016;195377011;195386816;195386815;195377007;195377014;195377005;195377012;195386812;195386809;195386808;195386810,1584646,44083102,Brodie Malone-Bradford,Brodie,Malone-Bradford,3100,WR,NMST,NMST @ HAW,09/13/2026 12:00 AM,https://dkn.gs/sports/images/cfb/teams/50/7946.png,NMST @ HAW,Night,CFB,9/13,Standard,CFB $20K Hook and Ladder [$5K to 1st] (Late Night);CFB $35K Late Night Snack [$10K to 1st] (Late Night);CFB $4K First Down (Late Night);CFB $3K Coffin Corner [Single Entry] (Late Night);CFB $2.4K Big House [Single Entry] (Late Night);CFB $2K Tailgate [3 Entry Max] (Late Night);CFB $50K Pocket Cup Qualifier #34 (Late Night);CFB $50K Pocket Cup Qualifier #35 (Late Night);CFB $1.8K Kick Return [Single Entry] (Late Night);CFB $1.5K Fourth Down Conversion (Late Night),195377008;195377010;195377006;195377018;195377004;195377009;195470707;195470708;195377016;195377011;195386816;195386815;195377007;195377014;195377005;195377012;195386812;195386809;195386808;195386810,"9/12 10:00PM, 4 Games"
Rahji Dennis - Night,195377008;195377010;195377006;195377018;195377004;195377009;195470707;195470708;195377016;195377011;195386816;195386815;195377007;195377014;195377005;195377012;195386812;195386809;195386808;195386810,1512785,44083105,Rahji Dennis,Rahji,Dennis,3100,WR,ULL,ULL @ USC,09/12/2026 11:00 PM,,ULL @ USC,Night,CFB,9/12,Standard,CFB $20K Hook and Ladder [$5K to 1st] (Late Night);CFB $35K Late Night Snack [$10K to 1st] (Late Night);CFB $4K First Down (Late Night);CFB $3K Coffin Corner [Single Entry] (Late Night);CFB $2.4K Big House [Single Entry] (Late Night);CFB $2K Tailgate [3 Entry Max] (Late Night);CFB $50K Pocket Cup Qualifier #34 (Late Night);CFB $50K Pocket Cup Qualifier #35 (Late Night);CFB $1.8K Kick Return [Single Entry] (Late Night);CFB $1.5K Fourth Down Conversion (Late Night),195377008;195377010;195377006;195377018;195377004;195377009;195470707;195470708;195377016;195377011;195386816;195386815;195377007;195377014;195377005;195377012;195386812;195386809;195386808;195386810,"9/12 10:00PM, 4 Games"
Taniela Tupou - Night,195377008;195377010;195377006;195377018;195377004;195377009;195470707;195470708;195377016;195377011;195386816;195386815;195377007;195377014;195377005;195377012;195386812;195386809;195386808;195386810,1586390,44083108,Taniela Tupou,Taniela,Tupou,3100,WR,USC,ULL @ USC,09/12/2026 11:00 PM,https://dkn.gs/sports/images/cfb/teams/50/8080.png,ULL @ USC,Night,CFB,9/12,Standard,CFB $20K Hook and Ladder [$5K to 1st] (Late Night);CFB $35K Late Night Snack [$10K to 1st] (Late Night);CFB $4K First Down (Late Night);CFB $3K Coffin Corner [Single Entry] (Late Night);CFB $2.4K Big House [Single Entry] (Late Night);CFB $2K Tailgate [3 Entry Max] (Late Night);CFB $50K Pocket Cup Qualifier #34 (Late Night);CFB $50K Pocket Cup Qualifier #35 (Late Night);CFB $1.8K Kick Return [Single Entry] (Late Night);CFB $1.5K Fourth Down Conversion (Late Night),195377008;195377010;195377006;195377018;195377004;195377009;195470707;195470708;195377016;195377011;195386816;195386815;195377007;195377014;195377005;195377012;195386812;195386809;195386808;195386810,"9/12 10:00PM, 4 Games"
Ethan Feaster - Night,195377008;195377010;195377006;195377018;195377004;195377009;195470707;195470708;195377016;195377011;195386816;195386815;195377007;195377014;195377005;195377012;195386812;195386809;195386808;195386810,1663650,44083111,Ethan Feaster,Ethan,Feaster,3100,WR,USC,ULL @ USC,09/12/2026 11:00 PM,https://dkn.gs/sports/images/cfb/teams/50/8080.png,ULL @ USC,Night,CFB,9/12,Standard,CFB $20K Hook and Ladder [$5K to 1st] (Late Night);CFB $35K Late Night Snack [$10K to 1st] (Late Night);CFB $4K First Down (Late Night);CFB $3K Coffin Corner [Single Entry] (Late Night);CFB $2.4K Big House [Single Entry] (Late Night);CFB $2K Tailgate [3 Entry Max] (Late Night);CFB $50K Pocket Cup Qualifier #34 (Late Night);CFB $50K Pocket Cup Qualifier #35 (Late Night);CFB $1.8K Kick Return [Single Entry] (Late Night);CFB $1.5K Fourth Down Conversion (Late Night),195377008;195377010;195377006;195377018;195377004;195377009;195470707;195470708;195377016;195377011;195386816;195386815;195377007;195377014;195377005;195377012;195386812;195386809;195386808;195386810,"9/12 10:00PM, 4 Games"
Donovan Faupel - Night,195377008;195377010;195377006;195377018;195377004;195377009;195470707;195470708;195377016;195377011;195386816;195386815;195377007;195377014;195377005;195377012;195386812;195386809;195386808;195386810,1457676,44083114,Donovan Faupel,Donovan,Faupel,3100,WR,ARK,ARK @ UTAH,09/12/2026 10:15 PM,https://dkn.gs/sports/images/cfb/teams/50/8175.png,ARK @ UTAH,Night,CFB,9/12,Standard,CFB $20K Hook and Ladder [$5K to 1st] (Late Night);CFB $35K Late Night Snack [$10K to 1st] (Late Night);CFB $4K First Down (Late Night);CFB $3K Coffin Corner [Single Entry] (Late Night);CFB $2.4K Big House [Single Entry] (Late Night);CFB $2K Tailgate [3 Entry Max] (Late Night);CFB $50K Pocket Cup Qualifier #34 (Late Night);CFB $50K Pocket Cup Qualifier #35 (Late Night);CFB $1.8K Kick Return [Single Entry] (Late Night);CFB $1.5K Fourth Down Conversion (Late Night),195377008;195377010;195377006;195377018;195377004;195377009;195470707;195470708;195377016;195377011;195386816;195386815;195377007;195377014;195377005;195377012;195386812;195386809;195386808;195386810,"9/12 10:00PM, 4 Games"
Mason Hayes - Night,195377008;195377010;195377006;195377018;195377004;195377009;195470707;195470708;195377016;195377011;195386816;195386815;195377007;195377014;195377005;195377012;195386812;195386809;195386808;195386810,1586535,44083117,Mason Hayes,Mason,Hayes,3100,WR,AF,NDSU @ AF,09/12/2026 10:00 PM,https://dkn.gs/sports/images/cfb/teams/50/8274.png,NDSU @ AF,Night,CFB,9/12,Standard,CFB $20K Hook and Ladder [$5K to 1st] (Late Night);CFB $35K Late Night Snack [$10K to 1st] (Late Night);CFB $4K First Down (Late Night);CFB $3K Coffin Corner [Single Entry] (Late Night);CFB $2.4K Big House [Single Entry] (Late Night);CFB $2K Tailgate [3 Entry Max] (Late Night);CFB $50K Pocket Cup Qualifier #34 (Late Night);CFB $50K Pocket Cup Qualifier #35 (Late Night);CFB $1.8K Kick Return [Single Entry] (Late Night);CFB $1.5K Fourth Down Conversion (Late Night),195377008;195377010;195377006;195377018;195377004;195377009;195470707;195470708;195377016;195377011;195386816;195386815;195377007;195377014;195377005;195377012;195386812;195386809;195386808;195386810,"9/12 10:00PM, 4 Games"
Devon Tauaefa - Night,195377008;195377010;195377006;195377018;195377004;195377009;195470707;195470708;195377016;195377011;195386816;195386815;195377007;195377014;195377005;195377012;195386812;195386809;195386808;195386810,1400527,44083120,Devon Tauaefa,Devon,Tauaefa,3100,WR,HAW,NMST @ HAW,09/13/2026 12:00 AM,https://dkn.gs/sports/images/cfb/teams/50/8316.png,NMST @ HAW,Night,CFB,9/13,Standard,CFB $20K Hook and Ladder [$5K to 1st] (Late Night);CFB $35K Late Night Snack [$10K to 1st] (Late Night);CFB $4K First Down (Late Night);CFB $3K Coffin Corner [Single Entry] (Late Night);CFB $2.4K Big House [Single Entry] (Late Night);CFB $2K Tailgate [3 Entry Max] (Late Night);CFB $50K Pocket Cup Qualifier #34 (Late Night);CFB $50K Pocket Cup Qualifier #35 (Late Night);CFB $1.8K Kick Return [Single Entry] (Late Night);CFB $1.5K Fourth Down Conversion (Late Night),195377008;195377010;195377006;195377018;195377004;195377009;195470707;195470708;195377016;195377011;195386816;195386815;195377007;195377014;195377005;195377012;195386812;195386809;195386808;195386810,"9/12 10:00PM, 4 Games"
Carson Brown - Night,195377008;195377010;195377006;195377018;195377004;195377009;195470707;195470708;195377016;195377011;195386816;195386815;195377007;195377014;195377005;195377012;195386812;195386809;195386808;195386810,1390931,44083123,Carson Brown,Carson,Brown,3100,WR,HAW,NMST @ HAW,09/13/2026 12:00 AM,https://dkn.gs/sports/images/cfb/teams/50/8316.png,NMST @ HAW,Night,CFB,9/13,Standard,CFB $20K Hook and Ladder [$5K to 1st] (Late Night);CFB $35K Late Night Snack [$10K to 1st] (Late Night);CFB $4K First Down (Late Night);CFB $3K Coffin Corner [Single Entry] (Late Night);CFB $2.4K Big House [Single Entry] (Late Night);CFB $2K Tailgate [3 Entry Max] (Late Night);CFB $50K Pocket Cup Qualifier #34 (Late Night);CFB $50K Pocket Cup Qualifier #35 (Late Night);CFB $1.8K Kick Return [Single Entry] (Late Night);CFB $1.5K Fourth Down Conversion (Late Night),195377008;195377010;195377006;195377018;195377004;195377009;195470707;195470708;195377016;195377011;195386816;195386815;195377007;195377014;195377005;195377012;195386812;195386809;195386808;195386810,"9/12 10:00PM, 4 Games"
Tobias Merriweather - Night,195377008;195377010;195377006;195377018;195377004;195377009;195470707;195470708;195377016;195377011;195386816;195386815;195377007;195377014;195377005;195377012;195386812;195386809;195386808;195386810,1403976,44083126,Tobias Merriweather,Tobias,Merriweather,3100,WR,UTAH,ARK @ UTAH,09/12/2026 10:15 PM,https://dkn.gs/sports/images/cfb/teams/50/8341.png,ARK @ UTAH,Night,CFB,9/12,Standard,CFB $20K Hook and Ladder [$5K to 1st] (Late Night);CFB $35K Late Night Snack [$10K to 1st] (Late Night);CFB $4K First Down (Late Night);CFB $3K Coffin Corner [Single Entry] (Late Night);CFB $2.4K Big House [Single Entry] (Late Night);CFB $2K Tailgate [3 Entry Max] (Late Night);CFB $50K Pocket Cup Qualifier #34 (Late Night);CFB $50K Pocket Cup Qualifier #35 (Late Night);CFB $1.8K Kick Return [Single Entry] (Late Night);CFB $1.5K Fourth Down Conversion (Late Night),195377008;195377010;195377006;195377018;195377004;195377009;195470707;195470708;195377016;195377011;195386816;195386815;195377007;195377014;195377005;195377012;195386812;195386809;195386808;195386810,"9/12 10:00PM, 4 Games"
Mana Carvalho - Night,195377008;195377010;195377006;195377018;195377004;195377009;195470707;195470708;195377016;195377011;195386816;195386815;195377007;195377014;195377005;195377012;195386812;195386809;195386808;195386810,1582991,44083129,Mana Carvalho,Mana,Carvalho,3100,WR,UTAH,ARK @ UTAH,09/12/2026 10:15 PM,https://dkn.gs/sports/images/cfb/teams/50/8341.png,ARK @ UTAH,Night,CFB,9/12,Standard,CFB $20K Hook and Ladder [$5K to 1st] (Late Night);CFB $35K Late Night Snack [$10K to 1st] (Late Night);CFB $4K First Down (Late Night);CFB $3K Coffin Corner [Single Entry] (Late Night);CFB $2.4K Big House [Single Entry] (Late Night);CFB $2K Tailgate [3 Entry Max] (Late Night);CFB $50K Pocket Cup Qualifier #34 (Late Night);CFB $50K Pocket Cup Qualifier #35 (Late Night);CFB $1.8K Kick Return [Single Entry] (Late Night);CFB $1.5K Fourth Down Conversion (Late Night),195377008;195377010;195377006;195377018;195377004;195377009;195470707;195470708;195377016;195377011;195386816;195386815;195377007;195377014;195377005;195377012;195386812;195386809;195386808;195386810,"9/12 10:00PM, 4 Games"
Kaden Zenzen - Night,195377008;195377010;195377006;195377018;195377004;195377009;195470707;195470708;195377016;195377011;195386816;195386815;195377007;195377014;195377005;195377012;195386812;195386809;195386808;195386810,1407541,44083132,Kaden Zenzen,Kaden,Zenzen,3100,WR,NDSU,NDSU @ AF,09/12/2026 10:00 PM,,NDSU @ AF,Night,CFB,9/12,Standard,CFB $20K Hook and Ladder [$5K to 1st] (Late Night);CFB $35K Late Night Snack [$10K to 1st] (Late Night);CFB $4K First Down (Late Night);CFB $3K Coffin Corner [Single Entry] (Late Night);CFB $2.4K Big House [Single Entry] (Late Night);CFB $2K Tailgate [3 Entry Max] (Late Night);CFB $50K Pocket Cup Qualifier #34 (Late Night);CFB $50K Pocket Cup Qualifier #35 (Late Night);CFB $1.8K Kick Return [Single Entry] (Late Night);CFB $1.5K Fourth Down Conversion (Late Night),195377008;195377010;195377006;195377018;195377004;195377009;195470707;195470708;195377016;195377011;195386816;195386815;195377007;195377014;195377005;195377012;195386812;195386809;195386808;195386810,"9/12 10:00PM, 4 Games"
Logan Conklin - Night,195377008;195377010;195377006;195377018;195377004;195377009;195470707;195470708;195377016;195377011;195386816;195386815;195377007;195377014;195377005;195377012;195386812;195386809;195386808;195386810,1528248,44083135,Logan Conklin,Logan,Conklin,3100,WR,NDSU,NDSU @ AF,09/12/2026 10:00 PM,,NDSU @ AF,Night,CFB,9/12,Standard,CFB $20K Hook and Ladder [$5K to 1st] (Late Night);CFB $35K Late Night Snack [$10K to 1st] (Late Night);CFB $4K First Down (Late Night);CFB $3K Coffin Corner [Single Entry] (Late Night);CFB $2.4K Big House [Single Entry] (Late Night);CFB $2K Tailgate [3 Entry Max] (Late Night);CFB $50K Pocket Cup Qualifier #34 (Late Night);CFB $50K Pocket Cup Qualifier #35 (Late Night);CFB $1.8K Kick Return [Single Entry] (Late Night);CFB $1.5K Fourth Down Conversion (Late Night),195377008;195377010;195377006;195377018;195377004;195377009;195470707;195470708;195377016;195377011;195386816;195386815;195377007;195377014;195377005;195377012;195386812;195386809;195386808;195386810,"9/12 10:00PM, 4 Games"
Carson Su'esu'e - Night,195377008;195377010;195377006;195377018;195377004;195377009;195470707;195470708;195377016;195377011;195386816;195386815;195377007;195377014;195377005;195377012;195386812;195386809;195386808;195386810,1593718,44083138,Carson Su'esu'e,Carson,Su'esu'e,3000,WR,NMST,NMST @ HAW,09/13/2026 12:00 AM,https://dkn.gs/sports/images/cfb/teams/50/7946.png,NMST @ HAW,Night,CFB,9/13,Standard,CFB $20K Hook and Ladder [$5K to 1st] (Late Night);CFB $35K Late Night Snack [$10K to 1st] (Late Night);CFB $4K First Down (Late Night);CFB $3K Coffin Corner [Single Entry] (Late Night);CFB $2.4K Big House [Single Entry] (Late Night);CFB $2K Tailgate [3 Entry Max] (Late Night);CFB $50K Pocket Cup Qualifier #34 (Late Night);CFB $50K Pocket Cup Qualifier #35 (Late Night);CFB $1.8K Kick Return [Single Entry] (Late Night);CFB $1.5K Fourth Down Conversion (Late Night),195377008;195377010;195377006;195377018;195377004;195377009;195470707;195470708;195377016;195377011;195386816;195386815;195377007;195377014;195377005;195377012;195386812;195386809;195386808;195386810,"9/12 10:00PM, 4 Games"
Ray Lotten - Night,195377008;195377010;195377006;195377018;195377004;195377009;195470707;195470708;195377016;195377011;195386816;195386815;195377007;195377014;195377005;195377012;195386812;195386809;195386808;195386810,1456564,44083141,Ray Lotten,Ray,Lotten,3000,WR,NMST,NMST @ HAW,09/13/2026 12:00 AM,https://dkn.gs/sports/images/cfb/teams/50/7946.png,NMST @ HAW,Night,CFB,9/13,Standard,CFB $20K Hook and Ladder [$5K to 1st] (Late Night);CFB $35K Late Night Snack [$10K to 1st] (Late Night);CFB $4K First Down (Late Night);CFB $3K Coffin Corner [Single Entry] (Late Night);CFB $2.4K Big House [Single Entry] (Late Night);CFB $2K Tailgate [3 Entry Max] (Late Night);CFB $50K Pocket Cup Qualifier #34 (Late Night);CFB $50K Pocket Cup Qualifier #35 (Late Night);CFB $1.8K Kick Return [Single Entry] (Late Night);CFB $1.5K Fourth Down Conversion (Late Night),195377008;195377010;195377006;195377018;195377004;195377009;195470707;195470708;195377016;195377011;195386816;195386815;195377007;195377014;195377005;195377012;195386812;195386809;195386808;195386810,"9/12 10:00PM, 4 Games"
Duke Frye - Night,195377008;195377010;195377006;195377018;195377004;195377009;195470707;195470708;195377016;195377011;195386816;195386815;195377007;195377014;195377005;195377012;195386812;195386809;195386808;195386810,1404413,44083144,Duke Frye,Duke,Frye,3000,WR,NMST,NMST @ HAW,09/13/2026 12:00 AM,https://dkn.gs/sports/images/cfb/teams/50/7946.png,NMST @ HAW,Night,CFB,9/13,Standard,CFB $20K Hook and Ladder [$5K to 1st] (Late Night);CFB $35K Late Night Snack [$10K to 1st] (Late Night);CFB $4K First Down (Late Night);CFB $3K Coffin Corner [Single Entry] (Late Night);CFB $2.4K Big House [Single Entry] (Late Night);CFB $2K Tailgate [3 Entry Max] (Late Night);CFB $50K Pocket Cup Qualifier #34 (Late Night);CFB $50K Pocket Cup Qualifier #35 (Late Night);CFB $1.8K Kick Return [Single Entry] (Late Night);CFB $1.5K Fourth Down Conversion (Late Night),195377008;195377010;195377006;195377018;195377004;195377009;195470707;195470708;195377016;195377011;195386816;195386815;195377007;195377014;195377005;195377012;195386812;195386809;195386808;195386810,"9/12 10:00PM, 4 Games"
Luke Lopez - Night,195377008;195377010;195377006;195377018;195377004;195377009;195470707;195470708;195377016;195377011;195386816;195386815;195377007;195377014;195377005;195377012;195386812;195386809;195386808;195386810,1652694,44083147,Luke Lopez,Luke,Lopez,3000,WR,NMST,NMST @ HAW,09/13/2026 12:00 AM,https://dkn.gs/sports/images/cfb/teams/50/7946.png,NMST @ HAW,Night,CFB,9/13,Standard,CFB $20K Hook and Ladder [$5K to 1st] (Late Night);CFB $35K Late Night Snack [$10K to 1st] (Late Night);CFB $4K First Down (Late Night);CFB $3K Coffin Corner [Single Entry] (Late Night);CFB $2.4K Big House [Single Entry] (Late Night);CFB $2K Tailgate [3 Entry Max] (Late Night);CFB $50K Pocket Cup Qualifier #34 (Late Night);CFB $50K Pocket Cup Qualifier #35 (Late Night);CFB $1.8K Kick Return [Single Entry] (Late Night);CFB $1.5K Fourth Down Conversion (Late Night),195377008;195377010;195377006;195377018;195377004;195377009;195470707;195470708;195377016;195377011;195386816;195386815;195377007;195377014;195377005;195377012;195386812;195386809;195386808;195386810,"9/12 10:00PM, 4 Games"
Joshua Goines - Night,195377008;195377010;195377006;195377018;195377004;195377009;195470707;195470708;195377016;195377011;195386816;195386815;195377007;195377014;195377005;195377012;195386812;195386809;195386808;195386810,1448273,44083150,Joshua Goines,Joshua,Goines,3000,WR,NMST,NMST @ HAW,09/13/2026 12:00 AM,https://dkn.gs/sports/images/cfb/teams/50/7946.png,NMST @ HAW,Night,CFB,9/13,Standard,CFB $20K Hook and Ladder [$5K to 1st] (Late Night);CFB $35K Late Night Snack [$10K to 1st] (Late Night);CFB $4K First Down (Late Night);CFB $3K Coffin Corner [Single Entry] (Late Night);CFB $2.4K Big House [Single Entry] (Late Night);CFB $2K Tailgate [3 Entry Max] (Late Night);CFB $50K Pocket Cup Qualifier #34 (Late Night);CFB $50K Pocket Cup Qualifier #35 (Late Night);CFB $1.8K Kick Return [Single Entry] (Late Night);CFB $1.5K Fourth Down Conversion (Late Night),195377008;195377010;195377006;195377018;195377004;195377009;195470707;195470708;195377016;195377011;195386816;195386815;195377007;195377014;195377005;195377012;195386812;195386809;195386808;195386810,"9/12 10:00PM, 4 Games"
Jayden Bell - Night,195377008;195377010;195377006;195377018;195377004;195377009;195470707;195470708;195377016;195377011;195386816;195386815;195377007;195377014;195377005;195377012;195386812;195386809;195386808;195386810,1457683,44083153,Jayden Bell,Jayden,Bell,3000,WR,NMST,NMST @ HAW,09/13/2026 12:00 AM,https://dkn.gs/sports/images/cfb/teams/50/7946.png,NMST @ HAW,Night,CFB,9/13,Standard,CFB $20K Hook and Ladder [$5K to 1st] (Late Night);CFB $35K Late Night Snack [$10K to 1st] (Late Night);CFB $4K First Down (Late Night);CFB $3K Coffin Corner [Single Entry] (Late Night);CFB $2.4K Big House [Single Entry] (Late Night);CFB $2K Tailgate [3 Entry Max] (Late Night);CFB $50K Pocket Cup Qualifier #34 (Late Night);CFB $50K Pocket Cup Qualifier #35 (Late Night);CFB $1.8K Kick Return [Single Entry] (Late Night);CFB $1.5K Fourth Down Conversion (Late Night),195377008;195377010;195377006;195377018;195377004;195377009;195470707;195470708;195377016;195377011;195386816;195386815;195377007;195377014;195377005;195377012;195386812;195386809;195386808;195386810,"9/12 10:00PM, 4 Games"
Izeyah Wright - Night,195377008;195377010;195377006;195377018;195377004;195377009;195470707;195470708;195377016;195377011;195386816;195386815;195377007;195377014;195377005;195377012;195386812;195386809;195386808;195386810,1516959,44083156,Izeyah Wright,Izeyah,Wright,3000,WR,NMST,NMST @ HAW,09/13/2026 12:00 AM,https://dkn.gs/sports/images/cfb/teams/50/7946.png,NMST @ HAW,Night,CFB,9/13,Standard,CFB $20K Hook and Ladder [$5K to 1st] (Late Night);CFB $35K Late Night Snack [$10K to 1st] (Late Night);CFB $4K First Down (Late Night);CFB $3K Coffin Corner [Single Entry] (Late Night);CFB $2.4K Big House [Single Entry] (Late Night);CFB $2K Tailgate [3 Entry Max] (Late Night);CFB $50K Pocket Cup Qualifier #34 (Late Night);CFB $50K Pocket Cup Qualifier #35 (Late Night);CFB $1.8K Kick Return [Single Entry] (Late Night);CFB $1.5K Fourth Down Conversion (Late Night),195377008;195377010;195377006;195377018;195377004;195377009;195470707;195470708;195377016;195377011;195386816;195386815;195377007;195377014;195377005;195377012;195386812;195386809;195386808;195386810,"9/12 10:00PM, 4 Games"
AJ Carey - Night,195377008;195377010;195377006;195377018;195377004;195377009;195470707;195470708;195377016;195377011;195386816;195386815;195377007;195377014;195377005;195377012;195386812;195386809;195386808;195386810,1652693,44083159,AJ Carey,AJ,Carey,3000,WR,NMST,NMST @ HAW,09/13/2026 12:00 AM,https://dkn.gs/sports/images/cfb/teams/50/7946.png,NMST @ HAW,Night,CFB,9/13,Standard,CFB $20K Hook and Ladder [$5K to 1st] (Late Night);CFB $35K Late Night Snack [$10K to 1st] (Late Night);CFB $4K First Down (Late Night);CFB $3K Coffin Corner [Single Entry] (Late Night);CFB $2.4K Big House [Single Entry] (Late Night);CFB $2K Tailgate [3 Entry Max] (Late Night);CFB $50K Pocket Cup Qualifier #34 (Late Night);CFB $50K Pocket Cup Qualifier #35 (Late Night);CFB $1.8K Kick Return [Single Entry] (Late Night);CFB $1.5K Fourth Down Conversion (Late Night),195377008;195377010;195377006;195377018;195377004;195377009;195470707;195470708;195377016;195377011;195386816;195386815;195377007;195377014;195377005;195377012;195386812;195386809;195386808;195386810,"9/12 10:00PM, 4 Games"
Kaden Trevino - Night,195377008;195377010;195377006;195377018;195377004;195377009;195470707;195470708;195377016;195377011;195386816;195386815;195377007;195377014;195377005;195377012;195386812;195386809;195386808;195386810,1458936,44083162,Kaden Trevino,Kaden,Trevino,3000,WR,NMST,NMST @ HAW,09/13/2026 12:00 AM,https://dkn.gs/sports/images/cfb/teams/50/7946.png,NMST @ HAW,Night,CFB,9/13,Standard,CFB $20K Hook and Ladder [$5K to 1st] (Late Night);CFB $35K Late Night Snack [$10K to 1st] (Late Night);CFB $4K First Down (Late Night);CFB $3K Coffin Corner [Single Entry] (Late Night);CFB $2.4K Big House [Single Entry] (Late Night);CFB $2K Tailgate [3 Entry Max] (Late Night);CFB $50K Pocket Cup Qualifier #34 (Late Night);CFB $50K Pocket Cup Qualifier #35 (Late Night);CFB $1.8K Kick Return [Single Entry] (Late Night);CFB $1.5K Fourth Down Conversion (Late Night),195377008;195377010;195377006;195377018;195377004;195377009;195470707;195470708;195377016;195377011;195386816;195386815;195377007;195377014;195377005;195377012;195386812;195386809;195386808;195386810,"9/12 10:00PM, 4 Games"
Josiah Castillo - Night,195377008;195377010;195377006;195377018;195377004;195377009;195470707;195470708;195377016;195377011;195386816;195386815;195377007;195377014;195377005;195377012;195386812;195386809;195386808;195386810,1652695,44083165,Josiah Castillo,Josiah,Castillo,3000,WR,NMST,NMST @ HAW,09/13/2026 12:00 AM,https://dkn.gs/sports/images/cfb/teams/50/7946.png,NMST @ HAW,Night,CFB,9/13,Standard,CFB $20K Hook and Ladder [$5K to 1st] (Late Night);CFB $35K Late Night Snack [$10K to 1st] (Late Night);CFB $4K First Down (Late Night);CFB $3K Coffin Corner [Single Entry] (Late Night);CFB $2.4K Big House [Single Entry] (Late Night);CFB $2K Tailgate [3 Entry Max] (Late Night);CFB $50K Pocket Cup Qualifier #34 (Late Night);CFB $50K Pocket Cup Qualifier #35 (Late Night);CFB $1.8K Kick Return [Single Entry] (Late Night);CFB $1.5K Fourth Down Conversion (Late Night),195377008;195377010;195377006;195377018;195377004;195377009;195470707;195470708;195377016;195377011;195386816;195386815;195377007;195377014;195377005;195377012;195386812;195386809;195386808;195386810,"9/12 10:00PM, 4 Games"
JaDarius Sanders - Night,195377008;195377010;195377006;195377018;195377004;195377009;195470707;195470708;195377016;195377011;195386816;195386815;195377007;195377014;195377005;195377012;195386812;195386809;195386808;195386810,1652692,44083168,JaDarius Sanders,JaDarius,Sanders,3000,WR,NMST,NMST @ HAW,09/13/2026 12:00 AM,https://dkn.gs/sports/images/cfb/teams/50/7946.png,NMST @ HAW,Night,CFB,9/13,Standard,CFB $20K Hook and Ladder [$5K to 1st] (Late Night);CFB $35K Late Night Snack [$10K to 1st] (Late Night);CFB $4K First Down (Late Night);CFB $3K Coffin Corner [Single Entry] (Late Night);CFB $2.4K Big House [Single Entry] (Late Night);CFB $2K Tailgate [3 Entry Max] (Late Night);CFB $50K Pocket Cup Qualifier #34 (Late Night);CFB $50K Pocket Cup Qualifier #35 (Late Night);CFB $1.8K Kick Return [Single Entry] (Late Night);CFB $1.5K Fourth Down Conversion (Late Night),195377008;195377010;195377006;195377018;195377004;195377009;195470707;195470708;195377016;195377011;195386816;195386815;195377007;195377014;195377005;195377012;195386812;195386809;195386808;195386810,"9/12 10:00PM, 4 Games"
Jaylen Stokes - Night,195377008;195377010;195377006;195377018;195377004;195377009;195470707;195470708;195377016;195377011;195386816;195386815;195377007;195377014;195377005;195377012;195386812;195386809;195386808;195386810,1652651,44083171,Jaylen Stokes,Jaylen,Stokes,3000,WR,NMST,NMST @ HAW,09/13/2026 12:00 AM,https://dkn.gs/sports/images/cfb/teams/50/7946.png,NMST @ HAW,Night,CFB,9/13,Standard,CFB $20K Hook and Ladder [$5K to 1st] (Late Night);CFB $35K Late Night Snack [$10K to 1st] (Late Night);CFB $4K First Down (Late Night);CFB $3K Coffin Corner [Single Entry] (Late Night);CFB $2.4K Big House [Single Entry] (Late Night);CFB $2K Tailgate [3 Entry Max] (Late Night);CFB $50K Pocket Cup Qualifier #34 (Late Night);CFB $50K Pocket Cup Qualifier #35 (Late Night);CFB $1.8K Kick Return [Single Entry] (Late Night);CFB $1.5K Fourth Down Conversion (Late Night),195377008;195377010;195377006;195377018;195377004;195377009;195470707;195470708;195377016;195377011;195386816;195386815;195377007;195377014;195377005;195377012;195386812;195386809;195386808;195386810,"9/12 10:00PM, 4 Games"
Quandre Coates - Night,195377008;195377010;195377006;195377018;195377004;195377009;195470707;195470708;195377016;195377011;195386816;195386815;195377007;195377014;195377005;195377012;195386812;195386809;195386808;195386810,1591819,44083174,Quandre Coates,Quandre,Coates,3000,WR,ULL,ULL @ USC,09/12/2026 11:00 PM,,ULL @ USC,Night,CFB,9/12,Standard,CFB $20K Hook and Ladder [$5K to 1st] (Late Night);CFB $35K Late Night Snack [$10K to 1st] (Late Night);CFB $4K First Down (Late Night);CFB $3K Coffin Corner [Single Entry] (Late Night);CFB $2.4K Big House [Single Entry] (Late Night);CFB $2K Tailgate [3 Entry Max] (Late Night);CFB $50K Pocket Cup Qualifier #34 (Late Night);CFB $50K Pocket Cup Qualifier #35 (Late Night);CFB $1.8K Kick Return [Single Entry] (Late Night);CFB $1.5K Fourth Down Conversion (Late Night),195377008;195377010;195377006;195377018;195377004;195377009;195470707;195470708;195377016;195377011;195386816;195386815;195377007;195377014;195377005;195377012;195386812;195386809;195386808;195386810,"9/12 10:00PM, 4 Games"
Emiliano Soldevilla - Night,195377008;195377010;195377006;195377018;195377004;195377009;195470707;195470708;195377016;195377011;195386816;195386815;195377007;195377014;195377005;195377012;195386812;195386809;195386808;195386810,1461930,44083177,Emiliano Soldevilla,Emiliano,Soldevilla,3000,WR,ULL,ULL @ USC,09/12/2026 11:00 PM,,ULL @ USC,Night,CFB,9/12,Standard,CFB $20K Hook and Ladder [$5K to 1st] (Late Night);CFB $35K Late Night Snack [$10K to 1st] (Late Night);CFB $4K First Down (Late Night);CFB $3K Coffin Corner [Single Entry] (Late Night);CFB $2.4K Big House [Single Entry] (Late Night);CFB $2K Tailgate [3 Entry Max] (Late Night);CFB $50K Pocket Cup Qualifier #34 (Late Night);CFB $50K Pocket Cup Qualifier #35 (Late Night);CFB $1.8K Kick Return [Single Entry] (Late Night);CFB $1.5K Fourth Down Conversion (Late Night),195377008;195377010;195377006;195377018;195377004;195377009;195470707;195470708;195377016;195377011;195386816;195386815;195377007;195377014;195377005;195377012;195386812;195386809;195386808;195386810,"9/12 10:00PM, 4 Games"
Brock Chappell - Night,195377008;195377010;195377006;195377018;195377004;195377009;195470707;195470708;195377016;195377011;195386816;195386815;195377007;195377014;195377005;195377012;195386812;195386809;195386808;195386810,1460849,44083180,Brock Chappell,Brock,Chappell,3000,WR,ULL,ULL @ USC,09/12/2026 11:00 PM,,ULL @ USC,Night,CFB,9/12,Standard,CFB $20K Hook and Ladder [$5K to 1st] (Late Night);CFB $35K Late Night Snack [$10K to 1st] (Late Night);CFB $4K First Down (Late Night);CFB $3K Coffin Corner [Single Entry] (Late Night);CFB $2.4K Big House [Single Entry] (Late Night);CFB $2K Tailgate [3 Entry Max] (Late Night);CFB $50K Pocket Cup Qualifier #34 (Late Night);CFB $50K Pocket Cup Qualifier #35 (Late Night);CFB $1.8K Kick Return [Single Entry] (Late Night);CFB $1.5K Fourth Down Conversion (Late Night),195377008;195377010;195377006;195377018;195377004;195377009;195470707;195470708;195377016;195377011;195386816;195386815;195377007;195377014;195377005;195377012;195386812;195386809;195386808;195386810,"9/12 10:00PM, 4 Games"
Khristian Mackintrush - Night,195377008;195377010;195377006;195377018;195377004;195377009;195470707;195470708;195377016;195377011;195386816;195386815;195377007;195377014;195377005;195377012;195386812;195386809;195386808;195386810,1591814,44083183,Khristian Mackintrush,Khristian,Mackintrush,3000,WR,ULL,ULL @ USC,09/12/2026 11:00 PM,,ULL @ USC,Night,CFB,9/12,Standard,CFB $20K Hook and Ladder [$5K to 1st] (Late Night);CFB $35K Late Night Snack [$10K to 1st] (Late Night);CFB $4K First Down (Late Night);CFB $3K Coffin Corner [Single Entry] (Late Night);CFB $2.4K Big House [Single Entry] (Late Night);CFB $2K Tailgate [3 Entry Max] (Late Night);CFB $50K Pocket Cup Qualifier #34 (Late Night);CFB $50K Pocket Cup Qualifier #35 (Late Night);CFB $1.8K Kick Return [Single Entry] (Late Night);CFB $1.5K Fourth Down Conversion (Late Night),195377008;195377010;195377006;195377018;195377004;195377009;195470707;195470708;195377016;195377011;195386816;195386815;195377007;195377014;195377005;195377012;195386812;195386809;195386808;195386810,"9/12 10:00PM, 4 Games"
Aiden Falgout - Night,195377008;195377010;195377006;195377018;195377004;195377009;195470707;195470708;195377016;195377011;195386816;195386815;195377007;195377014;195377005;195377012;195386812;195386809;195386808;195386810,1591809,44083186,Aiden Falgout,Aiden,Falgout,3000,WR,ULL,ULL @ USC,09/12/2026 11:00 PM,,ULL @ USC,Night,CFB,9/12,Standard,CFB $20K Hook and Ladder [$5K to 1st] (Late Night);CFB $35K Late Night Snack [$10K to 1st] (Late Night);CFB $4K First Down (Late Night);CFB $3K Coffin Corner [Single Entry] (Late Night);CFB $2.4K Big House [Single Entry] (Late Night);CFB $2K Tailgate [3 Entry Max] (Late Night);CFB $50K Pocket Cup Qualifier #34 (Late Night);CFB $50K Pocket Cup Qualifier #35 (Late Night);CFB $1.8K Kick Return [Single Entry] (Late Night);CFB $1.5K Fourth Down Conversion (Late Night),195377008;195377010;195377006;195377018;195377004;195377009;195470707;195470708;195377016;195377011;195386816;195386815;195377007;195377014;195377005;195377012;195386812;195386809;195386808;195386810,"9/12 10:00PM, 4 Games"
Jerry Birdlow - Night,195377008;195377010;195377006;195377018;195377004;195377009;195470707;195470708;195377016;195377011;195386816;195386815;195377007;195377014;195377005;195377012;195386812;195386809;195386808;195386810,1653169,44083189,Jerry Birdlow,Jerry,Birdlow,3000,WR,ULL,ULL @ USC,09/12/2026 11:00 PM,,ULL @ USC,Night,CFB,9/12,Standard,CFB $20K Hook and Ladder [$5K to 1st] (Late Night);CFB $35K Late Night Snack [$10K to 1st] (Late Night);CFB $4K First Down (Late Night);CFB $3K Coffin Corner [Single Entry] (Late Night);CFB $2.4K Big House [Single Entry] (Late Night);CFB $2K Tailgate [3 Entry Max] (Late Night);CFB $50K Pocket Cup Qualifier #34 (Late Night);CFB $50K Pocket Cup Qualifier #35 (Late Night);CFB $1.8K Kick Return [Single Entry] (Late Night);CFB $1.5K Fourth Down Conversion (Late Night),195377008;195377010;195377006;195377018;195377004;195377009;195470707;195470708;195377016;195377011;195386816;195386815;195377007;195377014;195377005;195377012;195386812;195386809;195386808;195386810,"9/12 10:00PM, 4 Games"
Russell Babineaux - Night,195377008;195377010;195377006;195377018;195377004;195377009;195470707;195470708;195377016;195377011;195386816;195386815;195377007;195377014;195377005;195377012;195386812;195386809;195386808;195386810,1591799,44083192,Russell Babineaux,Russell,Babineaux,3000,WR,ULL,ULL @ USC,09/12/2026 11:00 PM,,ULL @ USC,Night,CFB,9/12,Standard,CFB $20K Hook and Ladder [$5K to 1st] (Late Night);CFB $35K Late Night Snack [$10K to 1st] (Late Night);CFB $4K First Down (Late Night);CFB $3K Coffin Corner [Single Entry] (Late Night);CFB $2.4K Big House [Single Entry] (Late Night);CFB $2K Tailgate [3 Entry Max] (Late Night);CFB $50K Pocket Cup Qualifier #34 (Late Night);CFB $50K Pocket Cup Qualifier #35 (Late Night);CFB $1.8K Kick Return [Single Entry] (Late Night);CFB $1.5K Fourth Down Conversion (Late Night),195377008;195377010;195377006;195377018;195377004;195377009;195470707;195470708;195377016;195377011;195386816;195386815;195377007;195377014;195377005;195377012;195386812;195386809;195386808;195386810,"9/12 10:00PM, 4 Games"
Kristion Brooks - Night,195377008;195377010;195377006;195377018;195377004;195377009;195470707;195470708;195377016;195377011;195386816;195386815;195377007;195377014;195377005;195377012;195386812;195386809;195386808;195386810,1653171,44083195,Kristion Brooks,Kristion,Brooks,3000,WR,ULL,ULL @ USC,09/12/2026 11:00 PM,,ULL @ USC,Night,CFB,9/12,Standard,CFB $20K Hook and Ladder [$5K to 1st] (Late Night);CFB $35K Late Night Snack [$10K to 1st] (Late Night);CFB $4K First Down (Late Night);CFB $3K Coffin Corner [Single Entry] (Late Night);CFB $2.4K Big House [Single Entry] (Late Night);CFB $2K Tailgate [3 Entry Max] (Late Night);CFB $50K Pocket Cup Qualifier #34 (Late Night);CFB $50K Pocket Cup Qualifier #35 (Late Night);CFB $1.8K Kick Return [Single Entry] (Late Night);CFB $1.5K Fourth Down Conversion (Late Night),195377008;195377010;195377006;195377018;195377004;195377009;195470707;195470708;195377016;195377011;195386816;195386815;195377007;195377014;195377005;195377012;195386812;195386809;195386808;195386810,"9/12 10:00PM, 4 Games"
Jaydon Johnson - Night,195377008;195377010;195377006;195377018;195377004;195377009;195470707;195470708;195377016;195377011;195386816;195386815;195377007;195377014;195377005;195377012;195386812;195386809;195386808;195386810,1389143,44083198,Jaydon Johnson,Jaydon,Johnson,3000,WR,ULL,ULL @ USC,09/12/2026 11:00 PM,,ULL @ USC,Night,CFB,9/12,Standard,CFB $20K Hook and Ladder [$5K to 1st] (Late Night);CFB $35K Late Night Snack [$10K to 1st] (Late Night);CFB $4K First Down (Late Night);CFB $3K Coffin Corner [Single Entry] (Late Night);CFB $2.4K Big House [Single Entry] (Late Night);CFB $2K Tailgate [3 Entry Max] (Late Night);CFB $50K Pocket Cup Qualifier #34 (Late Night);CFB $50K Pocket Cup Qualifier #35 (Late Night);CFB $1.8K Kick Return [Single Entry] (Late Night);CFB $1.5K Fourth Down Conversion (Late Night),195377008;195377010;195377006;195377018;195377004;195377009;195470707;195470708;195377016;195377011;195386816;195386815;195377007;195377014;195377005;195377012;195386812;195386809;195386808;195386810,"9/12 10:00PM, 4 Games"
Landon Strother - Night,195377008;195377010;195377006;195377018;195377004;195377009;195470707;195470708;195377016;195377011;195386816;195386815;195377007;195377014;195377005;195377012;195386812;195386809;195386808;195386810,1523287,44083201,Landon Strother,Landon,Strother,3000,WR,ULL,ULL @ USC,09/12/2026 11:00 PM,,ULL @ USC,Night,CFB,9/12,Standard,CFB $20K Hook and Ladder [$5K to 1st] (Late Night);CFB $35K Late Night Snack [$10K to 1st] (Late Night);CFB $4K First Down (Late Night);CFB $3K Coffin Corner [Single Entry] (Late Night);CFB $2.4K Big House [Single Entry] (Late Night);CFB $2K Tailgate [3 Entry Max] (Late Night);CFB $50K Pocket Cup Qualifier #34 (Late Night);CFB $50K Pocket Cup Qualifier #35 (Late Night);CFB $1.8K Kick Return [Single Entry] (Late Night);CFB $1.5K Fourth Down Conversion (Late Night),195377008;195377010;195377006;195377018;195377004;195377009;195470707;195470708;195377016;195377011;195386816;195386815;195377007;195377014;195377005;195377012;195386812;195386809;195386808;195386810,"9/12 10:00PM, 4 Games"
Landon Baptiste - Night,195377008;195377010;195377006;195377018;195377004;195377009;195470707;195470708;195377016;195377011;195386816;195386815;195377007;195377014;195377005;195377012;195386812;195386809;195386808;195386810,1461900,44083204,Landon Baptiste,Landon,Baptiste,3000,WR,ULL,ULL @ USC,09/12/2026 11:00 PM,,ULL @ USC,Night,CFB,9/12,Standard,CFB $20K Hook and Ladder [$5K to 1st] (Late Night);CFB $35K Late Night Snack [$10K to 1st] (Late Night);CFB $4K First Down (Late Night);CFB $3K Coffin Corner [Single Entry] (Late Night);CFB $2.4K Big House [Single Entry] (Late Night);CFB $2K Tailgate [3 Entry Max] (Late Night);CFB $50K Pocket Cup Qualifier #34 (Late Night);CFB $50K Pocket Cup Qualifier #35 (Late Night);CFB $1.8K Kick Return [Single Entry] (Late Night);CFB $1.5K Fourth Down Conversion (Late Night),195377008;195377010;195377006;195377018;195377004;195377009;195470707;195470708;195377016;195377011;195386816;195386815;195377007;195377014;195377005;195377012;195386812;195386809;195386808;195386810,"9/12 10:00PM, 4 Games"
Ja'Corian Norris - Night,195377008;195377010;195377006;195377018;195377004;195377009;195470707;195470708;195377016;195377011;195386816;195386815;195377007;195377014;195377005;195377012;195386812;195386809;195386808;195386810,1523286,44083207,Ja'Corian Norris,Ja'Corian,Norris,3000,WR,ULL,ULL @ USC,09/12/2026 11:00 PM,,ULL @ USC,Night,CFB,9/12,Standard,CFB $20K Hook and Ladder [$5K to 1st] (Late Night);CFB $35K Late Night Snack [$10K to 1st] (Late Night);CFB $4K First Down (Late Night);CFB $3K Coffin Corner [Single Entry] (Late Night);CFB $2.4K Big House [Single Entry] (Late Night);CFB $2K Tailgate [3 Entry Max] (Late Night);CFB $50K Pocket Cup Qualifier #34 (Late Night);CFB $50K Pocket Cup Qualifier #35 (Late Night);CFB $1.8K Kick Return [Single Entry] (Late Night);CFB $1.5K Fourth Down Conversion (Late Night),195377008;195377010;195377006;195377018;195377004;195377009;195470707;195470708;195377016;195377011;195386816;195386815;195377007;195377014;195377005;195377012;195386812;195386809;195386808;195386810,"9/12 10:00PM, 4 Games"
Owen Morris - Night,195377008;195377010;195377006;195377018;195377004;195377009;195470707;195470708;195377016;195377011;195386816;195386815;195377007;195377014;195377005;195377012;195386812;195386809;195386808;195386810,1653197,44083210,Owen Morris,Owen,Morris,3000,WR,ULL,ULL @ USC,09/12/2026 11:00 PM,,ULL @ USC,Night,CFB,9/12,Standard,CFB $20K Hook and Ladder [$5K to 1st] (Late Night);CFB $35K Late Night Snack [$10K to 1st] (Late Night);CFB $4K First Down (Late Night);CFB $3K Coffin Corner [Single Entry] (Late Night);CFB $2.4K Big House [Single Entry] (Late Night);CFB $2K Tailgate [3 Entry Max] (Late Night);CFB $50K Pocket Cup Qualifier #34 (Late Night);CFB $50K Pocket Cup Qualifier #35 (Late Night);CFB $1.8K Kick Return [Single Entry] (Late Night);CFB $1.5K Fourth Down Conversion (Late Night),195377008;195377010;195377006;195377018;195377004;195377009;195470707;195470708;195377016;195377011;195386816;195386815;195377007;195377014;195377005;195377012;195386812;195386809;195386808;195386810,"9/12 10:00PM, 4 Games"
Jayden Lewis - Night,195377008;195377010;195377006;195377018;195377004;195377009;195470707;195470708;195377016;195377011;195386816;195386815;195377007;195377014;195377005;195377012;195386812;195386809;195386808;195386810,1653196,44083213,Jayden Lewis,Jayden,Lewis,3000,WR,ULL,ULL @ USC,09/12/2026 11:00 PM,,ULL @ USC,Night,CFB,9/12,Standard,CFB $20K Hook and Ladder [$5K to 1st] (Late Night);CFB $35K Late Night Snack [$10K to 1st] (Late Night);CFB $4K First Down (Late Night);CFB $3K Coffin Corner [Single Entry] (Late Night);CFB $2.4K Big House [Single Entry] (Late Night);CFB $2K Tailgate [3 Entry Max] (Late Night);CFB $50K Pocket Cup Qualifier #34 (Late Night);CFB $50K Pocket Cup Qualifier #35 (Late Night);CFB $1.8K Kick Return [Single Entry] (Late Night);CFB $1.5K Fourth Down Conversion (Late Night),195377008;195377010;195377006;195377018;195377004;195377009;195470707;195470708;195377016;195377011;195386816;195386815;195377007;195377014;195377005;195377012;195386812;195386809;195386808;195386810,"9/12 10:00PM, 4 Games"
Carson Tabaracci - Night,195377008;195377010;195377006;195377018;195377004;195377009;195470707;195470708;195377016;195377011;195386816;195386815;195377007;195377014;195377005;195377012;195386812;195386809;195386808;195386810,1381140,44083216,Carson Tabaracci,Carson,Tabaracci,3000,WR,USC,ULL @ USC,09/12/2026 11:00 PM,https://dkn.gs/sports/images/cfb/teams/50/8080.png,ULL @ USC,Night,CFB,9/12,Standard,CFB $20K Hook and Ladder [$5K to 1st] (Late Night);CFB $35K Late Night Snack [$10K to 1st] (Late Night);CFB $4K First Down (Late Night);CFB $3K Coffin Corner [Single Entry] (Late Night);CFB $2.4K Big House [Single Entry] (Late Night);CFB $2K Tailgate [3 Entry Max] (Late Night);CFB $50K Pocket Cup Qualifier #34 (Late Night);CFB $50K Pocket Cup Qualifier #35 (Late Night);CFB $1.8K Kick Return [Single Entry] (Late Night);CFB $1.5K Fourth Down Conversion (Late Night),195377008;195377010;195377006;195377018;195377004;195377009;195470707;195470708;195377016;195377011;195386816;195386815;195377007;195377014;195377005;195377012;195386812;195386809;195386808;195386810,"9/12 10:00PM, 4 Games"
Walter Matthews - Night,195377008;195377010;195377006;195377018;195377004;195377009;195470707;195470708;195377016;195377011;195386816;195386815;195377007;195377014;195377005;195377012;195386812;195386809;195386808;195386810,1523006,44083219,Walter Matthews,Walter,Matthews,3000,WR,USC,ULL @ USC,09/12/2026 11:00 PM,https://dkn.gs/sports/images/cfb/teams/50/8080.png,ULL @ USC,Night,CFB,9/12,Standard,CFB $20K Hook and Ladder [$5K to 1st] (Late Night);CFB $35K Late Night Snack [$10K to 1st] (Late Night);CFB $4K First Down (Late Night);CFB $3K Coffin Corner [Single Entry] (Late Night);CFB $2.4K Big House [Single Entry] (Late Night);CFB $2K Tailgate [3 Entry Max] (Late Night);CFB $50K Pocket Cup Qualifier #34 (Late Night);CFB $50K Pocket Cup Qualifier #35 (Late Night);CFB $1.8K Kick Return [Single Entry] (Late Night);CFB $1.5K Fourth Down Conversion (Late Night),195377008;195377010;195377006;195377018;195377004;195377009;195470707;195470708;195377016;195377011;195386816;195386815;195377007;195377014;195377005;195377012;195386812;195386809;195386808;195386810,"9/12 10:00PM, 4 Games"
Tucker Ashcraft - Night,195377008;195377010;195377006;195377018;195377004;195377009;195470707;195470708;195377016;195377011;195386816;195386815;195377007;195377014;195377005;195377012;195386812;195386809;195386808;195386810,1461165,44083222,Tucker Ashcraft,Tucker,Ashcraft,3000,WR,USC,ULL @ USC,09/12/2026 11:00 PM,https://dkn.gs/sports/images/cfb/teams/50/8080.png,ULL @ USC,Night,CFB,9/12,Standard,CFB $20K Hook and Ladder [$5K to 1st] (Late Night);CFB $35K Late Night Snack [$10K to 1st] (Late Night);CFB $4K First Down (Late Night);CFB $3K Coffin Corner [Single Entry] (Late Night);CFB $2.4K Big House [Single Entry] (Late Night);CFB $2K Tailgate [3 Entry Max] (Late Night);CFB $50K Pocket Cup Qualifier #34 (Late Night);CFB $50K Pocket Cup Qualifier #35 (Late Night);CFB $1.8K Kick Return [Single Entry] (Late Night);CFB $1.5K Fourth Down Conversion (Late Night),195377008;195377010;195377006;195377018;195377004;195377009;195470707;195470708;195377016;195377011;195386816;195386815;195377007;195377014;195377005;195377012;195386812;195386809;195386808;195386810,"9/12 10:00PM, 4 Games"
Grant Woods - Night,195377008;195377010;195377006;195377018;195377004;195377009;195470707;195470708;195377016;195377011;195386816;195386815;195377007;195377014;195377005;195377012;195386812;195386809;195386808;195386810,1663664,44083225,Grant Woods,Grant,Woods,3000,WR,USC,ULL @ USC,09/12/2026 11:00 PM,https://dkn.gs/sports/images/cfb/teams/50/8080.png,ULL @ USC,Night,CFB,9/12,Standard,CFB $20K Hook and Ladder [$5K to 1st] (Late Night);CFB $35K Late Night Snack [$10K to 1st] (Late Night);CFB $4K First Down (Late Night);CFB $3K Coffin Corner [Single Entry] (Late Night);CFB $2.4K Big House [Single Entry] (Late Night);CFB $2K Tailgate [3 Entry Max] (Late Night);CFB $50K Pocket Cup Qualifier #34 (Late Night);CFB $50K Pocket Cup Qualifier #35 (Late Night);CFB $1.8K Kick Return [Single Entry] (Late Night);CFB $1.5K Fourth Down Conversion (Late Night),195377008;195377010;195377006;195377018;195377004;195377009;195470707;195470708;195377016;195377011;195386816;195386815;195377007;195377014;195377005;195377012;195386812;195386809;195386808;195386810,"9/12 10:00PM, 4 Games"
Manoah Leiato - Night,195377008;195377010;195377006;195377018;195377004;195377009;195470707;195470708;195377016;195377011;195386816;195386815;195377007;195377014;195377005;195377012;195386812;195386809;195386808;195386810,1663660,44083228,Manoah Leiato,Manoah,Leiato,3000,WR,USC,ULL @ USC,09/12/2026 11:00 PM,https://dkn.gs/sports/images/cfb/teams/50/8080.png,ULL @ USC,Night,CFB,9/12,Standard,CFB $20K Hook and Ladder [$5K to 1st] (Late Night);CFB $35K Late Night Snack [$10K to 1st] (Late Night);CFB $4K First Down (Late Night);CFB $3K Coffin Corner [Single Entry] (Late Night);CFB $2.4K Big House [Single Entry] (Late Night);CFB $2K Tailgate [3 Entry Max] (Late Night);CFB $50K Pocket Cup Qualifier #34 (Late Night);CFB $50K Pocket Cup Qualifier #35 (Late Night);CFB $1.8K Kick Return [Single Entry] (Late Night);CFB $1.5K Fourth Down Conversion (Late Night),195377008;195377010;195377006;195377018;195377004;195377009;195470707;195470708;195377016;195377011;195386816;195386815;195377007;195377014;195377005;195377012;195386812;195386809;195386808;195386810,"9/12 10:00PM, 4 Games"
Patrick O'Brien - Night,195377008;195377010;195377006;195377018;195377004;195377009;195470707;195470708;195377016;195377011;195386816;195386815;195377007;195377014;195377005;195377012;195386812;195386809;195386808;195386810,1663638,44083231,Patrick O'Brien,Patrick,O'Brien,3000,WR,USC,ULL @ USC,09/12/2026 11:00 PM,https://dkn.gs/sports/images/cfb/teams/50/8080.png,ULL @ USC,Night,CFB,9/12,Standard,CFB $20K Hook and Ladder [$5K to 1st] (Late Night);CFB $35K Late Night Snack [$10K to 1st] (Late Night);CFB $4K First Down (Late Night);CFB $3K Coffin Corner [Single Entry] (Late Night);CFB $2.4K Big House [Single Entry] (Late Night);CFB $2K Tailgate [3 Entry Max] (Late Night);CFB $50K Pocket Cup Qualifier #34 (Late Night);CFB $50K Pocket Cup Qualifier #35 (Late Night);CFB $1.8K Kick Return [Single Entry] (Late Night);CFB $1.5K Fourth Down Conversion (Late Night),195377008;195377010;195377006;195377018;195377004;195377009;195470707;195470708;195377016;195377011;195386816;195386815;195377007;195377014;195377005;195377012;195386812;195386809;195386808;195386810,"9/12 10:00PM, 4 Games"
Fisher Melton - Night,195377008;195377010;195377006;195377018;195377004;195377009;195470707;195470708;195377016;195377011;195386816;195386815;195377007;195377014;195377005;195377012;195386812;195386809;195386808;195386810,1598546,44083234,Fisher Melton,Fisher,Melton,3000,WR,USC,ULL @ USC,09/12/2026 11:00 PM,https://dkn.gs/sports/images/cfb/teams/50/8080.png,ULL @ USC,Night,CFB,9/12,Standard,CFB $20K Hook and Ladder [$5K to 1st] (Late Night);CFB $35K Late Night Snack [$10K to 1st] (Late Night);CFB $4K First Down (Late Night);CFB $3K Coffin Corner [Single Entry] (Late Night);CFB $2.4K Big House [Single Entry] (Late Night);CFB $2K Tailgate [3 Entry Max] (Late Night);CFB $50K Pocket Cup Qualifier #34 (Late Night);CFB $50K Pocket Cup Qualifier #35 (Late Night);CFB $1.8K Kick Return [Single Entry] (Late Night);CFB $1.5K Fourth Down Conversion (Late Night),195377008;195377010;195377006;195377018;195377004;195377009;195470707;195470708;195377016;195377011;195386816;195386815;195377007;195377014;195377005;195377012;195386812;195386809;195386808;195386810,"9/12 10:00PM, 4 Games"
Josiah Jefferson - Night,195377008;195377010;195377006;195377018;195377004;195377009;195470707;195470708;195377016;195377011;195386816;195386815;195377007;195377014;195377005;195377012;195386812;195386809;195386808;195386810,1653008,44083237,Josiah Jefferson,Josiah,Jefferson,3000,WR,USC,ULL @ USC,09/12/2026 11:00 PM,https://dkn.gs/sports/images/cfb/teams/50/8080.png,ULL @ USC,Night,CFB,9/12,Standard,CFB $20K Hook and Ladder [$5K to 1st] (Late Night);CFB $35K Late Night Snack [$10K to 1st] (Late Night);CFB $4K First Down (Late Night);CFB $3K Coffin Corner [Single Entry] (Late Night);CFB $2.4K Big House [Single Entry] (Late Night);CFB $2K Tailgate [3 Entry Max] (Late Night);CFB $50K Pocket Cup Qualifier #34 (Late Night);CFB $50K Pocket Cup Qualifier #35 (Late Night);CFB $1.8K Kick Return [Single Entry] (Late Night);CFB $1.5K Fourth Down Conversion (Late Night),195377008;195377010;195377006;195377018;195377004;195377009;195470707;195470708;195377016;195377011;195386816;195386815;195377007;195377014;195377005;195377012;195386812;195386809;195386808;195386810,"9/12 10:00PM, 4 Games"
Roderick Tezeno - Night,195377008;195377010;195377006;195377018;195377004;195377009;195470707;195470708;195377016;195377011;195386816;195386815;195377007;195377014;195377005;195377012;195386812;195386809;195386808;195386810,1663666,44083240,Roderick Tezeno,Roderick,Tezeno,3000,WR,USC,ULL @ USC,09/12/2026 11:00 PM,https://dkn.gs/sports/images/cfb/teams/50/8080.png,ULL @ USC,Night,CFB,9/12,Standard,CFB $20K Hook and Ladder [$5K to 1st] (Late Night);CFB $35K Late Night Snack [$10K to 1st] (Late Night);CFB $4K First Down (Late Night);CFB $3K Coffin Corner [Single Entry] (Late Night);CFB $2.4K Big House [Single Entry] (Late Night);CFB $2K Tailgate [3 Entry Max] (Late Night);CFB $50K Pocket Cup Qualifier #34 (Late Night);CFB $50K Pocket Cup Qualifier #35 (Late Night);CFB $1.8K Kick Return [Single Entry] (Late Night);CFB $1.5K Fourth Down Conversion (Late Night),195377008;195377010;195377006;195377018;195377004;195377009;195470707;195470708;195377016;195377011;195386816;195386815;195377007;195377014;195377005;195377012;195386812;195386809;195386808;195386810,"9/12 10:00PM, 4 Games"
Romero Ison - Night,195377008;195377010;195377006;195377018;195377004;195377009;195470707;195470708;195377016;195377011;195386816;195386815;195377007;195377014;195377005;195377012;195386812;195386809;195386808;195386810,1598550,44083243,Romero Ison,Romero,Ison,3000,WR,USC,ULL @ USC,09/12/2026 11:00 PM,https://dkn.gs/sports/images/cfb/teams/50/8080.png,ULL @ USC,Night,CFB,9/12,Standard,CFB $20K Hook and Ladder [$5K to 1st] (Late Night);CFB $35K Late Night Snack [$10K to 1st] (Late Night);CFB $4K First Down (Late Night);CFB $3K Coffin Corner [Single Entry] (Late Night);CFB $2.4K Big House [Single Entry] (Late Night);CFB $2K Tailgate [3 Entry Max] (Late Night);CFB $50K Pocket Cup Qualifier #34 (Late Night);CFB $50K Pocket Cup Qualifier #35 (Late Night);CFB $1.8K Kick Return [Single Entry] (Late Night);CFB $1.5K Fourth Down Conversion (Late Night),195377008;195377010;195377006;195377018;195377004;195377009;195470707;195470708;195377016;195377011;195386816;195386815;195377007;195377014;195377005;195377012;195386812;195386809;195386808;195386810,"9/12 10:00PM, 4 Games"
Griffin Brahm - Night,195377008;195377010;195377006;195377018;195377004;195377009;195470707;195470708;195377016;195377011;195386816;195386815;195377007;195377014;195377005;195377012;195386812;195386809;195386808;195386810,1663669,44083246,Griffin Brahm,Griffin,Brahm,3000,WR,USC,ULL @ USC,09/12/2026 11:00 PM,https://dkn.gs/sports/images/cfb/teams/50/8080.png,ULL @ USC,Night,CFB,9/12,Standard,CFB $20K Hook and Ladder [$5K to 1st] (Late Night);CFB $35K Late Night Snack [$10K to 1st] (Late Night);CFB $4K First Down (Late Night);CFB $3K Coffin Corner [Single Entry] (Late Night);CFB $2.4K Big House [Single Entry] (Late Night);CFB $2K Tailgate [3 Entry Max] (Late Night);CFB $50K Pocket Cup Qualifier #34 (Late Night);CFB $50K Pocket Cup Qualifier #35 (Late Night);CFB $1.8K Kick Return [Single Entry] (Late Night);CFB $1.5K Fourth Down Conversion (Late Night),195377008;195377010;195377006;195377018;195377004;195377009;195470707;195470708;195377016;195377011;195386816;195386815;195377007;195377014;195377005;195377012;195386812;195386809;195386808;195386810,"9/12 10:00PM, 4 Games"
Cameron Sermons - Night,195377008;195377010;195377006;195377018;195377004;195377009;195470707;195470708;195377016;195377011;195386816;195386815;195377007;195377014;195377005;195377012;195386812;195386809;195386808;195386810,1598549,44083249,Cameron Sermons,Cameron,Sermons,3000,WR,USC,ULL @ USC,09/12/2026 11:00 PM,https://dkn.gs/sports/images/cfb/teams/50/8080.png,ULL @ USC,Night,CFB,9/12,Standard,CFB $20K Hook and Ladder [$5K to 1st] (Late Night);CFB $35K Late Night Snack [$10K to 1st] (Late Night);CFB $4K First Down (Late Night);CFB $3K Coffin Corner [Single Entry] (Late Night);CFB $2.4K Big House [Single Entry] (Late Night);CFB $2K Tailgate [3 Entry Max] (Late Night);CFB $50K Pocket Cup Qualifier #34 (Late Night);CFB $50K Pocket Cup Qualifier #35 (Late Night);CFB $1.8K Kick Return [Single Entry] (Late Night);CFB $1.5K Fourth Down Conversion (Late Night),195377008;195377010;195377006;195377018;195377004;195377009;195470707;195470708;195377016;195377011;195386816;195386815;195377007;195377014;195377005;195377012;195386812;195386809;195386808;195386810,"9/12 10:00PM, 4 Games"
Marcus Sung - Night,195377008;195377010;195377006;195377018;195377004;195377009;195470707;195470708;195377016;195377011;195386816;195386815;195377007;195377014;195377005;195377012;195386812;195386809;195386808;195386810,1663639,44083252,Marcus Sung,Marcus,Sung,3000,WR,USC,ULL @ USC,09/12/2026 11:00 PM,https://dkn.gs/sports/images/cfb/teams/50/8080.png,ULL @ USC,Night,CFB,9/12,Standard,CFB $20K Hook and Ladder [$5K to 1st] (Late Night);CFB $35K Late Night Snack [$10K to 1st] (Late Night);CFB $4K First Down (Late Night);CFB $3K Coffin Corner [Single Entry] (Late Night);CFB $2.4K Big House [Single Entry] (Late Night);CFB $2K Tailgate [3 Entry Max] (Late Night);CFB $50K Pocket Cup Qualifier #34 (Late Night);CFB $50K Pocket Cup Qualifier #35 (Late Night);CFB $1.8K Kick Return [Single Entry] (Late Night);CFB $1.5K Fourth Down Conversion (Late Night),195377008;195377010;195377006;195377018;195377004;195377009;195470707;195470708;195377016;195377011;195386816;195386815;195377007;195377014;195377005;195377012;195386812;195386809;195386808;195386810,"9/12 10:00PM, 4 Games"
Luc Weaver - Night,195377008;195377010;195377006;195377018;195377004;195377009;195470707;195470708;195377016;195377011;195386816;195386815;195377007;195377014;195377005;195377012;195386812;195386809;195386808;195386810,1651329,44083255,Luc Weaver,Luc,Weaver,3000,WR,USC,ULL @ USC,09/12/2026 11:00 PM,https://dkn.gs/sports/images/cfb/teams/50/8080.png,ULL @ USC,Night,CFB,9/12,Standard,CFB $20K Hook and Ladder [$5K to 1st] (Late Night);CFB $35K Late Night Snack [$10K to 1st] (Late Night);CFB $4K First Down (Late Night);CFB $3K Coffin Corner [Single Entry] (Late Night);CFB $2.4K Big House [Single Entry] (Late Night);CFB $2K Tailgate [3 Entry Max] (Late Night);CFB $50K Pocket Cup Qualifier #34 (Late Night);CFB $50K Pocket Cup Qualifier #35 (Late Night);CFB $1.8K Kick Return [Single Entry] (Late Night);CFB $1.5K Fourth Down Conversion (Late Night),195377008;195377010;195377006;195377018;195377004;195377009;195470707;195470708;195377016;195377011;195386816;195386815;195377007;195377014;195377005;195377012;195386812;195386809;195386808;195386810,"9/12 10:00PM, 4 Games"
Seth Zamora - Night,195377008;195377010;195377006;195377018;195377004;195377009;195470707;195470708;195377016;195377011;195386816;195386815;195377007;195377014;195377005;195377012;195386812;195386809;195386808;195386810,1523018,44083258,Seth Zamora,Seth,Zamora,3000,WR,USC,ULL @ USC,09/12/2026 11:00 PM,https://dkn.gs/sports/images/cfb/teams/50/8080.png,ULL @ USC,Night,CFB,9/12,Standard,CFB $20K Hook and Ladder [$5K to 1st] (Late Night);CFB $35K Late Night Snack [$10K to 1st] (Late Night);CFB $4K First Down (Late Night);CFB $3K Coffin Corner [Single Entry] (Late Night);CFB $2.4K Big House [Single Entry] (Late Night);CFB $2K Tailgate [3 Entry Max] (Late Night);CFB $50K Pocket Cup Qualifier #34 (Late Night);CFB $50K Pocket Cup Qualifier #35 (Late Night);CFB $1.8K Kick Return [Single Entry] (Late Night);CFB $1.5K Fourth Down Conversion (Late Night),195377008;195377010;195377006;195377018;195377004;195377009;195470707;195470708;195377016;195377011;195386816;195386815;195377007;195377014;195377005;195377012;195386812;195386809;195386808;195386810,"9/12 10:00PM, 4 Games"
Luke Degner - Night,195377008;195377010;195377006;195377018;195377004;195377009;195470707;195470708;195377016;195377011;195386816;195386815;195377007;195377014;195377005;195377012;195386812;195386809;195386808;195386810,1663641,44083261,Luke Degner,Luke,Degner,3000,WR,USC,ULL @ USC,09/12/2026 11:00 PM,https://dkn.gs/sports/images/cfb/teams/50/8080.png,ULL @ USC,Night,CFB,9/12,Standard,CFB $20K Hook and Ladder [$5K to 1st] (Late Night);CFB $35K Late Night Snack [$10K to 1st] (Late Night);CFB $4K First Down (Late Night);CFB $3K Coffin Corner [Single Entry] (Late Night);CFB $2.4K Big House [Single Entry] (Late Night);CFB $2K Tailgate [3 Entry Max] (Late Night);CFB $50K Pocket Cup Qualifier #34 (Late Night);CFB $50K Pocket Cup Qualifier #35 (Late Night);CFB $1.8K Kick Return [Single Entry] (Late Night);CFB $1.5K Fourth Down Conversion (Late Night),195377008;195377010;195377006;195377018;195377004;195377009;195470707;195470708;195377016;195377011;195386816;195386815;195377007;195377014;195377005;195377012;195386812;195386809;195386808;195386810,"9/12 10:00PM, 4 Games"
Gavin Garretson - Night,195377008;195377010;195377006;195377018;195377004;195377009;195470707;195470708;195377016;195377011;195386816;195386815;195377007;195377014;195377005;195377012;195386812;195386809;195386808;195386810,1582211,44083264,Gavin Garretson,Gavin,Garretson,3000,WR,ARK,ARK @ UTAH,09/12/2026 10:15 PM,https://dkn.gs/sports/images/cfb/teams/50/8175.png,ARK @ UTAH,Night,CFB,9/12,Standard,CFB $20K Hook and Ladder [$5K to 1st] (Late Night);CFB $35K Late Night Snack [$10K to 1st] (Late Night);CFB $4K First Down (Late Night);CFB $3K Coffin Corner [Single Entry] (Late Night);CFB $2.4K Big House [Single Entry] (Late Night);CFB $2K Tailgate [3 Entry Max] (Late Night);CFB $50K Pocket Cup Qualifier #34 (Late Night);CFB $50K Pocket Cup Qualifier #35 (Late Night);CFB $1.8K Kick Return [Single Entry] (Late Night);CFB $1.5K Fourth Down Conversion (Late Night),195377008;195377010;195377006;195377018;195377004;195377009;195470707;195470708;195377016;195377011;195386816;195386815;195377007;195377014;195377005;195377012;195386812;195386809;195386808;195386810,"9/12 10:00PM, 4 Games"
Hutson Hendrix - Night,195377008;195377010;195377006;195377018;195377004;195377009;195470707;195470708;195377016;195377011;195386816;195386815;195377007;195377014;195377005;195377012;195386812;195386809;195386808;195386810,1589449,44083267,Hutson Hendrix,Hutson,Hendrix,3000,WR,ARK,ARK @ UTAH,09/12/2026 10:15 PM,https://dkn.gs/sports/images/cfb/teams/50/8175.png,ARK @ UTAH,Night,CFB,9/12,Standard,CFB $20K Hook and Ladder [$5K to 1st] (Late Night);CFB $35K Late Night Snack [$10K to 1st] (Late Night);CFB $4K First Down (Late Night);CFB $3K Coffin Corner [Single Entry] (Late Night);CFB $2.4K Big House [Single Entry] (Late Night);CFB $2K Tailgate [3 Entry Max] (Late Night);CFB $50K Pocket Cup Qualifier #34 (Late Night);CFB $50K Pocket Cup Qualifier #35 (Late Night);CFB $1.8K Kick Return [Single Entry] (Late Night);CFB $1.5K Fourth Down Conversion (Late Night),195377008;195377010;195377006;195377018;195377004;195377009;195470707;195470708;195377016;195377011;195386816;195386815;195377007;195377014;195377005;195377012;195386812;195386809;195386808;195386810,"9/12 10:00PM, 4 Games"
Breylen Gilbert - Night,195377008;195377010;195377006;195377018;195377004;195377009;195470707;195470708;195377016;195377011;195386816;195386815;195377007;195377014;195377005;195377012;195386812;195386809;195386808;195386810,1521340,44083270,Breylen Gilbert,Breylen,Gilbert,3000,WR,ARK,ARK @ UTAH,09/12/2026 10:15 PM,https://dkn.gs/sports/images/cfb/teams/50/8175.png,ARK @ UTAH,Night,CFB,9/12,Standard,CFB $20K Hook and Ladder [$5K to 1st] (Late Night);CFB $35K Late Night Snack [$10K to 1st] (Late Night);CFB $4K First Down (Late Night);CFB $3K Coffin Corner [Single Entry] (Late Night);CFB $2.4K Big House [Single Entry] (Late Night);CFB $2K Tailgate [3 Entry Max] (Late Night);CFB $50K Pocket Cup Qualifier #34 (Late Night);CFB $50K Pocket Cup Qualifier #35 (Late Night);CFB $1.8K Kick Return [Single Entry] (Late Night);CFB $1.5K Fourth Down Conversion (Late Night),195377008;195377010;195377006;195377018;195377004;195377009;195470707;195470708;195377016;195377011;195386816;195386815;195377007;195377014;195377005;195377012;195386812;195386809;195386808;195386810,"9/12 10:00PM, 4 Games"
Maddox Lassiter - Night,195377008;195377010;195377006;195377018;195377004;195377009;195470707;195470708;195377016;195377011;195386816;195386815;195377007;195377014;195377005;195377012;195386812;195386809;195386808;195386810,1451010,44083273,Maddox Lassiter,Maddox,Lassiter,3000,WR,ARK,ARK @ UTAH,09/12/2026 10:15 PM,https://dkn.gs/sports/images/cfb/teams/50/8175.png,ARK @ UTAH,Night,CFB,9/12,Standard,CFB $20K Hook and Ladder [$5K to 1st] (Late Night);CFB $35K Late Night Snack [$10K to 1st] (Late Night);CFB $4K First Down (Late Night);CFB $3K Coffin Corner [Single Entry] (Late Night);CFB $2.4K Big House [Single Entry] (Late Night);CFB $2K Tailgate [3 Entry Max] (Late Night);CFB $50K Pocket Cup Qualifier #34 (Late Night);CFB $50K Pocket Cup Qualifier #35 (Late Night);CFB $1.8K Kick Return [Single Entry] (Late Night);CFB $1.5K Fourth Down Conversion (Late Night),195377008;195377010;195377006;195377018;195377004;195377009;195470707;195470708;195377016;195377011;195386816;195386815;195377007;195377014;195377005;195377012;195386812;195386809;195386808;195386810,"9/12 10:00PM, 4 Games"
Braxton Scriber - Night,195377008;195377010;195377006;195377018;195377004;195377009;195470707;195470708;195377016;195377011;195386816;195386815;195377007;195377014;195377005;195377012;195386812;195386809;195386808;195386810,1595839,44083276,Braxton Scriber,Braxton,Scriber,3000,WR,ARK,ARK @ UTAH,09/12/2026 10:15 PM,https://dkn.gs/sports/images/cfb/teams/50/8175.png,ARK @ UTAH,Night,CFB,9/12,Standard,CFB $20K Hook and Ladder [$5K to 1st] (Late Night);CFB $35K Late Night Snack [$10K to 1st] (Late Night);CFB $4K First Down (Late Night);CFB $3K Coffin Corner [Single Entry] (Late Night);CFB $2.4K Big House [Single Entry] (Late Night);CFB $2K Tailgate [3 Entry Max] (Late Night);CFB $50K Pocket Cup Qualifier #34 (Late Night);CFB $50K Pocket Cup Qualifier #35 (Late Night);CFB $1.8K Kick Return [Single Entry] (Late Night);CFB $1.5K Fourth Down Conversion (Late Night),195377008;195377010;195377006;195377018;195377004;195377009;195470707;195470708;195377016;195377011;195386816;195386815;195377007;195377014;195377005;195377012;195386812;195386809;195386808;195386810,"9/12 10:00PM, 4 Games"
Antonio Jordan - Night,195377008;195377010;195377006;195377018;195377004;195377009;195470707;195470708;195377016;195377011;195386816;195386815;195377007;195377014;195377005;195377012;195386812;195386809;195386808;195386810,1589446,44083279,Antonio Jordan,Antonio,Jordan,3000,WR,ARK,ARK @ UTAH,09/12/2026 10:15 PM,https://dkn.gs/sports/images/cfb/teams/50/8175.png,ARK @ UTAH,Night,CFB,9/12,Standard,CFB $20K Hook and Ladder [$5K to 1st] (Late Night);CFB $35K Late Night Snack [$10K to 1st] (Late Night);CFB $4K First Down (Late Night);CFB $3K Coffin Corner [Single Entry] (Late Night);CFB $2.4K Big House [Single Entry] (Late Night);CFB $2K Tailgate [3 Entry Max] (Late Night);CFB $50K Pocket Cup Qualifier #34 (Late Night);CFB $50K Pocket Cup Qualifier #35 (Late Night);CFB $1.8K Kick Return [Single Entry] (Late Night);CFB $1.5K Fourth Down Conversion (Late Night),195377008;195377010;195377006;195377018;195377004;195377009;195470707;195470708;195377016;195377011;195386816;195386815;195377007;195377014;195377005;195377012;195386812;195386809;195386808;195386810,"9/12 10:00PM, 4 Games"
Courtney Crutchfield - Night,195377008;195377010;195377006;195377018;195377004;195377009;195470707;195470708;195377016;195377011;195386816;195386815;195377007;195377014;195377005;195377012;195386812;195386809;195386808;195386810,1514628,44083282,Courtney Crutchfield,Courtney,Crutchfield,3000,WR,ARK,ARK @ UTAH,09/12/2026 10:15 PM,https://dkn.gs/sports/images/cfb/teams/50/8175.png,ARK @ UTAH,Night,CFB,9/12,Standard,CFB $20K Hook and Ladder [$5K to 1st] (Late Night);CFB $35K Late Night Snack [$10K to 1st] (Late Night);CFB $4K First Down (Late Night);CFB $3K Coffin Corner [Single Entry] (Late Night);CFB $2.4K Big House [Single Entry] (Late Night);CFB $2K Tailgate [3 Entry Max] (Late Night);CFB $50K Pocket Cup Qualifier #34 (Late Night);CFB $50K Pocket Cup Qualifier #35 (Late Night);CFB $1.8K Kick Return [Single Entry] (Late Night);CFB $1.5K Fourth Down Conversion (Late Night),195377008;195377010;195377006;195377018;195377004;195377009;195470707;195470708;195377016;195377011;195386816;195386815;195377007;195377014;195377005;195377012;195386812;195386809;195386808;195386810,"9/12 10:00PM, 4 Games"
Jelani Watkins - Night,195377008;195377010;195377006;195377018;195377004;195377009;195470707;195470708;195377016;195377011;195386816;195386815;195377007;195377014;195377005;195377012;195386812;195386809;195386808;195386810,1506361,44083285,Jelani Watkins,Jelani,Watkins,3000,WR,ARK,ARK @ UTAH,09/12/2026 10:15 PM,https://dkn.gs/sports/images/cfb/teams/50/8175.png,ARK @ UTAH,Night,CFB,9/12,Standard,CFB $20K Hook and Ladder [$5K to 1st] (Late Night);CFB $35K Late Night Snack [$10K to 1st] (Late Night);CFB $4K First Down (Late Night);CFB $3K Coffin Corner [Single Entry] (Late Night);CFB $2.4K Big House [Single Entry] (Late Night);CFB $2K Tailgate [3 Entry Max] (Late Night);CFB $50K Pocket Cup Qualifier #34 (Late Night);CFB $50K Pocket Cup Qualifier #35 (Late Night);CFB $1.8K Kick Return [Single Entry] (Late Night);CFB $1.5K Fourth Down Conversion (Late Night),195377008;195377010;195377006;195377018;195377004;195377009;195470707;195470708;195377016;195377011;195386816;195386815;195377007;195377014;195377005;195377012;195386812;195386809;195386808;195386810,"9/12 10:00PM, 4 Games"
Monte Harrison - Night,195377008;195377010;195377006;195377018;195377004;195377009;195470707;195470708;195377016;195377011;195386816;195386815;195377007;195377014;195377005;195377012;195386812;195386809;195386808;195386810,1514443,44083288,Monte Harrison,Monte,Harrison,3000,WR,ARK,ARK @ UTAH,09/12/2026 10:15 PM,https://dkn.gs/sports/images/cfb/teams/50/8175.png,ARK @ UTAH,Night,CFB,9/12,Standard,CFB $20K Hook and Ladder [$5K to 1st] (Late Night);CFB $35K Late Night Snack [$10K to 1st] (Late Night);CFB $4K First Down (Late Night);CFB $3K Coffin Corner [Single Entry] (Late Night);CFB $2.4K Big House [Single Entry] (Late Night);CFB $2K Tailgate [3 Entry Max] (Late Night);CFB $50K Pocket Cup Qualifier #34 (Late Night);CFB $50K Pocket Cup Qualifier #35 (Late Night);CFB $1.8K Kick Return [Single Entry] (Late Night);CFB $1.5K Fourth Down Conversion (Late Night),195377008;195377010;195377006;195377018;195377004;195377009;195470707;195470708;195377016;195377011;195386816;195386815;195377007;195377014;195377005;195377012;195386812;195386809;195386808;195386810,"9/12 10:00PM, 4 Games"
Dequane Prevo - Night,195377008;195377010;195377006;195377018;195377004;195377009;195470707;195470708;195377016;195377011;195386816;195386815;195377007;195377014;195377005;195377012;195386812;195386809;195386808;195386810,1645633,44083291,Dequane Prevo,Dequane,Prevo,3000,WR,ARK,ARK @ UTAH,09/12/2026 10:15 PM,https://dkn.gs/sports/images/cfb/teams/50/8175.png,ARK @ UTAH,Night,CFB,9/12,Standard,CFB $20K Hook and Ladder [$5K to 1st] (Late Night);CFB $35K Late Night Snack [$10K to 1st] (Late Night);CFB $4K First Down (Late Night);CFB $3K Coffin Corner [Single Entry] (Late Night);CFB $2.4K Big House [Single Entry] (Late Night);CFB $2K Tailgate [3 Entry Max] (Late Night);CFB $50K Pocket Cup Qualifier #34 (Late Night);CFB $50K Pocket Cup Qualifier #35 (Late Night);CFB $1.8K Kick Return [Single Entry] (Late Night);CFB $1.5K Fourth Down Conversion (Late Night),195377008;195377010;195377006;195377018;195377004;195377009;195470707;195470708;195377016;195377011;195386816;195386815;195377007;195377014;195377005;195377012;195386812;195386809;195386808;195386810,"9/12 10:00PM, 4 Games"
Blair Irvin III - Night,195377008;195377010;195377006;195377018;195377004;195377009;195470707;195470708;195377016;195377011;195386816;195386815;195377007;195377014;195377005;195377012;195386812;195386809;195386808;195386810,1645636,44083294,Blair Irvin III,Blair,Irvin III,3000,WR,ARK,ARK @ UTAH,09/12/2026 10:15 PM,https://dkn.gs/sports/images/cfb/teams/50/8175.png,ARK @ UTAH,Night,CFB,9/12,Standard,CFB $20K Hook and Ladder [$5K to 1st] (Late Night);CFB $35K Late Night Snack [$10K to 1st] (Late Night);CFB $4K First Down (Late Night);CFB $3K Coffin Corner [Single Entry] (Late Night);CFB $2.4K Big House [Single Entry] (Late Night);CFB $2K Tailgate [3 Entry Max] (Late Night);CFB $50K Pocket Cup Qualifier #34 (Late Night);CFB $50K Pocket Cup Qualifier #35 (Late Night);CFB $1.8K Kick Return [Single Entry] (Late Night);CFB $1.5K Fourth Down Conversion (Late Night),195377008;195377010;195377006;195377018;195377004;195377009;195470707;195470708;195377016;195377011;195386816;195386815;195377007;195377014;195377005;195377012;195386812;195386809;195386808;195386810,"9/12 10:00PM, 4 Games"
Cory Henderson Jr. - Night,195377008;195377010;195377006;195377018;195377004;195377009;195470707;195470708;195377016;195377011;195386816;195386815;195377007;195377014;195377005;195377012;195386812;195386809;195386808;195386810,1656026,44083297,Cory Henderson Jr.,Cory,Henderson Jr.,3000,WR,ARK,ARK @ UTAH,09/12/2026 10:15 PM,https://dkn.gs/sports/images/cfb/teams/50/8175.png,ARK @ UTAH,Night,CFB,9/12,Standard,CFB $20K Hook and Ladder [$5K to 1st] (Late Night);CFB $35K Late Night Snack [$10K to 1st] (Late Night);CFB $4K First Down (Late Night);CFB $3K Coffin Corner [Single Entry] (Late Night);CFB $2.4K Big House [Single Entry] (Late Night);CFB $2K Tailgate [3 Entry Max] (Late Night);CFB $50K Pocket Cup Qualifier #34 (Late Night);CFB $50K Pocket Cup Qualifier #35 (Late Night);CFB $1.8K Kick Return [Single Entry] (Late Night);CFB $1.5K Fourth Down Conversion (Late Night),195377008;195377010;195377006;195377018;195377004;195377009;195470707;195470708;195377016;195377011;195386816;195386815;195377007;195377014;195377005;195377012;195386812;195386809;195386808;195386810,"9/12 10:00PM, 4 Games"
Jude Hall - Night,195377008;195377010;195377006;195377018;195377004;195377009;195470707;195470708;195377016;195377011;195386816;195386815;195377007;195377014;195377005;195377012;195386812;195386809;195386808;195386810,1653389,44083300,Jude Hall,Jude,Hall,3000,WR,ARK,ARK @ UTAH,09/12/2026 10:15 PM,https://dkn.gs/sports/images/cfb/teams/50/8175.png,ARK @ UTAH,Night,CFB,9/12,Standard,CFB $20K Hook and Ladder [$5K to 1st] (Late Night);CFB $35K Late Night Snack [$10K to 1st] (Late Night);CFB $4K First Down (Late Night);CFB $3K Coffin Corner [Single Entry] (Late Night);CFB $2.4K Big House [Single Entry] (Late Night);CFB $2K Tailgate [3 Entry Max] (Late Night);CFB $50K Pocket Cup Qualifier #34 (Late Night);CFB $50K Pocket Cup Qualifier #35 (Late Night);CFB $1.8K Kick Return [Single Entry] (Late Night);CFB $1.5K Fourth Down Conversion (Late Night),195377008;195377010;195377006;195377018;195377004;195377009;195470707;195470708;195377016;195377011;195386816;195386815;195377007;195377014;195377005;195377012;195386812;195386809;195386808;195386810,"9/12 10:00PM, 4 Games"
Dai'Shaun Thomas - Night,195377008;195377010;195377006;195377018;195377004;195377009;195470707;195470708;195377016;195377011;195386816;195386815;195377007;195377014;195377005;195377012;195386812;195386809;195386808;195386810,1514936,44083303,Dai'Shaun Thomas,Dai'Shaun,Thomas,3000,WR,ARK,ARK @ UTAH,09/12/2026 10:15 PM,https://dkn.gs/sports/images/cfb/teams/50/8175.png,ARK @ UTAH,Night,CFB,9/12,Standard,CFB $20K Hook and Ladder [$5K to 1st] (Late Night);CFB $35K Late Night Snack [$10K to 1st] (Late Night);CFB $4K First Down (Late Night);CFB $3K Coffin Corner [Single Entry] (Late Night);CFB $2.4K Big House [Single Entry] (Late Night);CFB $2K Tailgate [3 Entry Max] (Late Night);CFB $50K Pocket Cup Qualifier #34 (Late Night);CFB $50K Pocket Cup Qualifier #35 (Late Night);CFB $1.8K Kick Return [Single Entry] (Late Night);CFB $1.5K Fourth Down Conversion (Late Night),195377008;195377010;195377006;195377018;195377004;195377009;195470707;195470708;195377016;195377011;195386816;195386815;195377007;195377014;195377005;195377012;195386812;195386809;195386808;195386810,"9/12 10:00PM, 4 Games"
Ben Pupplo - Night,195377008;195377010;195377006;195377018;195377004;195377009;195470707;195470708;195377016;195377011;195386816;195386815;195377007;195377014;195377005;195377012;195386812;195386809;195386808;195386810,1463606,44083306,Ben Pupplo,Ben,Pupplo,3000,WR,ARK,ARK @ UTAH,09/12/2026 10:15 PM,https://dkn.gs/sports/images/cfb/teams/50/8175.png,ARK @ UTAH,Night,CFB,9/12,Standard,CFB $20K Hook and Ladder [$5K to 1st] (Late Night);CFB $35K Late Night Snack [$10K to 1st] (Late Night);CFB $4K First Down (Late Night);CFB $3K Coffin Corner [Single Entry] (Late Night);CFB $2.4K Big House [Single Entry] (Late Night);CFB $2K Tailgate [3 Entry Max] (Late Night);CFB $50K Pocket Cup Qualifier #34 (Late Night);CFB $50K Pocket Cup Qualifier #35 (Late Night);CFB $1.8K Kick Return [Single Entry] (Late Night);CFB $1.5K Fourth Down Conversion (Late Night),195377008;195377010;195377006;195377018;195377004;195377009;195470707;195470708;195377016;195377011;195386816;195386815;195377007;195377014;195377005;195377012;195386812;195386809;195386808;195386810,"9/12 10:00PM, 4 Games"
Mitchell Blakeslee - Night,195377008;195377010;195377006;195377018;195377004;195377009;195470707;195470708;195377016;195377011;195386816;195386815;195377007;195377014;195377005;195377012;195386812;195386809;195386808;195386810,1520886,44083309,Mitchell Blakeslee,Mitchell,Blakeslee,3000,WR,AF,NDSU @ AF,09/12/2026 10:00 PM,https://dkn.gs/sports/images/cfb/teams/50/8274.png,NDSU @ AF,Night,CFB,9/12,Standard,CFB $20K Hook and Ladder [$5K to 1st] (Late Night);CFB $35K Late Night Snack [$10K to 1st] (Late Night);CFB $4K First Down (Late Night);CFB $3K Coffin Corner [Single Entry] (Late Night);CFB $2.4K Big House [Single Entry] (Late Night);CFB $2K Tailgate [3 Entry Max] (Late Night);CFB $50K Pocket Cup Qualifier #34 (Late Night);CFB $50K Pocket Cup Qualifier #35 (Late Night);CFB $1.8K Kick Return [Single Entry] (Late Night);CFB $1.5K Fourth Down Conversion (Late Night),195377008;195377010;195377006;195377018;195377004;195377009;195470707;195470708;195377016;195377011;195386816;195386815;195377007;195377014;195377005;195377012;195386812;195386809;195386808;195386810,"9/12 10:00PM, 4 Games"
Harry Caskey - Night,195377008;195377010;195377006;195377018;195377004;195377009;195470707;195470708;195377016;195377011;195386816;195386815;195377007;195377014;195377005;195377012;195386812;195386809;195386808;195386810,1586543,44083312,Harry Caskey,Harry,Caskey,3000,WR,AF,NDSU @ AF,09/12/2026 10:00 PM,https://dkn.gs/sports/images/cfb/teams/50/8274.png,NDSU @ AF,Night,CFB,9/12,Standard,CFB $20K Hook and Ladder [$5K to 1st] (Late Night);CFB $35K Late Night Snack [$10K to 1st] (Late Night);CFB $4K First Down (Late Night);CFB $3K Coffin Corner [Single Entry] (Late Night);CFB $2.4K Big House [Single Entry] (Late Night);CFB $2K Tailgate [3 Entry Max] (Late Night);CFB $50K Pocket Cup Qualifier #34 (Late Night);CFB $50K Pocket Cup Qualifier #35 (Late Night);CFB $1.8K Kick Return [Single Entry] (Late Night);CFB $1.5K Fourth Down Conversion (Late Night),195377008;195377010;195377006;195377018;195377004;195377009;195470707;195470708;195377016;195377011;195386816;195386815;195377007;195377014;195377005;195377012;195386812;195386809;195386808;195386810,"9/12 10:00PM, 4 Games"
Dominic Henning - Night,195377008;195377010;195377006;195377018;195377004;195377009;195470707;195470708;195377016;195377011;195386816;195386815;195377007;195377014;195377005;195377012;195386812;195386809;195386808;195386810,1652514,44083315,Dominic Henning,Dominic,Henning,3000,WR,AF,NDSU @ AF,09/12/2026 10:00 PM,https://dkn.gs/sports/images/cfb/teams/50/8274.png,NDSU @ AF,Night,CFB,9/12,Standard,CFB $20K Hook and Ladder [$5K to 1st] (Late Night);CFB $35K Late Night Snack [$10K to 1st] (Late Night);CFB $4K First Down (Late Night);CFB $3K Coffin Corner [Single Entry] (Late Night);CFB $2.4K Big House [Single Entry] (Late Night);CFB $2K Tailgate [3 Entry Max] (Late Night);CFB $50K Pocket Cup Qualifier #34 (Late Night);CFB $50K Pocket Cup Qualifier #35 (Late Night);CFB $1.8K Kick Return [Single Entry] (Late Night);CFB $1.5K Fourth Down Conversion (Late Night),195377008;195377010;195377006;195377018;195377004;195377009;195470707;195470708;195377016;195377011;195386816;195386815;195377007;195377014;195377005;195377012;195386812;195386809;195386808;195386810,"9/12 10:00PM, 4 Games"
Henry Barbisch - Night,195377008;195377010;195377006;195377018;195377004;195377009;195470707;195470708;195377016;195377011;195386816;195386815;195377007;195377014;195377005;195377012;195386812;195386809;195386808;195386810,1652515,44083318,Henry Barbisch,Henry,Barbisch,3000,WR,AF,NDSU @ AF,09/12/2026 10:00 PM,https://dkn.gs/sports/images/cfb/teams/50/8274.png,NDSU @ AF,Night,CFB,9/12,Standard,CFB $20K Hook and Ladder [$5K to 1st] (Late Night);CFB $35K Late Night Snack [$10K to 1st] (Late Night);CFB $4K First Down (Late Night);CFB $3K Coffin Corner [Single Entry] (Late Night);CFB $2.4K Big House [Single Entry] (Late Night);CFB $2K Tailgate [3 Entry Max] (Late Night);CFB $50K Pocket Cup Qualifier #34 (Late Night);CFB $50K Pocket Cup Qualifier #35 (Late Night);CFB $1.8K Kick Return [Single Entry] (Late Night);CFB $1.5K Fourth Down Conversion (Late Night),195377008;195377010;195377006;195377018;195377004;195377009;195470707;195470708;195377016;195377011;195386816;195386815;195377007;195377014;195377005;195377012;195386812;195386809;195386808;195386810,"9/12 10:00PM, 4 Games"
Griffin Stalfort - Night,195377008;195377010;195377006;195377018;195377004;195377009;195470707;195470708;195377016;195377011;195386816;195386815;195377007;195377014;195377005;195377012;195386812;195386809;195386808;195386810,1520164,44083321,Griffin Stalfort,Griffin,Stalfort,3000,WR,AF,NDSU @ AF,09/12/2026 10:00 PM,https://dkn.gs/sports/images/cfb/teams/50/8274.png,NDSU @ AF,Night,CFB,9/12,Standard,CFB $20K Hook and Ladder [$5K to 1st] (Late Night);CFB $35K Late Night Snack [$10K to 1st] (Late Night);CFB $4K First Down (Late Night);CFB $3K Coffin Corner [Single Entry] (Late Night);CFB $2.4K Big House [Single Entry] (Late Night);CFB $2K Tailgate [3 Entry Max] (Late Night);CFB $50K Pocket Cup Qualifier #34 (Late Night);CFB $50K Pocket Cup Qualifier #35 (Late Night);CFB $1.8K Kick Return [Single Entry] (Late Night);CFB $1.5K Fourth Down Conversion (Late Night),195377008;195377010;195377006;195377018;195377004;195377009;195470707;195470708;195377016;195377011;195386816;195386815;195377007;195377014;195377005;195377012;195386812;195386809;195386808;195386810,"9/12 10:00PM, 4 Games"
Grant Wayne - Night,195377008;195377010;195377006;195377018;195377004;195377009;195470707;195470708;195377016;195377011;195386816;195386815;195377007;195377014;195377005;195377012;195386812;195386809;195386808;195386810,1520127,44083324,Grant Wayne,Grant,Wayne,3000,WR,AF,NDSU @ AF,09/12/2026 10:00 PM,https://dkn.gs/sports/images/cfb/teams/50/8274.png,NDSU @ AF,Night,CFB,9/12,Standard,CFB $20K Hook and Ladder [$5K to 1st] (Late Night);CFB $35K Late Night Snack [$10K to 1st] (Late Night);CFB $4K First Down (Late Night);CFB $3K Coffin Corner [Single Entry] (Late Night);CFB $2.4K Big House [Single Entry] (Late Night);CFB $2K Tailgate [3 Entry Max] (Late Night);CFB $50K Pocket Cup Qualifier #34 (Late Night);CFB $50K Pocket Cup Qualifier #35 (Late Night);CFB $1.8K Kick Return [Single Entry] (Late Night);CFB $1.5K Fourth Down Conversion (Late Night),195377008;195377010;195377006;195377018;195377004;195377009;195470707;195470708;195377016;195377011;195386816;195386815;195377007;195377014;195377005;195377012;195386812;195386809;195386808;195386810,"9/12 10:00PM, 4 Games"
Owen Chambers - Night,195377008;195377010;195377006;195377018;195377004;195377009;195470707;195470708;195377016;195377011;195386816;195386815;195377007;195377014;195377005;195377012;195386812;195386809;195386808;195386810,1520128,44083327,Owen Chambers,Owen,Chambers,3000,WR,AF,NDSU @ AF,09/12/2026 10:00 PM,https://dkn.gs/sports/images/cfb/teams/50/8274.png,NDSU @ AF,Night,CFB,9/12,Standard,CFB $20K Hook and Ladder [$5K to 1st] (Late Night);CFB $35K Late Night Snack [$10K to 1st] (Late Night);CFB $4K First Down (Late Night);CFB $3K Coffin Corner [Single Entry] (Late Night);CFB $2.4K Big House [Single Entry] (Late Night);CFB $2K Tailgate [3 Entry Max] (Late Night);CFB $50K Pocket Cup Qualifier #34 (Late Night);CFB $50K Pocket Cup Qualifier #35 (Late Night);CFB $1.8K Kick Return [Single Entry] (Late Night);CFB $1.5K Fourth Down Conversion (Late Night),195377008;195377010;195377006;195377018;195377004;195377009;195470707;195470708;195377016;195377011;195386816;195386815;195377007;195377014;195377005;195377012;195386812;195386809;195386808;195386810,"9/12 10:00PM, 4 Games"
Mason Lowe - Night,195377008;195377010;195377006;195377018;195377004;195377009;195470707;195470708;195377016;195377011;195386816;195386815;195377007;195377014;195377005;195377012;195386812;195386809;195386808;195386810,1585826,44083330,Mason Lowe,Mason,Lowe,3000,WR,AF,NDSU @ AF,09/12/2026 10:00 PM,https://dkn.gs/sports/images/cfb/teams/50/8274.png,NDSU @ AF,Night,CFB,9/12,Standard,CFB $20K Hook and Ladder [$5K to 1st] (Late Night);CFB $35K Late Night Snack [$10K to 1st] (Late Night);CFB $4K First Down (Late Night);CFB $3K Coffin Corner [Single Entry] (Late Night);CFB $2.4K Big House [Single Entry] (Late Night);CFB $2K Tailgate [3 Entry Max] (Late Night);CFB $50K Pocket Cup Qualifier #34 (Late Night);CFB $50K Pocket Cup Qualifier #35 (Late Night);CFB $1.8K Kick Return [Single Entry] (Late Night);CFB $1.5K Fourth Down Conversion (Late Night),195377008;195377010;195377006;195377018;195377004;195377009;195470707;195470708;195377016;195377011;195386816;195386815;195377007;195377014;195377005;195377012;195386812;195386809;195386808;195386810,"9/12 10:00PM, 4 Games"
Keegan Sack - Night,195377008;195377010;195377006;195377018;195377004;195377009;195470707;195470708;195377016;195377011;195386816;195386815;195377007;195377014;195377005;195377012;195386812;195386809;195386808;195386810,1652300,44083333,Keegan Sack,Keegan,Sack,3000,WR,AF,NDSU @ AF,09/12/2026 10:00 PM,https://dkn.gs/sports/images/cfb/teams/50/8274.png,NDSU @ AF,Night,CFB,9/12,Standard,CFB $20K Hook and Ladder [$5K to 1st] (Late Night);CFB $35K Late Night Snack [$10K to 1st] (Late Night);CFB $4K First Down (Late Night);CFB $3K Coffin Corner [Single Entry] (Late Night);CFB $2.4K Big House [Single Entry] (Late Night);CFB $2K Tailgate [3 Entry Max] (Late Night);CFB $50K Pocket Cup Qualifier #34 (Late Night);CFB $50K Pocket Cup Qualifier #35 (Late Night);CFB $1.8K Kick Return [Single Entry] (Late Night);CFB $1.5K Fourth Down Conversion (Late Night),195377008;195377010;195377006;195377018;195377004;195377009;195470707;195470708;195377016;195377011;195386816;195386815;195377007;195377014;195377005;195377012;195386812;195386809;195386808;195386810,"9/12 10:00PM, 4 Games"
Harris Vinson - Night,195377008;195377010;195377006;195377018;195377004;195377009;195470707;195470708;195377016;195377011;195386816;195386815;195377007;195377014;195377005;195377012;195386812;195386809;195386808;195386810,1652488,44083336,Harris Vinson,Harris,Vinson,3000,WR,AF,NDSU @ AF,09/12/2026 10:00 PM,https://dkn.gs/sports/images/cfb/teams/50/8274.png,NDSU @ AF,Night,CFB,9/12,Standard,CFB $20K Hook and Ladder [$5K to 1st] (Late Night);CFB $35K Late Night Snack [$10K to 1st] (Late Night);CFB $4K First Down (Late Night);CFB $3K Coffin Corner [Single Entry] (Late Night);CFB $2.4K Big House [Single Entry] (Late Night);CFB $2K Tailgate [3 Entry Max] (Late Night);CFB $50K Pocket Cup Qualifier #34 (Late Night);CFB $50K Pocket Cup Qualifier #35 (Late Night);CFB $1.8K Kick Return [Single Entry] (Late Night);CFB $1.5K Fourth Down Conversion (Late Night),195377008;195377010;195377006;195377018;195377004;195377009;195470707;195470708;195377016;195377011;195386816;195386815;195377007;195377014;195377005;195377012;195386812;195386809;195386808;195386810,"9/12 10:00PM, 4 Games"
Sylas Maiava-Alaimalo - Night,195377008;195377010;195377006;195377018;195377004;195377009;195470707;195470708;195377016;195377011;195386816;195386815;195377007;195377014;195377005;195377012;195386812;195386809;195386808;195386810,1610252,44083339,Sylas Maiava-Alaimalo,Sylas,Maiava-Alaimalo,3000,WR,AF,NDSU @ AF,09/12/2026 10:00 PM,https://dkn.gs/sports/images/cfb/teams/50/8274.png,NDSU @ AF,Night,CFB,9/12,Standard,CFB $20K Hook and Ladder [$5K to 1st] (Late Night);CFB $35K Late Night Snack [$10K to 1st] (Late Night);CFB $4K First Down (Late Night);CFB $3K Coffin Corner [Single Entry] (Late Night);CFB $2.4K Big House [Single Entry] (Late Night);CFB $2K Tailgate [3 Entry Max] (Late Night);CFB $50K Pocket Cup Qualifier #34 (Late Night);CFB $50K Pocket Cup Qualifier #35 (Late Night);CFB $1.8K Kick Return [Single Entry] (Late Night);CFB $1.5K Fourth Down Conversion (Late Night),195377008;195377010;195377006;195377018;195377004;195377009;195470707;195470708;195377016;195377011;195386816;195386815;195377007;195377014;195377005;195377012;195386812;195386809;195386808;195386810,"9/12 10:00PM, 4 Games"
Major Quin - Night,195377008;195377010;195377006;195377018;195377004;195377009;195470707;195470708;195377016;195377011;195386816;195386815;195377007;195377014;195377005;195377012;195386812;195386809;195386808;195386810,1652492,44083342,Major Quin,Major,Quin,3000,WR,AF,NDSU @ AF,09/12/2026 10:00 PM,https://dkn.gs/sports/images/cfb/teams/50/8274.png,NDSU @ AF,Night,CFB,9/12,Standard,CFB $20K Hook and Ladder [$5K to 1st] (Late Night);CFB $35K Late Night Snack [$10K to 1st] (Late Night);CFB $4K First Down (Late Night);CFB $3K Coffin Corner [Single Entry] (Late Night);CFB $2.4K Big House [Single Entry] (Late Night);CFB $2K Tailgate [3 Entry Max] (Late Night);CFB $50K Pocket Cup Qualifier #34 (Late Night);CFB $50K Pocket Cup Qualifier #35 (Late Night);CFB $1.8K Kick Return [Single Entry] (Late Night);CFB $1.5K Fourth Down Conversion (Late Night),195377008;195377010;195377006;195377018;195377004;195377009;195470707;195470708;195377016;195377011;195386816;195386815;195377007;195377014;195377005;195377012;195386812;195386809;195386808;195386810,"9/12 10:00PM, 4 Games"
Astin Hange - Night,195377008;195377010;195377006;195377018;195377004;195377009;195470707;195470708;195377016;195377011;195386816;195386815;195377007;195377014;195377005;195377012;195386812;195386809;195386808;195386810,1586538,44083345,Astin Hange,Astin,Hange,3000,WR,AF,NDSU @ AF,09/12/2026 10:00 PM,https://dkn.gs/sports/images/cfb/teams/50/8274.png,NDSU @ AF,Night,CFB,9/12,Standard,CFB $20K Hook and Ladder [$5K to 1st] (Late Night);CFB $35K Late Night Snack [$10K to 1st] (Late Night);CFB $4K First Down (Late Night);CFB $3K Coffin Corner [Single Entry] (Late Night);CFB $2.4K Big House [Single Entry] (Late Night);CFB $2K Tailgate [3 Entry Max] (Late Night);CFB $50K Pocket Cup Qualifier #34 (Late Night);CFB $50K Pocket Cup Qualifier #35 (Late Night);CFB $1.8K Kick Return [Single Entry] (Late Night);CFB $1.5K Fourth Down Conversion (Late Night),195377008;195377010;195377006;195377018;195377004;195377009;195470707;195470708;195377016;195377011;195386816;195386815;195377007;195377014;195377005;195377012;195386812;195386809;195386808;195386810,"9/12 10:00PM, 4 Games"
Isaac Thomas - Night,195377008;195377010;195377006;195377018;195377004;195377009;195470707;195470708;195377016;195377011;195386816;195386815;195377007;195377014;195377005;195377012;195386812;195386809;195386808;195386810,1652517,44083348,Isaac Thomas,Isaac,Thomas,3000,WR,AF,NDSU @ AF,09/12/2026 10:00 PM,https://dkn.gs/sports/images/cfb/teams/50/8274.png,NDSU @ AF,Night,CFB,9/12,Standard,CFB $20K Hook and Ladder [$5K to 1st] (Late Night);CFB $35K Late Night Snack [$10K to 1st] (Late Night);CFB $4K First Down (Late Night);CFB $3K Coffin Corner [Single Entry] (Late Night);CFB $2.4K Big House [Single Entry] (Late Night);CFB $2K Tailgate [3 Entry Max] (Late Night);CFB $50K Pocket Cup Qualifier #34 (Late Night);CFB $50K Pocket Cup Qualifier #35 (Late Night);CFB $1.8K Kick Return [Single Entry] (Late Night);CFB $1.5K Fourth Down Conversion (Late Night),195377008;195377010;195377006;195377018;195377004;195377009;195470707;195470708;195377016;195377011;195386816;195386815;195377007;195377014;195377005;195377012;195386812;195386809;195386808;195386810,"9/12 10:00PM, 4 Games"
Noah McNair - Night,195377008;195377010;195377006;195377018;195377004;195377009;195470707;195470708;195377016;195377011;195386816;195386815;195377007;195377014;195377005;195377012;195386812;195386809;195386808;195386810,1652519,44083351,Noah McNair,Noah,McNair,3000,WR,AF,NDSU @ AF,09/12/2026 10:00 PM,https://dkn.gs/sports/images/cfb/teams/50/8274.png,NDSU @ AF,Night,CFB,9/12,Standard,CFB $20K Hook and Ladder [$5K to 1st] (Late Night);CFB $35K Late Night Snack [$10K to 1st] (Late Night);CFB $4K First Down (Late Night);CFB $3K Coffin Corner [Single Entry] (Late Night);CFB $2.4K Big House [Single Entry] (Late Night);CFB $2K Tailgate [3 Entry Max] (Late Night);CFB $50K Pocket Cup Qualifier #34 (Late Night);CFB $50K Pocket Cup Qualifier #35 (Late Night);CFB $1.8K Kick Return [Single Entry] (Late Night);CFB $1.5K Fourth Down Conversion (Late Night),195377008;195377010;195377006;195377018;195377004;195377009;195470707;195470708;195377016;195377011;195386816;195386815;195377007;195377014;195377005;195377012;195386812;195386809;195386808;195386810,"9/12 10:00PM, 4 Games"
Oakie Salave'a - Night,195377008;195377010;195377006;195377018;195377004;195377009;195470707;195470708;195377016;195377011;195386816;195386815;195377007;195377014;195377005;195377012;195386812;195386809;195386808;195386810,1381384,44083354,Oakie Salave'a,Oakie,Salave'a,3000,WR,HAW,NMST @ HAW,09/13/2026 12:00 AM,https://dkn.gs/sports/images/cfb/teams/50/8316.png,NMST @ HAW,Night,CFB,9/13,Standard,CFB $20K Hook and Ladder [$5K to 1st] (Late Night);CFB $35K Late Night Snack [$10K to 1st] (Late Night);CFB $4K First Down (Late Night);CFB $3K Coffin Corner [Single Entry] (Late Night);CFB $2.4K Big House [Single Entry] (Late Night);CFB $2K Tailgate [3 Entry Max] (Late Night);CFB $50K Pocket Cup Qualifier #34 (Late Night);CFB $50K Pocket Cup Qualifier #35 (Late Night);CFB $1.8K Kick Return [Single Entry] (Late Night);CFB $1.5K Fourth Down Conversion (Late Night),195377008;195377010;195377006;195377018;195377004;195377009;195470707;195470708;195377016;195377011;195386816;195386815;195377007;195377014;195377005;195377012;195386812;195386809;195386808;195386810,"9/12 10:00PM, 4 Games"
Frank Abreu - Night,195377008;195377010;195377006;195377018;195377004;195377009;195470707;195470708;195377016;195377011;195386816;195386815;195377007;195377014;195377005;195377012;195386812;195386809;195386808;195386810,1584519,44083357,Frank Abreu,Frank,Abreu,3000,WR,HAW,NMST @ HAW,09/13/2026 12:00 AM,https://dkn.gs/sports/images/cfb/teams/50/8316.png,NMST @ HAW,Night,CFB,9/13,Standard,CFB $20K Hook and Ladder [$5K to 1st] (Late Night);CFB $35K Late Night Snack [$10K to 1st] (Late Night);CFB $4K First Down (Late Night);CFB $3K Coffin Corner [Single Entry] (Late Night);CFB $2.4K Big House [Single Entry] (Late Night);CFB $2K Tailgate [3 Entry Max] (Late Night);CFB $50K Pocket Cup Qualifier #34 (Late Night);CFB $50K Pocket Cup Qualifier #35 (Late Night);CFB $1.8K Kick Return [Single Entry] (Late Night);CFB $1.5K Fourth Down Conversion (Late Night),195377008;195377010;195377006;195377018;195377004;195377009;195470707;195470708;195377016;195377011;195386816;195386815;195377007;195377014;195377005;195377012;195386812;195386809;195386808;195386810,"9/12 10:00PM, 4 Games"
Andrew Price - Night,195377008;195377010;195377006;195377018;195377004;195377009;195470707;195470708;195377016;195377011;195386816;195386815;195377007;195377014;195377005;195377012;195386812;195386809;195386808;195386810,1663678,44083360,Andrew Price,Andrew,Price,3000,WR,HAW,NMST @ HAW,09/13/2026 12:00 AM,https://dkn.gs/sports/images/cfb/teams/50/8316.png,NMST @ HAW,Night,CFB,9/13,Standard,CFB $20K Hook and Ladder [$5K to 1st] (Late Night);CFB $35K Late Night Snack [$10K to 1st] (Late Night);CFB $4K First Down (Late Night);CFB $3K Coffin Corner [Single Entry] (Late Night);CFB $2.4K Big House [Single Entry] (Late Night);CFB $2K Tailgate [3 Entry Max] (Late Night);CFB $50K Pocket Cup Qualifier #34 (Late Night);CFB $50K Pocket Cup Qualifier #35 (Late Night);CFB $1.8K Kick Return [Single Entry] (Late Night);CFB $1.5K Fourth Down Conversion (Late Night),195377008;195377010;195377006;195377018;195377004;195377009;195470707;195470708;195377016;195377011;195386816;195386815;195377007;195377014;195377005;195377012;195386812;195386809;195386808;195386810,"9/12 10:00PM, 4 Games"
Anthony Hickman - Night,195377008;195377010;195377006;195377018;195377004;195377009;195470707;195470708;195377016;195377011;195386816;195386815;195377007;195377014;195377005;195377012;195386812;195386809;195386808;195386810,1654085,44083363,Anthony Hickman,Anthony,Hickman,3000,WR,HAW,NMST @ HAW,09/13/2026 12:00 AM,https://dkn.gs/sports/images/cfb/teams/50/8316.png,NMST @ HAW,Night,CFB,9/13,Standard,CFB $20K Hook and Ladder [$5K to 1st] (Late Night);CFB $35K Late Night Snack [$10K to 1st] (Late Night);CFB $4K First Down (Late Night);CFB $3K Coffin Corner [Single Entry] (Late Night);CFB $2.4K Big House [Single Entry] (Late Night);CFB $2K Tailgate [3 Entry Max] (Late Night);CFB $50K Pocket Cup Qualifier #34 (Late Night);CFB $50K Pocket Cup Qualifier #35 (Late Night);CFB $1.8K Kick Return [Single Entry] (Late Night);CFB $1.5K Fourth Down Conversion (Late Night),195377008;195377010;195377006;195377018;195377004;195377009;195470707;195470708;195377016;195377011;195386816;195386815;195377007;195377014;195377005;195377012;195386812;195386809;195386808;195386810,"9/12 10:00PM, 4 Games"
Micah Kaonohi-Kaihenui - Night,195377008;195377010;195377006;195377018;195377004;195377009;195470707;195470708;195377016;195377011;195386816;195386815;195377007;195377014;195377005;195377012;195386812;195386809;195386808;195386810,1442291,44083366,Micah Kaonohi-Kaihenui,Micah,Kaonohi-Kaihenui,3000,WR,HAW,NMST @ HAW,09/13/2026 12:00 AM,https://dkn.gs/sports/images/cfb/teams/50/8316.png,NMST @ HAW,Night,CFB,9/13,Standard,CFB $20K Hook and Ladder [$5K to 1st] (Late Night);CFB $35K Late Night Snack [$10K to 1st] (Late Night);CFB $4K First Down (Late Night);CFB $3K Coffin Corner [Single Entry] (Late Night);CFB $2.4K Big House [Single Entry] (Late Night);CFB $2K Tailgate [3 Entry Max] (Late Night);CFB $50K Pocket Cup Qualifier #34 (Late Night);CFB $50K Pocket Cup Qualifier #35 (Late Night);CFB $1.8K Kick Return [Single Entry] (Late Night);CFB $1.5K Fourth Down Conversion (Late Night),195377008;195377010;195377006;195377018;195377004;195377009;195470707;195470708;195377016;195377011;195386816;195386815;195377007;195377014;195377005;195377012;195386812;195386809;195386808;195386810,"9/12 10:00PM, 4 Games"
Matthew Bailiff - Night,195377008;195377010;195377006;195377018;195377004;195377009;195470707;195470708;195377016;195377011;195386816;195386815;195377007;195377014;195377005;195377012;195386812;195386809;195386808;195386810,1456733,44083369,Matthew Bailiff,Matthew,Bailiff,3000,WR,HAW,NMST @ HAW,09/13/2026 12:00 AM,https://dkn.gs/sports/images/cfb/teams/50/8316.png,NMST @ HAW,Night,CFB,9/13,Standard,CFB $20K Hook and Ladder [$5K to 1st] (Late Night);CFB $35K Late Night Snack [$10K to 1st] (Late Night);CFB $4K First Down (Late Night);CFB $3K Coffin Corner [Single Entry] (Late Night);CFB $2.4K Big House [Single Entry] (Late Night);CFB $2K Tailgate [3 Entry Max] (Late Night);CFB $50K Pocket Cup Qualifier #34 (Late Night);CFB $50K Pocket Cup Qualifier #35 (Late Night);CFB $1.8K Kick Return [Single Entry] (Late Night);CFB $1.5K Fourth Down Conversion (Late Night),195377008;195377010;195377006;195377018;195377004;195377009;195470707;195470708;195377016;195377011;195386816;195386815;195377007;195377014;195377005;195377012;195386812;195386809;195386808;195386810,"9/12 10:00PM, 4 Games"
Tre' Griffiths - Night,195377008;195377010;195377006;195377018;195377004;195377009;195470707;195470708;195377016;195377011;195386816;195386815;195377007;195377014;195377005;195377012;195386812;195386809;195386808;195386810,1507216,44083372,Tre' Griffiths,Tre',Griffiths,3000,WR,HAW,NMST @ HAW,09/13/2026 12:00 AM,https://dkn.gs/sports/images/cfb/teams/50/8316.png,NMST @ HAW,Night,CFB,9/13,Standard,CFB $20K Hook and Ladder [$5K to 1st] (Late Night);CFB $35K Late Night Snack [$10K to 1st] (Late Night);CFB $4K First Down (Late Night);CFB $3K Coffin Corner [Single Entry] (Late Night);CFB $2.4K Big House [Single Entry] (Late Night);CFB $2K Tailgate [3 Entry Max] (Late Night);CFB $50K Pocket Cup Qualifier #34 (Late Night);CFB $50K Pocket Cup Qualifier #35 (Late Night);CFB $1.8K Kick Return [Single Entry] (Late Night);CFB $1.5K Fourth Down Conversion (Late Night),195377008;195377010;195377006;195377018;195377004;195377009;195470707;195470708;195377016;195377011;195386816;195386815;195377007;195377014;195377005;195377012;195386812;195386809;195386808;195386810,"9/12 10:00PM, 4 Games"
Nick Delgadillo - Night,195377008;195377010;195377006;195377018;195377004;195377009;195470707;195470708;195377016;195377011;195386816;195386815;195377007;195377014;195377005;195377012;195386812;195386809;195386808;195386810,1456750,44083375,Nick Delgadillo,Nick,Delgadillo,3000,WR,HAW,NMST @ HAW,09/13/2026 12:00 AM,https://dkn.gs/sports/images/cfb/teams/50/8316.png,NMST @ HAW,Night,CFB,9/13,Standard,CFB $20K Hook and Ladder [$5K to 1st] (Late Night);CFB $35K Late Night Snack [$10K to 1st] (Late Night);CFB $4K First Down (Late Night);CFB $3K Coffin Corner [Single Entry] (Late Night);CFB $2.4K Big House [Single Entry] (Late Night);CFB $2K Tailgate [3 Entry Max] (Late Night);CFB $50K Pocket Cup Qualifier #34 (Late Night);CFB $50K Pocket Cup Qualifier #35 (Late Night);CFB $1.8K Kick Return [Single Entry] (Late Night);CFB $1.5K Fourth Down Conversion (Late Night),195377008;195377010;195377006;195377018;195377004;195377009;195470707;195470708;195377016;195377011;195386816;195386815;195377007;195377014;195377005;195377012;195386812;195386809;195386808;195386810,"9/12 10:00PM, 4 Games"
Josiah Fetui - Night,195377008;195377010;195377006;195377018;195377004;195377009;195470707;195470708;195377016;195377011;195386816;195386815;195377007;195377014;195377005;195377012;195386812;195386809;195386808;195386810,1519622,44083378,Josiah Fetui,Josiah,Fetui,3000,WR,HAW,NMST @ HAW,09/13/2026 12:00 AM,https://dkn.gs/sports/images/cfb/teams/50/8316.png,NMST @ HAW,Night,CFB,9/13,Standard,CFB $20K Hook and Ladder [$5K to 1st] (Late Night);CFB $35K Late Night Snack [$10K to 1st] (Late Night);CFB $4K First Down (Late Night);CFB $3K Coffin Corner [Single Entry] (Late Night);CFB $2.4K Big House [Single Entry] (Late Night);CFB $2K Tailgate [3 Entry Max] (Late Night);CFB $50K Pocket Cup Qualifier #34 (Late Night);CFB $50K Pocket Cup Qualifier #35 (Late Night);CFB $1.8K Kick Return [Single Entry] (Late Night);CFB $1.5K Fourth Down Conversion (Late Night),195377008;195377010;195377006;195377018;195377004;195377009;195470707;195470708;195377016;195377011;195386816;195386815;195377007;195377014;195377005;195377012;195386812;195386809;195386808;195386810,"9/12 10:00PM, 4 Games"
Titan Lacaden - Night,195377008;195377010;195377006;195377018;195377004;195377009;195470707;195470708;195377016;195377011;195386816;195386815;195377007;195377014;195377005;195377012;195386812;195386809;195386808;195386810,1596199,44083381,Titan Lacaden,Titan,Lacaden,3000,WR,HAW,NMST @ HAW,09/13/2026 12:00 AM,https://dkn.gs/sports/images/cfb/teams/50/8316.png,NMST @ HAW,Night,CFB,9/13,Standard,CFB $20K Hook and Ladder [$5K to 1st] (Late Night);CFB $35K Late Night Snack [$10K to 1st] (Late Night);CFB $4K First Down (Late Night);CFB $3K Coffin Corner [Single Entry] (Late Night);CFB $2.4K Big House [Single Entry] (Late Night);CFB $2K Tailgate [3 Entry Max] (Late Night);CFB $50K Pocket Cup Qualifier #34 (Late Night);CFB $50K Pocket Cup Qualifier #35 (Late Night);CFB $1.8K Kick Return [Single Entry] (Late Night);CFB $1.5K Fourth Down Conversion (Late Night),195377008;195377010;195377006;195377018;195377004;195377009;195470707;195470708;195377016;195377011;195386816;195386815;195377007;195377014;195377005;195377012;195386812;195386809;195386808;195386810,"9/12 10:00PM, 4 Games"
Koa Eldredge - Night,195377008;195377010;195377006;195377018;195377004;195377009;195470707;195470708;195377016;195377011;195386816;195386815;195377007;195377014;195377005;195377012;195386812;195386809;195386808;195386810,1441251,44083384,Koa Eldredge,Koa,Eldredge,3000,WR,HAW,NMST @ HAW,09/13/2026 12:00 AM,https://dkn.gs/sports/images/cfb/teams/50/8316.png,NMST @ HAW,Night,CFB,9/13,Standard,CFB $20K Hook and Ladder [$5K to 1st] (Late Night);CFB $35K Late Night Snack [$10K to 1st] (Late Night);CFB $4K First Down (Late Night);CFB $3K Coffin Corner [Single Entry] (Late Night);CFB $2.4K Big House [Single Entry] (Late Night);CFB $2K Tailgate [3 Entry Max] (Late Night);CFB $50K Pocket Cup Qualifier #34 (Late Night);CFB $50K Pocket Cup Qualifier #35 (Late Night);CFB $1.8K Kick Return [Single Entry] (Late Night);CFB $1.5K Fourth Down Conversion (Late Night),195377008;195377010;195377006;195377018;195377004;195377009;195470707;195470708;195377016;195377011;195386816;195386815;195377007;195377014;195377005;195377012;195386812;195386809;195386808;195386810,"9/12 10:00PM, 4 Games"
Jarvis Heimuli - Night,195377008;195377010;195377006;195377018;195377004;195377009;195470707;195470708;195377016;195377011;195386816;195386815;195377007;195377014;195377005;195377012;195386812;195386809;195386808;195386810,1519563,44083387,Jarvis Heimuli,Jarvis,Heimuli,3000,WR,HAW,NMST @ HAW,09/13/2026 12:00 AM,https://dkn.gs/sports/images/cfb/teams/50/8316.png,NMST @ HAW,Night,CFB,9/13,Standard,CFB $20K Hook and Ladder [$5K to 1st] (Late Night);CFB $35K Late Night Snack [$10K to 1st] (Late Night);CFB $4K First Down (Late Night);CFB $3K Coffin Corner [Single Entry] (Late Night);CFB $2.4K Big House [Single Entry] (Late Night);CFB $2K Tailgate [3 Entry Max] (Late Night);CFB $50K Pocket Cup Qualifier #34 (Late Night);CFB $50K Pocket Cup Qualifier #35 (Late Night);CFB $1.8K Kick Return [Single Entry] (Late Night);CFB $1.5K Fourth Down Conversion (Late Night),195377008;195377010;195377006;195377018;195377004;195377009;195470707;195470708;195377016;195377011;195386816;195386815;195377007;195377014;195377005;195377012;195386812;195386809;195386808;195386810,"9/12 10:00PM, 4 Games"
Diezel Kamoku - Night,195377008;195377010;195377006;195377018;195377004;195377009;195470707;195470708;195377016;195377011;195386816;195386815;195377007;195377014;195377005;195377012;195386812;195386809;195386808;195386810,1530610,44083390,Diezel Kamoku,Diezel,Kamoku,3000,WR,HAW,NMST @ HAW,09/13/2026 12:00 AM,https://dkn.gs/sports/images/cfb/teams/50/8316.png,NMST @ HAW,Night,CFB,9/13,Standard,CFB $20K Hook and Ladder [$5K to 1st] (Late Night);CFB $35K Late Night Snack [$10K to 1st] (Late Night);CFB $4K First Down (Late Night);CFB $3K Coffin Corner [Single Entry] (Late Night);CFB $2.4K Big House [Single Entry] (Late Night);CFB $2K Tailgate [3 Entry Max] (Late Night);CFB $50K Pocket Cup Qualifier #34 (Late Night);CFB $50K Pocket Cup Qualifier #35 (Late Night);CFB $1.8K Kick Return [Single Entry] (Late Night);CFB $1.5K Fourth Down Conversion (Late Night),195377008;195377010;195377006;195377018;195377004;195377009;195470707;195470708;195377016;195377011;195386816;195386815;195377007;195377014;195377005;195377012;195386812;195386809;195386808;195386810,"9/12 10:00PM, 4 Games"
Robert Haynes IV - Night,195377008;195377010;195377006;195377018;195377004;195377009;195470707;195470708;195377016;195377011;195386816;195386815;195377007;195377014;195377005;195377012;195386812;195386809;195386808;195386810,1651933,44083393,Robert Haynes IV,Robert,Haynes IV,3000,WR,HAW,NMST @ HAW,09/13/2026 12:00 AM,https://dkn.gs/sports/images/cfb/teams/50/8316.png,NMST @ HAW,Night,CFB,9/13,Standard,CFB $20K Hook and Ladder [$5K to 1st] (Late Night);CFB $35K Late Night Snack [$10K to 1st] (Late Night);CFB $4K First Down (Late Night);CFB $3K Coffin Corner [Single Entry] (Late Night);CFB $2.4K Big House [Single Entry] (Late Night);CFB $2K Tailgate [3 Entry Max] (Late Night);CFB $50K Pocket Cup Qualifier #34 (Late Night);CFB $50K Pocket Cup Qualifier #35 (Late Night);CFB $1.8K Kick Return [Single Entry] (Late Night);CFB $1.5K Fourth Down Conversion (Late Night),195377008;195377010;195377006;195377018;195377004;195377009;195470707;195470708;195377016;195377011;195386816;195386815;195377007;195377014;195377005;195377012;195386812;195386809;195386808;195386810,"9/12 10:00PM, 4 Games"
Dillon Booth - Night,195377008;195377010;195377006;195377018;195377004;195377009;195470707;195470708;195377016;195377011;195386816;195386815;195377007;195377014;195377005;195377012;195386812;195386809;195386808;195386810,1651934,44083396,Dillon Booth,Dillon,Booth,3000,WR,HAW,NMST @ HAW,09/13/2026 12:00 AM,https://dkn.gs/sports/images/cfb/teams/50/8316.png,NMST @ HAW,Night,CFB,9/13,Standard,CFB $20K Hook and Ladder [$5K to 1st] (Late Night);CFB $35K Late Night Snack [$10K to 1st] (Late Night);CFB $4K First Down (Late Night);CFB $3K Coffin Corner [Single Entry] (Late Night);CFB $2.4K Big House [Single Entry] (Late Night);CFB $2K Tailgate [3 Entry Max] (Late Night);CFB $50K Pocket Cup Qualifier #34 (Late Night);CFB $50K Pocket Cup Qualifier #35 (Late Night);CFB $1.8K Kick Return [Single Entry] (Late Night);CFB $1.5K Fourth Down Conversion (Late Night),195377008;195377010;195377006;195377018;195377004;195377009;195470707;195470708;195377016;195377011;195386816;195386815;195377007;195377014;195377005;195377012;195386812;195386809;195386808;195386810,"9/12 10:00PM, 4 Games"
Brandon Gaea - Night,195377008;195377010;195377006;195377018;195377004;195377009;195470707;195470708;195377016;195377011;195386816;195386815;195377007;195377014;195377005;195377012;195386812;195386809;195386808;195386810,1651935,44083399,Brandon Gaea,Brandon,Gaea,3000,WR,HAW,NMST @ HAW,09/13/2026 12:00 AM,https://dkn.gs/sports/images/cfb/teams/50/8316.png,NMST @ HAW,Night,CFB,9/13,Standard,CFB $20K Hook and Ladder [$5K to 1st] (Late Night);CFB $35K Late Night Snack [$10K to 1st] (Late Night);CFB $4K First Down (Late Night);CFB $3K Coffin Corner [Single Entry] (Late Night);CFB $2.4K Big House [Single Entry] (Late Night);CFB $2K Tailgate [3 Entry Max] (Late Night);CFB $50K Pocket Cup Qualifier #34 (Late Night);CFB $50K Pocket Cup Qualifier #35 (Late Night);CFB $1.8K Kick Return [Single Entry] (Late Night);CFB $1.5K Fourth Down Conversion (Late Night),195377008;195377010;195377006;195377018;195377004;195377009;195470707;195470708;195377016;195377011;195386816;195386815;195377007;195377014;195377005;195377012;195386812;195386809;195386808;195386810,"9/12 10:00PM, 4 Games"
Semi Taulanga - Night,195377008;195377010;195377006;195377018;195377004;195377009;195470707;195470708;195377016;195377011;195386816;195386815;195377007;195377014;195377005;195377012;195386812;195386809;195386808;195386810,1592506,44083402,Semi Taulanga,Semi,Taulanga,3000,WR,UTAH,ARK @ UTAH,09/12/2026 10:15 PM,https://dkn.gs/sports/images/cfb/teams/50/8341.png,ARK @ UTAH,Night,CFB,9/12,Standard,CFB $20K Hook and Ladder [$5K to 1st] (Late Night);CFB $35K Late Night Snack [$10K to 1st] (Late Night);CFB $4K First Down (Late Night);CFB $3K Coffin Corner [Single Entry] (Late Night);CFB $2.4K Big House [Single Entry] (Late Night);CFB $2K Tailgate [3 Entry Max] (Late Night);CFB $50K Pocket Cup Qualifier #34 (Late Night);CFB $50K Pocket Cup Qualifier #35 (Late Night);CFB $1.8K Kick Return [Single Entry] (Late Night);CFB $1.5K Fourth Down Conversion (Late Night),195377008;195377010;195377006;195377018;195377004;195377009;195470707;195470708;195377016;195377011;195386816;195386815;195377007;195377014;195377005;195377012;195386812;195386809;195386808;195386810,"9/12 10:00PM, 4 Games"
Will Monney - Night,195377008;195377010;195377006;195377018;195377004;195377009;195470707;195470708;195377016;195377011;195386816;195386815;195377007;195377014;195377005;195377012;195386812;195386809;195386808;195386810,1443178,44083405,Will Monney,Will,Monney,3000,WR,UTAH,ARK @ UTAH,09/12/2026 10:15 PM,https://dkn.gs/sports/images/cfb/teams/50/8341.png,ARK @ UTAH,Night,CFB,9/12,Standard,CFB $20K Hook and Ladder [$5K to 1st] (Late Night);CFB $35K Late Night Snack [$10K to 1st] (Late Night);CFB $4K First Down (Late Night);CFB $3K Coffin Corner [Single Entry] (Late Night);CFB $2.4K Big House [Single Entry] (Late Night);CFB $2K Tailgate [3 Entry Max] (Late Night);CFB $50K Pocket Cup Qualifier #34 (Late Night);CFB $50K Pocket Cup Qualifier #35 (Late Night);CFB $1.8K Kick Return [Single Entry] (Late Night);CFB $1.5K Fourth Down Conversion (Late Night),195377008;195377010;195377006;195377018;195377004;195377009;195470707;195470708;195377016;195377011;195386816;195386815;195377007;195377014;195377005;195377012;195386812;195386809;195386808;195386810,"9/12 10:00PM, 4 Games"
Broderick Redden - Night,195377008;195377010;195377006;195377018;195377004;195377009;195470707;195470708;195377016;195377011;195386816;195386815;195377007;195377014;195377005;195377012;195386812;195386809;195386808;195386810,1582992,44083408,Broderick Redden,Broderick,Redden,3000,WR,UTAH,ARK @ UTAH,09/12/2026 10:15 PM,https://dkn.gs/sports/images/cfb/teams/50/8341.png,ARK @ UTAH,Night,CFB,9/12,Standard,CFB $20K Hook and Ladder [$5K to 1st] (Late Night);CFB $35K Late Night Snack [$10K to 1st] (Late Night);CFB $4K First Down (Late Night);CFB $3K Coffin Corner [Single Entry] (Late Night);CFB $2.4K Big House [Single Entry] (Late Night);CFB $2K Tailgate [3 Entry Max] (Late Night);CFB $50K Pocket Cup Qualifier #34 (Late Night);CFB $50K Pocket Cup Qualifier #35 (Late Night);CFB $1.8K Kick Return [Single Entry] (Late Night);CFB $1.5K Fourth Down Conversion (Late Night),195377008;195377010;195377006;195377018;195377004;195377009;195470707;195470708;195377016;195377011;195386816;195386815;195377007;195377014;195377005;195377012;195386812;195386809;195386808;195386810,"9/12 10:00PM, 4 Games"
Kana'i Lopes - Night,195377008;195377010;195377006;195377018;195377004;195377009;195470707;195470708;195377016;195377011;195386816;195386815;195377007;195377014;195377005;195377012;195386812;195386809;195386808;195386810,1507265,44083411,Kana'i Lopes,Kana'i,Lopes,3000,WR,UTAH,ARK @ UTAH,09/12/2026 10:15 PM,https://dkn.gs/sports/images/cfb/teams/50/8341.png,ARK @ UTAH,Night,CFB,9/12,Standard,CFB $20K Hook and Ladder [$5K to 1st] (Late Night);CFB $35K Late Night Snack [$10K to 1st] (Late Night);CFB $4K First Down (Late Night);CFB $3K Coffin Corner [Single Entry] (Late Night);CFB $2.4K Big House [Single Entry] (Late Night);CFB $2K Tailgate [3 Entry Max] (Late Night);CFB $50K Pocket Cup Qualifier #34 (Late Night);CFB $50K Pocket Cup Qualifier #35 (Late Night);CFB $1.8K Kick Return [Single Entry] (Late Night);CFB $1.5K Fourth Down Conversion (Late Night),195377008;195377010;195377006;195377018;195377004;195377009;195470707;195470708;195377016;195377011;195386816;195386815;195377007;195377014;195377005;195377012;195386812;195386809;195386808;195386810,"9/12 10:00PM, 4 Games"
Bear Fisher - Night,195377008;195377010;195377006;195377018;195377004;195377009;195470707;195470708;195377016;195377011;195386816;195386815;195377007;195377014;195377005;195377012;195386812;195386809;195386808;195386810,1648313,44083414,Bear Fisher,Bear,Fisher,3000,WR,UTAH,ARK @ UTAH,09/12/2026 10:15 PM,https://dkn.gs/sports/images/cfb/teams/50/8341.png,ARK @ UTAH,Night,CFB,9/12,Standard,CFB $20K Hook and Ladder [$5K to 1st] (Late Night);CFB $35K Late Night Snack [$10K to 1st] (Late Night);CFB $4K First Down (Late Night);CFB $3K Coffin Corner [Single Entry] (Late Night);CFB $2.4K Big House [Single Entry] (Late Night);CFB $2K Tailgate [3 Entry Max] (Late Night);CFB $50K Pocket Cup Qualifier #34 (Late Night);CFB $50K Pocket Cup Qualifier #35 (Late Night);CFB $1.8K Kick Return [Single Entry] (Late Night);CFB $1.5K Fourth Down Conversion (Late Night),195377008;195377010;195377006;195377018;195377004;195377009;195470707;195470708;195377016;195377011;195386816;195386815;195377007;195377014;195377005;195377012;195386812;195386809;195386808;195386810,"9/12 10:00PM, 4 Games"
Teague Matthews - Night,195377008;195377010;195377006;195377018;195377004;195377009;195470707;195470708;195377016;195377011;195386816;195386815;195377007;195377014;195377005;195377012;195386812;195386809;195386808;195386810,1672541,44083417,Teague Matthews,Teague,Matthews,3000,WR,UTAH,ARK @ UTAH,09/12/2026 10:15 PM,https://dkn.gs/sports/images/cfb/teams/50/8341.png,ARK @ UTAH,Night,CFB,9/12,Standard,CFB $20K Hook and Ladder [$5K to 1st] (Late Night);CFB $35K Late Night Snack [$10K to 1st] (Late Night);CFB $4K First Down (Late Night);CFB $3K Coffin Corner [Single Entry] (Late Night);CFB $2.4K Big House [Single Entry] (Late Night);CFB $2K Tailgate [3 Entry Max] (Late Night);CFB $50K Pocket Cup Qualifier #34 (Late Night);CFB $50K Pocket Cup Qualifier #35 (Late Night);CFB $1.8K Kick Return [Single Entry] (Late Night);CFB $1.5K Fourth Down Conversion (Late Night),195377008;195377010;195377006;195377018;195377004;195377009;195470707;195470708;195377016;195377011;195386816;195386815;195377007;195377014;195377005;195377012;195386812;195386809;195386808;195386810,"9/12 10:00PM, 4 Games"
Sione Motuapuaka - Night,195377008;195377010;195377006;195377018;195377004;195377009;195470707;195470708;195377016;195377011;195386816;195386815;195377007;195377014;195377005;195377012;195386812;195386809;195386808;195386810,1582989,44083420,Sione Motuapuaka,Sione,Motuapuaka,3000,WR,UTAH,ARK @ UTAH,09/12/2026 10:15 PM,https://dkn.gs/sports/images/cfb/teams/50/8341.png,ARK @ UTAH,Night,CFB,9/12,Standard,CFB $20K Hook and Ladder [$5K to 1st] (Late Night);CFB $35K Late Night Snack [$10K to 1st] (Late Night);CFB $4K First Down (Late Night);CFB $3K Coffin Corner [Single Entry] (Late Night);CFB $2.4K Big House [Single Entry] (Late Night);CFB $2K Tailgate [3 Entry Max] (Late Night);CFB $50K Pocket Cup Qualifier #34 (Late Night);CFB $50K Pocket Cup Qualifier #35 (Late Night);CFB $1.8K Kick Return [Single Entry] (Late Night);CFB $1.5K Fourth Down Conversion (Late Night),195377008;195377010;195377006;195377018;195377004;195377009;195470707;195470708;195377016;195377011;195386816;195386815;195377007;195377014;195377005;195377012;195386812;195386809;195386808;195386810,"9/12 10:00PM, 4 Games"
Bryson Baker - Night,195377008;195377010;195377006;195377018;195377004;195377009;195470707;195470708;195377016;195377011;195386816;195386815;195377007;195377014;195377005;195377012;195386812;195386809;195386808;195386810,1592501,44083423,Bryson Baker,Bryson,Baker,3000,WR,UTAH,ARK @ UTAH,09/12/2026 10:15 PM,https://dkn.gs/sports/images/cfb/teams/50/8341.png,ARK @ UTAH,Night,CFB,9/12,Standard,CFB $20K Hook and Ladder [$5K to 1st] (Late Night);CFB $35K Late Night Snack [$10K to 1st] (Late Night);CFB $4K First Down (Late Night);CFB $3K Coffin Corner [Single Entry] (Late Night);CFB $2.4K Big House [Single Entry] (Late Night);CFB $2K Tailgate [3 Entry Max] (Late Night);CFB $50K Pocket Cup Qualifier #34 (Late Night);CFB $50K Pocket Cup Qualifier #35 (Late Night);CFB $1.8K Kick Return [Single Entry] (Late Night);CFB $1.5K Fourth Down Conversion (Late Night),195377008;195377010;195377006;195377018;195377004;195377009;195470707;195470708;195377016;195377011;195386816;195386815;195377007;195377014;195377005;195377012;195386812;195386809;195386808;195386810,"9/12 10:00PM, 4 Games"
Peyton Rice - Night,195377008;195377010;195377006;195377018;195377004;195377009;195470707;195470708;195377016;195377011;195386816;195386815;195377007;195377014;195377005;195377012;195386812;195386809;195386808;195386810,1461615,44083426,Peyton Rice,Peyton,Rice,3000,WR,UTAH,ARK @ UTAH,09/12/2026 10:15 PM,https://dkn.gs/sports/images/cfb/teams/50/8341.png,ARK @ UTAH,Night,CFB,9/12,Standard,CFB $20K Hook and Ladder [$5K to 1st] (Late Night);CFB $35K Late Night Snack [$10K to 1st] (Late Night);CFB $4K First Down (Late Night);CFB $3K Coffin Corner [Single Entry] (Late Night);CFB $2.4K Big House [Single Entry] (Late Night);CFB $2K Tailgate [3 Entry Max] (Late Night);CFB $50K Pocket Cup Qualifier #34 (Late Night);CFB $50K Pocket Cup Qualifier #35 (Late Night);CFB $1.8K Kick Return [Single Entry] (Late Night);CFB $1.5K Fourth Down Conversion (Late Night),195377008;195377010;195377006;195377018;195377004;195377009;195470707;195470708;195377016;195377011;195386816;195386815;195377007;195377014;195377005;195377012;195386812;195386809;195386808;195386810,"9/12 10:00PM, 4 Games"
Max Ausmus - Night,195377008;195377010;195377006;195377018;195377004;195377009;195470707;195470708;195377016;195377011;195386816;195386815;195377007;195377014;195377005;195377012;195386812;195386809;195386808;195386810,1651373,44083429,Max Ausmus,Max,Ausmus,3000,WR,UTAH,ARK @ UTAH,09/12/2026 10:15 PM,https://dkn.gs/sports/images/cfb/teams/50/8341.png,ARK @ UTAH,Night,CFB,9/12,Standard,CFB $20K Hook and Ladder [$5K to 1st] (Late Night);CFB $35K Late Night Snack [$10K to 1st] (Late Night);CFB $4K First Down (Late Night);CFB $3K Coffin Corner [Single Entry] (Late Night);CFB $2.4K Big House [Single Entry] (Late Night);CFB $2K Tailgate [3 Entry Max] (Late Night);CFB $50K Pocket Cup Qualifier #34 (Late Night);CFB $50K Pocket Cup Qualifier #35 (Late Night);CFB $1.8K Kick Return [Single Entry] (Late Night);CFB $1.5K Fourth Down Conversion (Late Night),195377008;195377010;195377006;195377018;195377004;195377009;195470707;195470708;195377016;195377011;195386816;195386815;195377007;195377014;195377005;195377012;195386812;195386809;195386808;195386810,"9/12 10:00PM, 4 Games"
Matt Clark - Night,195377008;195377010;195377006;195377018;195377004;195377009;195470707;195470708;195377016;195377011;195386816;195386815;195377007;195377014;195377005;195377012;195386812;195386809;195386808;195386810,1519180,44083432,Matt Clark,Matt,Clark,3000,WR,UTAH,ARK @ UTAH,09/12/2026 10:15 PM,https://dkn.gs/sports/images/cfb/teams/50/8341.png,ARK @ UTAH,Night,CFB,9/12,Standard,CFB $20K Hook and Ladder [$5K to 1st] (Late Night);CFB $35K Late Night Snack [$10K to 1st] (Late Night);CFB $4K First Down (Late Night);CFB $3K Coffin Corner [Single Entry] (Late Night);CFB $2.4K Big House [Single Entry] (Late Night);CFB $2K Tailgate [3 Entry Max] (Late Night);CFB $50K Pocket Cup Qualifier #34 (Late Night);CFB $50K Pocket Cup Qualifier #35 (Late Night);CFB $1.8K Kick Return [Single Entry] (Late Night);CFB $1.5K Fourth Down Conversion (Late Night),195377008;195377010;195377006;195377018;195377004;195377009;195470707;195470708;195377016;195377011;195386816;195386815;195377007;195377014;195377005;195377012;195386812;195386809;195386808;195386810,"9/12 10:00PM, 4 Games"
Junior Coughlin - Night,195377008;195377010;195377006;195377018;195377004;195377009;195470707;195470708;195377016;195377011;195386816;195386815;195377007;195377014;195377005;195377012;195386812;195386809;195386808;195386810,1582986,44083435,Junior Coughlin,Junior,Coughlin,3000,WR,UTAH,ARK @ UTAH,09/12/2026 10:15 PM,https://dkn.gs/sports/images/cfb/teams/50/8341.png,ARK @ UTAH,Night,CFB,9/12,Standard,CFB $20K Hook and Ladder [$5K to 1st] (Late Night);CFB $35K Late Night Snack [$10K to 1st] (Late Night);CFB $4K First Down (Late Night);CFB $3K Coffin Corner [Single Entry] (Late Night);CFB $2.4K Big House [Single Entry] (Late Night);CFB $2K Tailgate [3 Entry Max] (Late Night);CFB $50K Pocket Cup Qualifier #34 (Late Night);CFB $50K Pocket Cup Qualifier #35 (Late Night);CFB $1.8K Kick Return [Single Entry] (Late Night);CFB $1.5K Fourth Down Conversion (Late Night),195377008;195377010;195377006;195377018;195377004;195377009;195470707;195470708;195377016;195377011;195386816;195386815;195377007;195377014;195377005;195377012;195386812;195386809;195386808;195386810,"9/12 10:00PM, 4 Games"
Jett Zabel - Night,195377008;195377010;195377006;195377018;195377004;195377009;195470707;195470708;195377016;195377011;195386816;195386815;195377007;195377014;195377005;195377012;195386812;195386809;195386808;195386810,1528250,44083438,Jett Zabel,Jett,Zabel,3000,WR,NDSU,NDSU @ AF,09/12/2026 10:00 PM,,NDSU @ AF,Night,CFB,9/12,Standard,CFB $20K Hook and Ladder [$5K to 1st] (Late Night);CFB $35K Late Night Snack [$10K to 1st] (Late Night);CFB $4K First Down (Late Night);CFB $3K Coffin Corner [Single Entry] (Late Night);CFB $2.4K Big House [Single Entry] (Late Night);CFB $2K Tailgate [3 Entry Max] (Late Night);CFB $50K Pocket Cup Qualifier #34 (Late Night);CFB $50K Pocket Cup Qualifier #35 (Late Night);CFB $1.8K Kick Return [Single Entry] (Late Night);CFB $1.5K Fourth Down Conversion (Late Night),195377008;195377010;195377006;195377018;195377004;195377009;195470707;195470708;195377016;195377011;195386816;195386815;195377007;195377014;195377005;195377012;195386812;195386809;195386808;195386810,"9/12 10:00PM, 4 Games"
Luke Kokat - Night,195377008;195377010;195377006;195377018;195377004;195377009;195470707;195470708;195377016;195377011;195386816;195386815;195377007;195377014;195377005;195377012;195386812;195386809;195386808;195386810,1407543,44083441,Luke Kokat,Luke,Kokat,3000,WR,NDSU,NDSU @ AF,09/12/2026 10:00 PM,,NDSU @ AF,Night,CFB,9/12,Standard,CFB $20K Hook and Ladder [$5K to 1st] (Late Night);CFB $35K Late Night Snack [$10K to 1st] (Late Night);CFB $4K First Down (Late Night);CFB $3K Coffin Corner [Single Entry] (Late Night);CFB $2.4K Big House [Single Entry] (Late Night);CFB $2K Tailgate [3 Entry Max] (Late Night);CFB $50K Pocket Cup Qualifier #34 (Late Night);CFB $50K Pocket Cup Qualifier #35 (Late Night);CFB $1.8K Kick Return [Single Entry] (Late Night);CFB $1.5K Fourth Down Conversion (Late Night),195377008;195377010;195377006;195377018;195377004;195377009;195470707;195470708;195377016;195377011;195386816;195386815;195377007;195377014;195377005;195377012;195386812;195386809;195386808;195386810,"9/12 10:00PM, 4 Games"
Isaac Ellison - Night,195377008;195377010;195377006;195377018;195377004;195377009;195470707;195470708;195377016;195377011;195386816;195386815;195377007;195377014;195377005;195377012;195386812;195386809;195386808;195386810,1600478,44083444,Isaac Ellison,Isaac,Ellison,3000,WR,NDSU,NDSU @ AF,09/12/2026 10:00 PM,,NDSU @ AF,Night,CFB,9/12,Standard,CFB $20K Hook and Ladder [$5K to 1st] (Late Night);CFB $35K Late Night Snack [$10K to 1st] (Late Night);CFB $4K First Down (Late Night);CFB $3K Coffin Corner [Single Entry] (Late Night);CFB $2.4K Big House [Single Entry] (Late Night);CFB $2K Tailgate [3 Entry Max] (Late Night);CFB $50K Pocket Cup Qualifier #34 (Late Night);CFB $50K Pocket Cup Qualifier #35 (Late Night);CFB $1.8K Kick Return [Single Entry] (Late Night);CFB $1.5K Fourth Down Conversion (Late Night),195377008;195377010;195377006;195377018;195377004;195377009;195470707;195470708;195377016;195377011;195386816;195386815;195377007;195377014;195377005;195377012;195386812;195386809;195386808;195386810,"9/12 10:00PM, 4 Games"
Cash Danner - Night,195377008;195377010;195377006;195377018;195377004;195377009;195470707;195470708;195377016;195377011;195386816;195386815;195377007;195377014;195377005;195377012;195386812;195386809;195386808;195386810,1661188,44083447,Cash Danner,Cash,Danner,3000,WR,NDSU,NDSU @ AF,09/12/2026 10:00 PM,,NDSU @ AF,Night,CFB,9/12,Standard,CFB $20K Hook and Ladder [$5K to 1st] (Late Night);CFB $35K Late Night Snack [$10K to 1st] (Late Night);CFB $4K First Down (Late Night);CFB $3K Coffin Corner [Single Entry] (Late Night);CFB $2.4K Big House [Single Entry] (Late Night);CFB $2K Tailgate [3 Entry Max] (Late Night);CFB $50K Pocket Cup Qualifier #34 (Late Night);CFB $50K Pocket Cup Qualifier #35 (Late Night);CFB $1.8K Kick Return [Single Entry] (Late Night);CFB $1.5K Fourth Down Conversion (Late Night),195377008;195377010;195377006;195377018;195377004;195377009;195470707;195470708;195377016;195377011;195386816;195386815;195377007;195377014;195377005;195377012;195386812;195386809;195386808;195386810,"9/12 10:00PM, 4 Games"
Abraham Myers - Night,195377008;195377010;195377006;195377018;195377004;195377009;195470707;195470708;195377016;195377011;195386816;195386815;195377007;195377014;195377005;195377012;195386812;195386809;195386808;195386810,1454373,44083450,Abraham Myers,Abraham,Myers,3000,WR,NDSU,NDSU @ AF,09/12/2026 10:00 PM,,NDSU @ AF,Night,CFB,9/12,Standard,CFB $20K Hook and Ladder [$5K to 1st] (Late Night);CFB $35K Late Night Snack [$10K to 1st] (Late Night);CFB $4K First Down (Late Night);CFB $3K Coffin Corner [Single Entry] (Late Night);CFB $2.4K Big House [Single Entry] (Late Night);CFB $2K Tailgate [3 Entry Max] (Late Night);CFB $50K Pocket Cup Qualifier #34 (Late Night);CFB $50K Pocket Cup Qualifier #35 (Late Night);CFB $1.8K Kick Return [Single Entry] (Late Night);CFB $1.5K Fourth Down Conversion (Late Night),195377008;195377010;195377006;195377018;195377004;195377009;195470707;195470708;195377016;195377011;195386816;195386815;195377007;195377014;195377005;195377012;195386812;195386809;195386808;195386810,"9/12 10:00PM, 4 Games"
Colten Gunderson - Night,195377008;195377010;195377006;195377018;195377004;195377009;195470707;195470708;195377016;195377011;195386816;195386815;195377007;195377014;195377005;195377012;195386812;195386809;195386808;195386810,1661192,44083453,Colten Gunderson,Colten,Gunderson,3000,WR,NDSU,NDSU @ AF,09/12/2026 10:00 PM,,NDSU @ AF,Night,CFB,9/12,Standard,CFB $20K Hook and Ladder [$5K to 1st] (Late Night);CFB $35K Late Night Snack [$10K to 1st] (Late Night);CFB $4K First Down (Late Night);CFB $3K Coffin Corner [Single Entry] (Late Night);CFB $2.4K Big House [Single Entry] (Late Night);CFB $2K Tailgate [3 Entry Max] (Late Night);CFB $50K Pocket Cup Qualifier #34 (Late Night);CFB $50K Pocket Cup Qualifier #35 (Late Night);CFB $1.8K Kick Return [Single Entry] (Late Night);CFB $1.5K Fourth Down Conversion (Late Night),195377008;195377010;195377006;195377018;195377004;195377009;195470707;195470708;195377016;195377011;195386816;195386815;195377007;195377014;195377005;195377012;195386812;195386809;195386808;195386810,"9/12 10:00PM, 4 Games"
Caden Ward - Night,195377008;195377010;195377006;195377018;195377004;195377009;195470707;195470708;195377016;195377011;195386816;195386815;195377007;195377014;195377005;195377012;195386812;195386809;195386808;195386810,1652193,44083456,Caden Ward,Caden,Ward,3000,WR,NDSU,NDSU @ AF,09/12/2026 10:00 PM,,NDSU @ AF,Night,CFB,9/12,Standard,CFB $20K Hook and Ladder [$5K to 1st] (Late Night);CFB $35K Late Night Snack [$10K to 1st] (Late Night);CFB $4K First Down (Late Night);CFB $3K Coffin Corner [Single Entry] (Late Night);CFB $2.4K Big House [Single Entry] (Late Night);CFB $2K Tailgate [3 Entry Max] (Late Night);CFB $50K Pocket Cup Qualifier #34 (Late Night);CFB $50K Pocket Cup Qualifier #35 (Late Night);CFB $1.8K Kick Return [Single Entry] (Late Night);CFB $1.5K Fourth Down Conversion (Late Night),195377008;195377010;195377006;195377018;195377004;195377009;195470707;195470708;195377016;195377011;195386816;195386815;195377007;195377014;195377005;195377012;195386812;195386809;195386808;195386810,"9/12 10:00PM, 4 Games"
Gabriel Cunningham - Night,195377008;195377010;195377006;195377018;195377004;195377009;195470707;195470708;195377016;195377011;195386816;195386815;195377007;195377014;195377005;195377012;195386812;195386809;195386808;195386810,1600413,44083459,Gabriel Cunningham,Gabriel,Cunningham,3000,WR,NDSU,NDSU @ AF,09/12/2026 10:00 PM,,NDSU @ AF,Night,CFB,9/12,Standard,CFB $20K Hook and Ladder [$5K to 1st] (Late Night);CFB $35K Late Night Snack [$10K to 1st] (Late Night);CFB $4K First Down (Late Night);CFB $3K Coffin Corner [Single Entry] (Late Night);CFB $2.4K Big House [Single Entry] (Late Night);CFB $2K Tailgate [3 Entry Max] (Late Night);CFB $50K Pocket Cup Qualifier #34 (Late Night);CFB $50K Pocket Cup Qualifier #35 (Late Night);CFB $1.8K Kick Return [Single Entry] (Late Night);CFB $1.5K Fourth Down Conversion (Late Night),195377008;195377010;195377006;195377018;195377004;195377009;195470707;195470708;195377016;195377011;195386816;195386815;195377007;195377014;195377005;195377012;195386812;195386809;195386808;195386810,"9/12 10:00PM, 4 Games"
Noah Nelson - Night,195377008;195377010;195377006;195377018;195377004;195377009;195470707;195470708;195377016;195377011;195386816;195386815;195377007;195377014;195377005;195377012;195386812;195386809;195386808;195386810,1600514,44083462,Noah Nelson,Noah,Nelson,3000,WR,NDSU,NDSU @ AF,09/12/2026 10:00 PM,,NDSU @ AF,Night,CFB,9/12,Standard,CFB $20K Hook and Ladder [$5K to 1st] (Late Night);CFB $35K Late Night Snack [$10K to 1st] (Late Night);CFB $4K First Down (Late Night);CFB $3K Coffin Corner [Single Entry] (Late Night);CFB $2.4K Big House [Single Entry] (Late Night);CFB $2K Tailgate [3 Entry Max] (Late Night);CFB $50K Pocket Cup Qualifier #34 (Late Night);CFB $50K Pocket Cup Qualifier #35 (Late Night);CFB $1.8K Kick Return [Single Entry] (Late Night);CFB $1.5K Fourth Down Conversion (Late Night),195377008;195377010;195377006;195377018;195377004;195377009;195470707;195470708;195377016;195377011;195386816;195386815;195377007;195377014;195377005;195377012;195386812;195386809;195386808;195386810,"9/12 10:00PM, 4 Games"
John Gores - Night,195377008;195377010;195377006;195377018;195377004;195377009;195470707;195470708;195377016;195377011;195386816;195386815;195377007;195377014;195377005;195377012;195386812;195386809;195386808;195386810,1407534,44083465,John Gores,John,Gores,3000,WR,NDSU,NDSU @ AF,09/12/2026 10:00 PM,,NDSU @ AF,Night,CFB,9/12,Standard,CFB $20K Hook and Ladder [$5K to 1st] (Late Night);CFB $35K Late Night Snack [$10K to 1st] (Late Night);CFB $4K First Down (Late Night);CFB $3K Coffin Corner [Single Entry] (Late Night);CFB $2.4K Big House [Single Entry] (Late Night);CFB $2K Tailgate [3 Entry Max] (Late Night);CFB $50K Pocket Cup Qualifier #34 (Late Night);CFB $50K Pocket Cup Qualifier #35 (Late Night);CFB $1.8K Kick Return [Single Entry] (Late Night);CFB $1.5K Fourth Down Conversion (Late Night),195377008;195377010;195377006;195377018;195377004;195377009;195470707;195470708;195377016;195377011;195386816;195386815;195377007;195377014;195377005;195377012;195386812;195386809;195386808;195386810,"9/12 10:00PM, 4 Games"
Kelly Watson - Night,195377008;195377010;195377006;195377018;195377004;195377009;195470707;195470708;195377016;195377011;195386816;195386815;195377007;195377014;195377005;195377012;195386812;195386809;195386808;195386810,1470108,44083468,Kelly Watson,Kelly,Watson,3000,WR,NDSU,NDSU @ AF,09/12/2026 10:00 PM,,NDSU @ AF,Night,CFB,9/12,Standard,CFB $20K Hook and Ladder [$5K to 1st] (Late Night);CFB $35K Late Night Snack [$10K to 1st] (Late Night);CFB $4K First Down (Late Night);CFB $3K Coffin Corner [Single Entry] (Late Night);CFB $2.4K Big House [Single Entry] (Late Night);CFB $2K Tailgate [3 Entry Max] (Late Night);CFB $50K Pocket Cup Qualifier #34 (Late Night);CFB $50K Pocket Cup Qualifier #35 (Late Night);CFB $1.8K Kick Return [Single Entry] (Late Night);CFB $1.5K Fourth Down Conversion (Late Night),195377008;195377010;195377006;195377018;195377004;195377009;195470707;195470708;195377016;195377011;195386816;195386815;195377007;195377014;195377005;195377012;195386812;195386809;195386808;195386810,"9/12 10:00PM, 4 Games"
Jacob Kilzer - Night,195377008;195377010;195377006;195377018;195377004;195377009;195470707;195470708;195377016;195377011;195386816;195386815;195377007;195377014;195377005;195377012;195386812;195386809;195386808;195386810,1514742,44083471,Jacob Kilzer,Jacob,Kilzer,3000,WR,NDSU,NDSU @ AF,09/12/2026 10:00 PM,,NDSU @ AF,Night,CFB,9/12,Standard,CFB $20K Hook and Ladder [$5K to 1st] (Late Night);CFB $35K Late Night Snack [$10K to 1st] (Late Night);CFB $4K First Down (Late Night);CFB $3K Coffin Corner [Single Entry] (Late Night);CFB $2.4K Big House [Single Entry] (Late Night);CFB $2K Tailgate [3 Entry Max] (Late Night);CFB $50K Pocket Cup Qualifier #34 (Late Night);CFB $50K Pocket Cup Qualifier #35 (Late Night);CFB $1.8K Kick Return [Single Entry] (Late Night);CFB $1.5K Fourth Down Conversion (Late Night),195377008;195377010;195377006;195377018;195377004;195377009;195470707;195470708;195377016;195377011;195386816;195386815;195377007;195377014;195377005;195377012;195386812;195386809;195386808;195386810,"9/12 10:00PM, 4 Games"
Dylan Vokal - Night,195377008;195377010;195377006;195377018;195377004;195377009;195470707;195470708;195377016;195377011;195386816;195386815;195377007;195377014;195377005;195377012;195386812;195386809;195386808;195386810,1600512,44083474,Dylan Vokal,Dylan,Vokal,3000,WR,NDSU,NDSU @ AF,09/12/2026 10:00 PM,,NDSU @ AF,Night,CFB,9/12,Standard,CFB $20K Hook and Ladder [$5K to 1st] (Late Night);CFB $35K Late Night Snack [$10K to 1st] (Late Night);CFB $4K First Down (Late Night);CFB $3K Coffin Corner [Single Entry] (Late Night);CFB $2.4K Big House [Single Entry] (Late Night);CFB $2K Tailgate [3 Entry Max] (Late Night);CFB $50K Pocket Cup Qualifier #34 (Late Night);CFB $50K Pocket Cup Qualifier #35 (Late Night);CFB $1.8K Kick Return [Single Entry] (Late Night);CFB $1.5K Fourth Down Conversion (Late Night),195377008;195377010;195377006;195377018;195377004;195377009;195470707;195470708;195377016;195377011;195386816;195386815;195377007;195377014;195377005;195377012;195386812;195386809;195386808;195386810,"9/12 10:00PM, 4 Games"
Joaquin Jordan - Night,195377008;195377010;195377006;195377018;195377004;195377009;195470707;195470708;195377016;195377011;195386816;195386815;195377007;195377014;195377005;195377012;195386812;195386809;195386808;195386810,1661184,44083477,Joaquin Jordan,Joaquin,Jordan,3000,WR,NDSU,NDSU @ AF,09/12/2026 10:00 PM,,NDSU @ AF,Night,CFB,9/12,Standard,CFB $20K Hook and Ladder [$5K to 1st] (Late Night);CFB $35K Late Night Snack [$10K to 1st] (Late Night);CFB $4K First Down (Late Night);CFB $3K Coffin Corner [Single Entry] (Late Night);CFB $2.4K Big House [Single Entry] (Late Night);CFB $2K Tailgate [3 Entry Max] (Late Night);CFB $50K Pocket Cup Qualifier #34 (Late Night);CFB $50K Pocket Cup Qualifier #35 (Late Night);CFB $1.8K Kick Return [Single Entry] (Late Night);CFB $1.5K Fourth Down Conversion (Late Night),195377008;195377010;195377006;195377018;195377004;195377009;195470707;195470708;195377016;195377011;195386816;195386815;195377007;195377014;195377005;195377012;195386812;195386809;195386808;195386810,"9/12 10:00PM, 4 Games"
Drake Schlosser - Night,195377008;195377010;195377006;195377018;195377004;195377009;195470707;195470708;195377016;195377011;195386816;195386815;195377007;195377014;195377005;195377012;195386812;195386809;195386808;195386810,1600386,44083480,Drake Schlosser,Drake,Schlosser,3000,WR,NDSU,NDSU @ AF,09/12/2026 10:00 PM,,NDSU @ AF,Night,CFB,9/12,Standard,CFB $20K Hook and Ladder [$5K to 1st] (Late Night);CFB $35K Late Night Snack [$10K to 1st] (Late Night);CFB $4K First Down (Late Night);CFB $3K Coffin Corner [Single Entry] (Late Night);CFB $2.4K Big House [Single Entry] (Late Night);CFB $2K Tailgate [3 Entry Max] (Late Night);CFB $50K Pocket Cup Qualifier #34 (Late Night);CFB $50K Pocket Cup Qualifier #35 (Late Night);CFB $1.8K Kick Return [Single Entry] (Late Night);CFB $1.5K Fourth Down Conversion (Late Night),195377008;195377010;195377006;195377018;195377004;195377009;195470707;195470708;195377016;195377011;195386816;195386815;195377007;195377014;195377005;195377012;195386812;195386809;195386808;195386810,"9/12 10:00PM, 4 Games"
Brandon Walton - Night,195377008;195377010;195377006;195377018;195377004;195377009;195470707;195470708;195377016;195377011;195386816;195386815;195377007;195377014;195377005;195377012;195386812;195386809;195386808;195386810,1663281,44083483,Brandon Walton,Brandon,Walton,3000,WR,NDSU,NDSU @ AF,09/12/2026 10:00 PM,,NDSU @ AF,Night,CFB,9/12,Standard,CFB $20K Hook and Ladder [$5K to 1st] (Late Night);CFB $35K Late Night Snack [$10K to 1st] (Late Night);CFB $4K First Down (Late Night);CFB $3K Coffin Corner [Single Entry] (Late Night);CFB $2.4K Big House [Single Entry] (Late Night);CFB $2K Tailgate [3 Entry Max] (Late Night);CFB $50K Pocket Cup Qualifier #34 (Late Night);CFB $50K Pocket Cup Qualifier #35 (Late Night);CFB $1.8K Kick Return [Single Entry] (Late Night);CFB $1.5K Fourth Down Conversion (Late Night),195377008;195377010;195377006;195377018;195377004;195377009;195470707;195470708;195377016;195377011;195386816;195386815;195377007;195377014;195377005;195377012;195386812;195386809;195386808;195386810,"9/12 10:00PM, 4 Games"
Kye Schlichting - Night,195377008;195377010;195377006;195377018;195377004;195377009;195470707;195470708;195377016;195377011;195386816;195386815;195377007;195377014;195377005;195377012;195386812;195386809;195386808;195386810,1661181,44083486,Kye Schlichting,Kye,Schlichting,3000,WR,NDSU,NDSU @ AF,09/12/2026 10:00 PM,,NDSU @ AF,Night,CFB,9/12,Standard,CFB $20K Hook and Ladder [$5K to 1st] (Late Night);CFB $35K Late Night Snack [$10K to 1st] (Late Night);CFB $4K First Down (Late Night);CFB $3K Coffin Corner [Single Entry] (Late Night);CFB $2.4K Big House [Single Entry] (Late Night);CFB $2K Tailgate [3 Entry Max] (Late Night);CFB $50K Pocket Cup Qualifier #34 (Late Night);CFB $50K Pocket Cup Qualifier #35 (Late Night);CFB $1.8K Kick Return [Single Entry] (Late Night);CFB $1.5K Fourth Down Conversion (Late Night),195377008;195377010;195377006;195377018;195377004;195377009;195470707;195470708;195377016;195377011;195386816;195386815;195377007;195377014;195377005;195377012;195386812;195386809;195386808;195386810,"9/12 10:00PM, 4 Games"
Myles Ellis - Night,195377008;195377010;195377006;195377018;195377004;195377009;195470707;195470708;195377016;195377011;195386816;195386815;195377007;195377014;195377005;195377012;195386812;195386809;195386808;195386810,1661201,44083489,Myles Ellis,Myles,Ellis,3000,WR,NDSU,NDSU @ AF,09/12/2026 10:00 PM,,NDSU @ AF,Night,CFB,9/12,Standard,CFB $20K Hook and Ladder [$5K to 1st] (Late Night);CFB $35K Late Night Snack [$10K to 1st] (Late Night);CFB $4K First Down (Late Night);CFB $3K Coffin Corner [Single Entry] (Late Night);CFB $2.4K Big House [Single Entry] (Late Night);CFB $2K Tailgate [3 Entry Max] (Late Night);CFB $50K Pocket Cup Qualifier #34 (Late Night);CFB $50K Pocket Cup Qualifier #35 (Late Night);CFB $1.8K Kick Return [Single Entry] (Late Night);CFB $1.5K Fourth Down Conversion (Late Night),195377008;195377010;195377006;195377018;195377004;195377009;195470707;195470708;195377016;195377011;195386816;195386815;195377007;195377014;195377005;195377012;195386812;195386809;195386808;195386810,"9/12 10:00PM, 4 Games"
SJ Green - Night,195377008;195377010;195377006;195377018;195377004;195377009;195470707;195470708;195377016;195377011;195386816;195386815;195377007;195377014;195377005;195377012;195386812;195386809;195386808;195386810,1600510,44083492,SJ Green,SJ,Green,3000,WR,NDSU,NDSU @ AF,09/12/2026 10:00 PM,,NDSU @ AF,Night,CFB,9/12,Standard,CFB $20K Hook and Ladder [$5K to 1st] (Late Night);CFB $35K Late Night Snack [$10K to 1st] (Late Night);CFB $4K First Down (Late Night);CFB $3K Coffin Corner [Single Entry] (Late Night);CFB $2.4K Big House [Single Entry] (Late Night);CFB $2K Tailgate [3 Entry Max] (Late Night);CFB $50K Pocket Cup Qualifier #34 (Late Night);CFB $50K Pocket Cup Qualifier #35 (Late Night);CFB $1.8K Kick Return [Single Entry] (Late Night);CFB $1.5K Fourth Down Conversion (Late Night),195377008;195377010;195377006;195377018;195377004;195377009;195470707;195470708;195377016;195377011;195386816;195386815;195377007;195377014;195377005;195377012;195386812;195386809;195386808;195386810,"9/12 10:00PM, 4 Games"
Tochi Okoro - Night,195377008;195377010;195377006;195377018;195377004;195377009;195470707;195470708;195377016;195377011;195386816;195386815;195377007;195377014;195377005;195377012;195386812;195386809;195386808;195386810,1663256,44083495,Tochi Okoro,Tochi,Okoro,3000,WR,NDSU,NDSU @ AF,09/12/2026 10:00 PM,,NDSU @ AF,Night,CFB,9/12,Standard,CFB $20K Hook and Ladder [$5K to 1st] (Late Night);CFB $35K Late Night Snack [$10K to 1st] (Late Night);CFB $4K First Down (Late Night);CFB $3K Coffin Corner [Single Entry] (Late Night);CFB $2.4K Big House [Single Entry] (Late Night);CFB $2K Tailgate [3 Entry Max] (Late Night);CFB $50K Pocket Cup Qualifier #34 (Late Night);CFB $50K Pocket Cup Qualifier #35 (Late Night);CFB $1.8K Kick Return [Single Entry] (Late Night);CFB $1.5K Fourth Down Conversion (Late Night),195377008;195377010;195377006;195377018;195377004;195377009;195470707;195470708;195377016;195377011;195386816;195386815;195377007;195377014;195377005;195377012;195386812;195386809;195386808;195386810,"9/12 10:00PM, 4 Games"
Brock Boyd - Showdown Captain Mode (Captain),195582379;195582460;195580463;195582104;195581991;195582352;195477619;195477613;195581177;195478126;195478125;195478124;195478123;195478122;195478121;195478120;195477985;195477986;195478032;195478034,1649754,44095827,Brock Boyd,Brock,Boyd,3000,CPT,OSU,OSU @ TEX,09/12/2026 07:30 PM,https://dkn.gs/sports/images/cfb/teams/50/7874.png,OSU @ TEX,Showdown Captain Mode,CFB,9/12,Captain,"CFB Showdown $240 Huddle [Single Entry] (OSU @ TEX);CFB Showdown $100 Redshirt [Single Entry] (OSU @ TEX);CFB Showdown $408 Winner Take All [$1.5K to 1st, Must Fill] (OSU @ TEX);CFB Showdown $530 Winner Take All [Must Fill] (OSU @ TEX);CFB Showdown $50 Quarter Jukebox [Just $0.25!] (OSU @ TEX);CFB Showdown $267 Winner Take All [Must Fill] (OSU @ TEX);CFB Showdown Satellite to NHL 11-3 $555 Barn Burner [Must Fill] (OSU @ TEX);CFB Showdown $100 Winner Take All [$460 to 1st] (Must Fill) (OSU @ TEX);CFB Showdown Satellite to NHL 9-29 $15 Opening Night Puck Drop [Must Fill] (OSU @ TEX);CFB Showdown Satellite to CFB $555 Mid-Season Main Event (10-10) (OSU @ TEX)",195582379;195582460;195580463;195582104;195581991;195582352;195477619;195477613;195581177;195478126;195478125;195478124;195478123;195478122;195478121;195478120;195477985;195477986;195478032;195478034,9/12 7:30PM (OSU @ TEX)
CJ Brown - Showdown Captain Mode (Flex),195476951;195476948;195476952;195477720;195477723;195476956;195477719;195477727;195477721;195476955;195477726;195476949;195476950;195476953;195476954;195567364;195477928;195477927;195477926;195477925,1506084,44095451,CJ Brown,CJ,Brown,3000,WR,ARK,ARK @ UTAH,09/12/2026 10:15 PM,https://dkn.gs/sports/images/cfb/teams/50/8175.png,ARK @ UTAH,Showdown Captain Mode,CFB,9/12,Flex,"CFB Showdown $6K Air Raid [$2K to 1st] (ARK @ UTAH);CFB Showdown $720 Kick Return [Single Entry, Top 2 Win] (ARK @ UTAH);CFB Showdown $750 First Down (ARK @ UTAH);CFB Showdown $530 Winner Take All [Must Fill] (ARK @ UTAH);CFB Showdown $408 Winner Take All [$1.5K to 1st, Must Fill] (ARK @ UTAH);CFB Showdown $400 Coffin Corner [Single Entry] (ARK @ UTAH);CFB Showdown $267 Winner Take All [Must Fill] (ARK @ UTAH);CFB Showdown Satellite to NHL 11-3 $555 Barn Burner [Must Fill] (ARK @ UTAH);CFB Showdown $100 Winner Take All [$460 to 1st] (Must Fill) (ARK @ UTAH);CFB Showdown $155 White-Out [Single Entry] (ARK @ UTAH)",195476951;195476948;195476952;195477720;195477723;195476956;195477719;195477727;195477721;195476955;195477726;195476949;195476950;195476953;195476954;195567364;195477928;195477927;195477926;195477925,9/12 10:15PM (ARK @ UTAH)
Jaden Platt - Showdown Captain Mode (Captain),195476951;195476948;195476952;195477720;195477723;195476956;195477719;195477727;195477721;195476955;195477726;195476949;195476950;195476953;195476954;195567364;195477928;195477927;195477926;195477925,1442956,44095532,Jaden Platt,Jaden,Platt,3000,CPT,ARK,ARK @ UTAH,09/12/2026 10:15 PM,https://dkn.gs/sports/images/cfb/teams/50/8175.png,ARK @ UTAH,Showdown Captain Mode,CFB,9/12,Captain,"CFB Showdown $6K Air Raid [$2K to 1st] (ARK @ UTAH);CFB Showdown $720 Kick Return [Single Entry, Top 2 Win] (ARK @ UTAH);CFB Showdown $750 First Down (ARK @ UTAH);CFB Showdown $530 Winner Take All [Must Fill] (ARK @ UTAH);CFB Showdown $408 Winner Take All [$1.5K to 1st, Must Fill] (ARK @ UTAH);CFB Showdown $400 Coffin Corner [Single Entry] (ARK @ UTAH);CFB Showdown $267 Winner Take All [Must Fill] (ARK @ UTAH);CFB Showdown Satellite to NHL 11-3 $555 Barn Burner [Must Fill] (ARK @ UTAH);CFB Showdown $100 Winner Take All [$460 to 1st] (Must Fill) (ARK @ UTAH);CFB Showdown $155 White-Out [Single Entry] (ARK @ UTAH)",195476951;195476948;195476952;195477720;195477723;195476956;195477719;195477727;195477721;195476955;195477726;195476949;195476950;195476953;195476954;195567364;195477928;195477927;195477926;195477925,9/12 10:15PM (ARK @ UTAH)
Brodie Malone-Bradford - Showdown Captain Mode (Captain),195476961;195476957;195477828;195476965;195477831;195477827;195476958;195477835;195477829;195476959;195477834;195476960;195476962;195476963;195476964;195477944;195477943;195477942;195477941;195477940,1584646,44095676,Brodie Malone-Bradford,Brodie,Malone-Bradford,3000,CPT,NMST,NMST @ HAW,09/13/2026 12:00 AM,https://dkn.gs/sports/images/cfb/teams/50/7946.png,NMST @ HAW,Showdown Captain Mode,CFB,9/13,Captain,"CFB Showdown $4K Air Raid [$1K to 1st] (NMST @ HAW);CFB Showdown $720 Kick Return [Single Entry, Top 2 Win] (NMST @ HAW);CFB Showdown $530 Winner Take All [Must Fill] (NMST @ HAW);CFB Showdown $200 Redshirt [Single Entry] (NMST @ HAW);CFB Showdown $408 Winner Take All [$1.5K to 1st, Must Fill] (NMST @ HAW);CFB Showdown $267 Winner Take All [Must Fill] (NMST @ HAW);CFB Showdown $155 White-Out [Single Entry] (NMST @ HAW);CFB Showdown Satellite to NHL 11-3 $555 Barn Burner [Must Fill] (NMST @ HAW);CFB Showdown $100 Winner Take All [$460 to 1st] (Must Fill) (NMST @ HAW);CFB Showdown $310 Blitz [Single Entry] (NMST @ HAW)",195476961;195476957;195477828;195476965;195477831;195477827;195476958;195477835;195477829;195476959;195477834;195476960;195476962;195476963;195476964;195477944;195477943;195477942;195477941;195477940,9/13 12:00AM (NMST @ HAW)
Sterling Berkhalter - Showdown Captain Mode (Flex),195582379;195582460;195580463;195582104;195581991;195582352;195477619;195477613;195581177;195478126;195478125;195478124;195478123;195478122;195478121;195478120;195477985;195477986;195478032;195478034,1327232,44095748,Sterling Berkhalter,Sterling,Berkhalter,2800,WR,TEX,OSU @ TEX,09/12/2026 07:30 PM,https://dkn.gs/sports/images/cfb/teams/50/8240.png,OSU @ TEX,Showdown Captain Mode,CFB,9/12,Flex,"CFB Showdown $240 Huddle [Single Entry] (OSU @ TEX);CFB Showdown $100 Redshirt [Single Entry] (OSU @ TEX);CFB Showdown $408 Winner Take All [$1.5K to 1st, Must Fill] (OSU @ TEX);CFB Showdown $530 Winner Take All [Must Fill] (OSU @ TEX);CFB Showdown $50 Quarter Jukebox [Just $0.25!] (OSU @ TEX);CFB Showdown $267 Winner Take All [Must Fill] (OSU @ TEX);CFB Showdown Satellite to NHL 11-3 $555 Barn Burner [Must Fill] (OSU @ TEX);CFB Showdown $100 Winner Take All [$460 to 1st] (Must Fill) (OSU @ TEX);CFB Showdown Satellite to NHL 9-29 $15 Opening Night Puck Drop [Must Fill] (OSU @ TEX);CFB Showdown Satellite to CFB $555 Mid-Season Main Event (10-10) (OSU @ TEX)",195582379;195582460;195580463;195582104;195581991;195582352;195477619;195477613;195581177;195478126;195478125;195478124;195478123;195478122;195478121;195478120;195477985;195477986;195478032;195478034,9/12 7:30PM (OSU @ TEX)
Daidren Zipperer - Showdown Captain Mode (Flex),195476951;195476948;195476952;195477720;195477723;195476956;195477719;195477727;195477721;195476955;195477726;195476949;195476950;195476953;195476954;195567364;195477928;195477927;195477926;195477925,1456805,44095452,Daidren Zipperer,Daidren,Zipperer,2800,WR,UTAH,ARK @ UTAH,09/12/2026 10:15 PM,https://dkn.gs/sports/images/cfb/teams/50/8341.png,ARK @ UTAH,Showdown Captain Mode,CFB,9/12,Flex,"CFB Showdown $6K Air Raid [$2K to 1st] (ARK @ UTAH);CFB Showdown $720 Kick Return [Single Entry, Top 2 Win] (ARK @ UTAH);CFB Showdown $750 First Down (ARK @ UTAH);CFB Showdown $530 Winner Take All [Must Fill] (ARK @ UTAH);CFB Showdown $408 Winner Take All [$1.5K to 1st, Must Fill] (ARK @ UTAH);CFB Showdown $400 Coffin Corner [Single Entry] (ARK @ UTAH);CFB Showdown $267 Winner Take All [Must Fill] (ARK @ UTAH);CFB Showdown Satellite to NHL 11-3 $555 Barn Burner [Must Fill] (ARK @ UTAH);CFB Showdown $100 Winner Take All [$460 to 1st] (Must Fill) (ARK @ UTAH);CFB Showdown $155 White-Out [Single Entry] (ARK @ UTAH)",195476951;195476948;195476952;195477720;195477723;195476956;195477719;195477727;195477721;195476955;195477726;195476949;195476950;195476953;195476954;195567364;195477928;195477927;195477926;195477925,9/12 10:15PM (ARK @ UTAH)
Blaze Kamoku - Showdown Captain Mode (Flex),195476961;195476957;195477828;195476965;195477831;195477827;195476958;195477835;195477829;195476959;195477834;195476960;195476962;195476963;195476964;195477944;195477943;195477942;195477941;195477940,1513093,44095600,Blaze Kamoku,Blaze,Kamoku,2800,WR,HAW,NMST @ HAW,09/13/2026 12:00 AM,https://dkn.gs/sports/images/cfb/teams/50/8316.png,NMST @ HAW,Showdown Captain Mode,CFB,9/13,Flex,"CFB Showdown $4K Air Raid [$1K to 1st] (NMST @ HAW);CFB Showdown $720 Kick Return [Single Entry, Top 2 Win] (NMST @ HAW);CFB Showdown $530 Winner Take All [Must Fill] (NMST @ HAW);CFB Showdown $200 Redshirt [Single Entry] (NMST @ HAW);CFB Showdown $408 Winner Take All [$1.5K to 1st, Must Fill] (NMST @ HAW);CFB Showdown $267 Winner Take All [Must Fill] (NMST @ HAW);CFB Showdown $155 White-Out [Single Entry] (NMST @ HAW);CFB Showdown Satellite to NHL 11-3 $555 Barn Burner [Must Fill] (NMST @ HAW);CFB Showdown $100 Winner Take All [$460 to 1st] (Must Fill) (NMST @ HAW);CFB Showdown $310 Blitz [Single Entry] (NMST @ HAW)",195476961;195476957;195477828;195476965;195477831;195477827;195476958;195477835;195477829;195476959;195477834;195476960;195476962;195476963;195476964;195477944;195477943;195477942;195477941;195477940,9/13 12:00AM (NMST @ HAW)
Nick Townsend - Showdown Captain Mode (Captain),195582379;195582460;195580463;195582104;195581991;195582352;195477619;195477613;195581177;195478126;195478125;195478124;195478123;195478122;195478121;195478120;195477985;195477986;195478032;195478034,1597674,44095828,Nick Townsend,Nick,Townsend,2700,CPT,TEX,OSU @ TEX,09/12/2026 07:30 PM,https://dkn.gs/sports/images/cfb/teams/50/8240.png,OSU @ TEX,Showdown Captain Mode,CFB,9/12,Captain,"CFB Showdown $240 Huddle [Single Entry] (OSU @ TEX);CFB Showdown $100 Redshirt [Single Entry] (OSU @ TEX);CFB Showdown $408 Winner Take All [$1.5K to 1st, Must Fill] (OSU @ TEX);CFB Showdown $530 Winner Take All [Must Fill] (OSU @ TEX);CFB Showdown $50 Quarter Jukebox [Just $0.25!] (OSU @ TEX);CFB Showdown $267 Winner Take All [Must Fill] (OSU @ TEX);CFB Showdown Satellite to NHL 11-3 $555 Barn Burner [Must Fill] (OSU @ TEX);CFB Showdown $100 Winner Take All [$460 to 1st] (Must Fill) (OSU @ TEX);CFB Showdown Satellite to NHL 9-29 $15 Opening Night Puck Drop [Must Fill] (OSU @ TEX);CFB Showdown Satellite to CFB $555 Mid-Season Main Event (10-10) (OSU @ TEX)",195582379;195582460;195580463;195582104;195581991;195582352;195477619;195477613;195581177;195478126;195478125;195478124;195478123;195478122;195478121;195478120;195477985;195477986;195478032;195478034,9/12 7:30PM (OSU @ TEX)
Ty Lockwood - Showdown Captain Mode (Captain),195476951;195476948;195476952;195477720;195477723;195476956;195477719;195477727;195477721;195476955;195477726;195476949;195476950;195476953;195476954;195567364;195477928;195477927;195477926;195477925,1440901,44095533,Ty Lockwood,Ty,Lockwood,2700,CPT,ARK,ARK @ UTAH,09/12/2026 10:15 PM,https://dkn.gs/sports/images/cfb/teams/50/8175.png,ARK @ UTAH,Showdown Captain Mode,CFB,9/12,Captain,"CFB Showdown $6K Air Raid [$2K to 1st] (ARK @ UTAH);CFB Showdown $720 Kick Return [Single Entry, Top 2 Win] (ARK @ UTAH);CFB Showdown $750 First Down (ARK @ UTAH);CFB Showdown $530 Winner Take All [Must Fill] (ARK @ UTAH);CFB Showdown $408 Winner Take All [$1.5K to 1st, Must Fill] (ARK @ UTAH);CFB Showdown $400 Coffin Corner [Single Entry] (ARK @ UTAH);CFB Showdown $267 Winner Take All [Must Fill] (ARK @ UTAH);CFB Showdown Satellite to NHL 11-3 $555 Barn Burner [Must Fill] (ARK @ UTAH);CFB Showdown $100 Winner Take All [$460 to 1st] (Must Fill) (ARK @ UTAH);CFB Showdown $155 White-Out [Single Entry] (ARK @ UTAH)",195476951;195476948;195476952;195477720;195477723;195476956;195477719;195477727;195477721;195476955;195477726;195476949;195476950;195476953;195476954;195567364;195477928;195477927;195477926;195477925,9/12 10:15PM (ARK @ UTAH)
Carson Brown - Showdown Captain Mode (Captain),195476961;195476957;195477828;195476965;195477831;195477827;195476958;195477835;195477829;195476959;195477834;195476960;195476962;195476963;195476964;195477944;195477943;195477942;195477941;195477940,1390931,44095677,Carson Brown,Carson,Brown,2700,CPT,HAW,NMST @ HAW,09/13/2026 12:00 AM,https://dkn.gs/sports/images/cfb/teams/50/8316.png,NMST @ HAW,Showdown Captain Mode,CFB,9/13,Captain,"CFB Showdown $4K Air Raid [$1K to 1st] (NMST @ HAW);CFB Showdown $720 Kick Return [Single Entry, Top 2 Win] (NMST @ HAW);CFB Showdown $530 Winner Take All [Must Fill] (NMST @ HAW);CFB Showdown $200 Redshirt [Single Entry] (NMST @ HAW);CFB Showdown $408 Winner Take All [$1.5K to 1st, Must Fill] (NMST @ HAW);CFB Showdown $267 Winner Take All [Must Fill] (NMST @ HAW);CFB Showdown $155 White-Out [Single Entry] (NMST @ HAW);CFB Showdown Satellite to NHL 11-3 $555 Barn Burner [Must Fill] (NMST @ HAW);CFB Showdown $100 Winner Take All [$460 to 1st] (Must Fill) (NMST @ HAW);CFB Showdown $310 Blitz [Single Entry] (NMST @ HAW)",195476961;195476957;195477828;195476965;195477831;195477827;195476958;195477835;195477829;195476959;195477834;195476960;195476962;195476963;195476964;195477944;195477943;195477942;195477941;195477940,9/13 12:00AM (NMST @ HAW)
Emaree Winston - Showdown Captain Mode (Flex),195582379;195582460;195580463;195582104;195581991;195582352;195477619;195477613;195581177;195478126;195478125;195478124;195478123;195478122;195478121;195478120;195477985;195477986;195478032;195478034,1582595,44095749,Emaree Winston,Emaree,Winston,2600,WR,TEX,OSU @ TEX,09/12/2026 07:30 PM,https://dkn.gs/sports/images/cfb/teams/50/8240.png,OSU @ TEX,Showdown Captain Mode,CFB,9/12,Flex,"CFB Showdown $240 Huddle [Single Entry] (OSU @ TEX);CFB Showdown $100 Redshirt [Single Entry] (OSU @ TEX);CFB Showdown $408 Winner Take All [$1.5K to 1st, Must Fill] (OSU @ TEX);CFB Showdown $530 Winner Take All [Must Fill] (OSU @ TEX);CFB Showdown $50 Quarter Jukebox [Just $0.25!] (OSU @ TEX);CFB Showdown $267 Winner Take All [Must Fill] (OSU @ TEX);CFB Showdown Satellite to NHL 11-3 $555 Barn Burner [Must Fill] (OSU @ TEX);CFB Showdown $100 Winner Take All [$460 to 1st] (Must Fill) (OSU @ TEX);CFB Showdown Satellite to NHL 9-29 $15 Opening Night Puck Drop [Must Fill] (OSU @ TEX);CFB Showdown Satellite to CFB $555 Mid-Season Main Event (10-10) (OSU @ TEX)",195582379;195582460;195580463;195582104;195581991;195582352;195477619;195477613;195581177;195478126;195478125;195478124;195478123;195478122;195478121;195478120;195477985;195477986;195478032;195478034,9/12 7:30PM (OSU @ TEX)
Ricky Johnson - Showdown Captain Mode (Flex),195476951;195476948;195476952;195477720;195477723;195476956;195477719;195477727;195477721;195476955;195477726;195476949;195476950;195476953;195476954;195567364;195477928;195477927;195477926;195477925,1520278,44095453,Ricky Johnson,Ricky,Johnson,2600,WR,UTAH,ARK @ UTAH,09/12/2026 10:15 PM,https://dkn.gs/sports/images/cfb/teams/50/8341.png,ARK @ UTAH,Showdown Captain Mode,CFB,9/12,Flex,"CFB Showdown $6K Air Raid [$2K to 1st] (ARK @ UTAH);CFB Showdown $720 Kick Return [Single Entry, Top 2 Win] (ARK @ UTAH);CFB Showdown $750 First Down (ARK @ UTAH);CFB Showdown $530 Winner Take All [Must Fill] (ARK @ UTAH);CFB Showdown $408 Winner Take All [$1.5K to 1st, Must Fill] (ARK @ UTAH);CFB Showdown $400 Coffin Corner [Single Entry] (ARK @ UTAH);CFB Showdown $267 Winner Take All [Must Fill] (ARK @ UTAH);CFB Showdown Satellite to NHL 11-3 $555 Barn Burner [Must Fill] (ARK @ UTAH);CFB Showdown $100 Winner Take All [$460 to 1st] (Must Fill) (ARK @ UTAH);CFB Showdown $155 White-Out [Single Entry] (ARK @ UTAH)",195476951;195476948;195476952;195477720;195477723;195476956;195477719;195477727;195477721;195476955;195477726;195476949;195476950;195476953;195476954;195567364;195477928;195477927;195477926;195477925,9/12 10:15PM (ARK @ UTAH)
TJ Pride - Showdown Captain Mode (Flex),195476961;195476957;195477828;195476965;195477831;195477827;195476958;195477835;195477829;195476959;195477834;195476960;195476962;195476963;195476964;195477944;195477943;195477942;195477941;195477940,1516983,44095601,TJ Pride,TJ,Pride,2600,WR,NMST,NMST @ HAW,09/13/2026 12:00 AM,https://dkn.gs/sports/images/cfb/teams/50/7946.png,NMST @ HAW,Showdown Captain Mode,CFB,9/13,Flex,"CFB Showdown $4K Air Raid [$1K to 1st] (NMST @ HAW);CFB Showdown $720 Kick Return [Single Entry, Top 2 Win] (NMST @ HAW);CFB Showdown $530 Winner Take All [Must Fill] (NMST @ HAW);CFB Showdown $200 Redshirt [Single Entry] (NMST @ HAW);CFB Showdown $408 Winner Take All [$1.5K to 1st, Must Fill] (NMST @ HAW);CFB Showdown $267 Winner Take All [Must Fill] (NMST @ HAW);CFB Showdown $155 White-Out [Single Entry] (NMST @ HAW);CFB Showdown Satellite to NHL 11-3 $555 Barn Burner [Must Fill] (NMST @ HAW);CFB Showdown $100 Winner Take All [$460 to 1st] (Must Fill) (NMST @ HAW);CFB Showdown $310 Blitz [Single Entry] (NMST @ HAW)",195476961;195476957;195477828;195476965;195477831;195477827;195476958;195477835;195477829;195476959;195477834;195476960;195476962;195476963;195476964;195477944;195477943;195477942;195477941;195477940,9/13 12:00AM (NMST @ HAW)
Mason Williams - Showdown Captain Mode (Captain),195582379;195582460;195580463;195582104;195581991;195582352;195477619;195477613;195581177;195478126;195478125;195478124;195478123;195478122;195478121;195478120;195477985;195477986;195478032;195478034,1451402,44095829,Mason Williams,Mason,Williams,2400,CPT,OSU,OSU @ TEX,09/12/2026 07:30 PM,https://dkn.gs/sports/images/cfb/teams/50/7874.png,OSU @ TEX,Showdown Captain Mode,CFB,9/12,Captain,"CFB Showdown $240 Huddle [Single Entry] (OSU @ TEX);CFB Showdown $100 Redshirt [Single Entry] (OSU @ TEX);CFB Showdown $408 Winner Take All [$1.5K to 1st, Must Fill] (OSU @ TEX);CFB Showdown $530 Winner Take All [Must Fill] (OSU @ TEX);CFB Showdown $50 Quarter Jukebox [Just $0.25!] (OSU @ TEX);CFB Showdown $267 Winner Take All [Must Fill] (OSU @ TEX);CFB Showdown Satellite to NHL 11-3 $555 Barn Burner [Must Fill] (OSU @ TEX);CFB Showdown $100 Winner Take All [$460 to 1st] (Must Fill) (OSU @ TEX);CFB Showdown Satellite to NHL 9-29 $15 Opening Night Puck Drop [Must Fill] (OSU @ TEX);CFB Showdown Satellite to CFB $555 Mid-Season Main Event (10-10) (OSU @ TEX)",195582379;195582460;195580463;195582104;195581991;195582352;195477619;195477613;195581177;195478126;195478125;195478124;195478123;195478122;195478121;195478120;195477985;195477986;195478032;195478034,9/12 7:30PM (OSU @ TEX)
Matt Adcock - Showdown Captain Mode (Flex),195476951;195476948;195476952;195477720;195477723;195476956;195477719;195477727;195477721;195476955;195477726;195476949;195476950;195476953;195476954;195567364;195477928;195477927;195477926;195477925,1585803,44095454,Matt Adcock,Matt,Adcock,2400,WR,ARK,ARK @ UTAH,09/12/2026 10:15 PM,https://dkn.gs/sports/images/cfb/teams/50/8175.png,ARK @ UTAH,Showdown Captain Mode,CFB,9/12,Flex,"CFB Showdown $6K Air Raid [$2K to 1st] (ARK @ UTAH);CFB Showdown $720 Kick Return [Single Entry, Top 2 Win] (ARK @ UTAH);CFB Showdown $750 First Down (ARK @ UTAH);CFB Showdown $530 Winner Take All [Must Fill] (ARK @ UTAH);CFB Showdown $408 Winner Take All [$1.5K to 1st, Must Fill] (ARK @ UTAH);CFB Showdown $400 Coffin Corner [Single Entry] (ARK @ UTAH);CFB Showdown $267 Winner Take All [Must Fill] (ARK @ UTAH);CFB Showdown Satellite to NHL 11-3 $555 Barn Burner [Must Fill] (ARK @ UTAH);CFB Showdown $100 Winner Take All [$460 to 1st] (Must Fill) (ARK @ UTAH);CFB Showdown $155 White-Out [Single Entry] (ARK @ UTAH)",195476951;195476948;195476952;195477720;195477723;195476956;195477719;195477727;195477721;195476955;195477726;195476949;195476950;195476953;195476954;195567364;195477928;195477927;195477926;195477925,9/12 10:15PM (ARK @ UTAH)
Mana Carvalho - Showdown Captain Mode (Captain),195476951;195476948;195476952;195477720;195477723;195476956;195477719;195477727;195477721;195476955;195477726;195476949;195476950;195476953;195476954;195567364;195477928;195477927;195477926;195477925,1582991,44095534,Mana Carvalho,Mana,Carvalho,2400,CPT,UTAH,ARK @ UTAH,09/12/2026 10:15 PM,https://dkn.gs/sports/images/cfb/teams/50/8341.png,ARK @ UTAH,Showdown Captain Mode,CFB,9/12,Captain,"CFB Showdown $6K Air Raid [$2K to 1st] (ARK @ UTAH);CFB Showdown $720 Kick Return [Single Entry, Top 2 Win] (ARK @ UTAH);CFB Showdown $750 First Down (ARK @ UTAH);CFB Showdown $530 Winner Take All [Must Fill] (ARK @ UTAH);CFB Showdown $408 Winner Take All [$1.5K to 1st, Must Fill] (ARK @ UTAH);CFB Showdown $400 Coffin Corner [Single Entry] (ARK @ UTAH);CFB Showdown $267 Winner Take All [Must Fill] (ARK @ UTAH);CFB Showdown Satellite to NHL 11-3 $555 Barn Burner [Must Fill] (ARK @ UTAH);CFB Showdown $100 Winner Take All [$460 to 1st] (Must Fill) (ARK @ UTAH);CFB Showdown $155 White-Out [Single Entry] (ARK @ UTAH)",195476951;195476948;195476952;195477720;195477723;195476956;195477719;195477727;195477721;195476955;195477726;195476949;195476950;195476953;195476954;195567364;195477928;195477927;195477926;195477925,9/12 10:15PM (ARK @ UTAH)
Devon Tauaefa - Showdown Captain Mode (Captain),195476961;195476957;195477828;195476965;195477831;195477827;195476958;195477835;195477829;195476959;195477834;195476960;195476962;195476963;195476964;195477944;195477943;195477942;195477941;195477940,1400527,44095678,Devon Tauaefa,Devon,Tauaefa,2400,CPT,HAW,NMST @ HAW,09/13/2026 12:00 AM,https://dkn.gs/sports/images/cfb/teams/50/8316.png,NMST @ HAW,Showdown Captain Mode,CFB,9/13,Captain,"CFB Showdown $4K Air Raid [$1K to 1st] (NMST @ HAW);CFB Showdown $720 Kick Return [Single Entry, Top 2 Win] (NMST @ HAW);CFB Showdown $530 Winner Take All [Must Fill] (NMST @ HAW);CFB Showdown $200 Redshirt [Single Entry] (NMST @ HAW);CFB Showdown $408 Winner Take All [$1.5K to 1st, Must Fill] (NMST @ HAW);CFB Showdown $267 Winner Take All [Must Fill] (NMST @ HAW);CFB Showdown $155 White-Out [Single Entry] (NMST @ HAW);CFB Showdown Satellite to NHL 11-3 $555 Barn Burner [Must Fill] (NMST @ HAW);CFB Showdown $100 Winner Take All [$460 to 1st] (Must Fill) (NMST @ HAW);CFB Showdown $310 Blitz [Single Entry] (NMST @ HAW)",195476961;195476957;195477828;195476965;195477831;195477827;195476958;195477835;195477829;195476959;195477834;195476960;195476962;195476963;195476964;195477944;195477943;195477942;195477941;195477940,9/13 12:00AM (NMST @ HAW)
Jermaine Bishop Jr. - Showdown Captain Mode (Flex),195582379;195582460;195580463;195582104;195581991;195582352;195477619;195477613;195581177;195478126;195478125;195478124;195478123;195478122;195478121;195478120;195477985;195477986;195478032;195478034,1645898,44095750,Jermaine Bishop Jr.,Jermaine,Bishop Jr.,2200,WR,TEX,OSU @ TEX,09/12/2026 07:30 PM,https://dkn.gs/sports/images/cfb/teams/50/8240.png,OSU @ TEX,Showdown Captain Mode,CFB,9/12,Flex,"CFB Showdown $240 Huddle [Single Entry] (OSU @ TEX);CFB Showdown $100 Redshirt [Single Entry] (OSU @ TEX);CFB Showdown $408 Winner Take All [$1.5K to 1st, Must Fill] (OSU @ TEX);CFB Showdown $530 Winner Take All [Must Fill] (OSU @ TEX);CFB Showdown $50 Quarter Jukebox [Just $0.25!] (OSU @ TEX);CFB Showdown $267 Winner Take All [Must Fill] (OSU @ TEX);CFB Showdown Satellite to NHL 11-3 $555 Barn Burner [Must Fill] (OSU @ TEX);CFB Showdown $100 Winner Take All [$460 to 1st] (Must Fill) (OSU @ TEX);CFB Showdown Satellite to NHL 9-29 $15 Opening Night Puck Drop [Must Fill] (OSU @ TEX);CFB Showdown Satellite to CFB $555 Mid-Season Main Event (10-10) (OSU @ TEX)",195582379;195582460;195580463;195582104;195581991;195582352;195477619;195477613;195581177;195478126;195478125;195478124;195478123;195478122;195478121;195478120;195477985;195477986;195478032;195478034,9/12 7:30PM (OSU @ TEX)
Jamari Hawkins - Showdown Captain Mode (Flex),195476951;195476948;195476952;195477720;195477723;195476956;195477719;195477727;195477721;195476955;195477726;195476949;195476950;195476953;195476954;195567364;195477928;195477927;195477926;195477925,1400575,44095455,Jamari Hawkins,Jamari,Hawkins,2200,WR,ARK,ARK @ UTAH,09/12/2026 10:15 PM,https://dkn.gs/sports/images/cfb/teams/50/8175.png,ARK @ UTAH,Showdown Captain Mode,CFB,9/12,Flex,"CFB Showdown $6K Air Raid [$2K to 1st] (ARK @ UTAH);CFB Showdown $720 Kick Return [Single Entry, Top 2 Win] (ARK @ UTAH);CFB Showdown $750 First Down (ARK @ UTAH);CFB Showdown $530 Winner Take All [Must Fill] (ARK @ UTAH);CFB Showdown $408 Winner Take All [$1.5K to 1st, Must Fill] (ARK @ UTAH);CFB Showdown $400 Coffin Corner [Single Entry] (ARK @ UTAH);CFB Showdown $267 Winner Take All [Must Fill] (ARK @ UTAH);CFB Showdown Satellite to NHL 11-3 $555 Barn Burner [Must Fill] (ARK @ UTAH);CFB Showdown $100 Winner Take All [$460 to 1st] (Must Fill) (ARK @ UTAH);CFB Showdown $155 White-Out [Single Entry] (ARK @ UTAH)",195476951;195476948;195476952;195477720;195477723;195476956;195477719;195477727;195477721;195476955;195477726;195476949;195476950;195476953;195476954;195567364;195477928;195477927;195477926;195477925,9/12 10:15PM (ARK @ UTAH)
Myles Libman - Showdown Captain Mode (Flex),195476961;195476957;195477828;195476965;195477831;195477827;195476958;195477835;195477829;195476959;195477834;195476960;195476962;195476963;195476964;195477944;195477943;195477942;195477941;195477940,1462707,44095602,Myles Libman,Myles,Libman,2200,WR,NMST,NMST @ HAW,09/13/2026 12:00 AM,https://dkn.gs/sports/images/cfb/teams/50/7946.png,NMST @ HAW,Showdown Captain Mode,CFB,9/13,Flex,"CFB Showdown $4K Air Raid [$1K to 1st] (NMST @ HAW);CFB Showdown $720 Kick Return [Single Entry, Top 2 Win] (NMST @ HAW);CFB Showdown $530 Winner Take All [Must Fill] (NMST @ HAW);CFB Showdown $200 Redshirt [Single Entry] (NMST @ HAW);CFB Showdown $408 Winner Take All [$1.5K to 1st, Must Fill] (NMST @ HAW);CFB Showdown $267 Winner Take All [Must Fill] (NMST @ HAW);CFB Showdown $155 White-Out [Single Entry] (NMST @ HAW);CFB Showdown Satellite to NHL 11-3 $555 Barn Burner [Must Fill] (NMST @ HAW);CFB Showdown $100 Winner Take All [$460 to 1st] (Must Fill) (NMST @ HAW);CFB Showdown $310 Blitz [Single Entry] (NMST @ HAW)",195476961;195476957;195477828;195476965;195477831;195477827;195476958;195477835;195477829;195476959;195477834;195476960;195476962;195476963;195476964;195477944;195477943;195477942;195477941;195477940,9/13 12:00AM (NMST @ HAW)
Kaliq Lockett - Showdown Captain Mode (Captain),195582379;195582460;195580463;195582104;195581991;195582352;195477619;195477613;195581177;195478126;195478125;195478124;195478123;195478122;195478121;195478120;195477985;195477986;195478032;195478034,1582499,44095830,Kaliq Lockett,Kaliq,Lockett,2100,CPT,TEX,OSU @ TEX,09/12/2026 07:30 PM,https://dkn.gs/sports/images/cfb/teams/50/8240.png,OSU @ TEX,Showdown Captain Mode,CFB,9/12,Captain,"CFB Showdown $240 Huddle [Single Entry] (OSU @ TEX);CFB Showdown $100 Redshirt [Single Entry] (OSU @ TEX);CFB Showdown $408 Winner Take All [$1.5K to 1st, Must Fill] (OSU @ TEX);CFB Showdown $530 Winner Take All [Must Fill] (OSU @ TEX);CFB Showdown $50 Quarter Jukebox [Just $0.25!] (OSU @ TEX);CFB Showdown $267 Winner Take All [Must Fill] (OSU @ TEX);CFB Showdown Satellite to NHL 11-3 $555 Barn Burner [Must Fill] (OSU @ TEX);CFB Showdown $100 Winner Take All [$460 to 1st] (Must Fill) (OSU @ TEX);CFB Showdown Satellite to NHL 9-29 $15 Opening Night Puck Drop [Must Fill] (OSU @ TEX);CFB Showdown Satellite to CFB $555 Mid-Season Main Event (10-10) (OSU @ TEX)",195582379;195582460;195580463;195582104;195581991;195582352;195477619;195477613;195581177;195478126;195478125;195478124;195478123;195478122;195478121;195478120;195477985;195477986;195478032;195478034,9/12 7:30PM (OSU @ TEX)
Donovan Faupel - Showdown Captain Mode (Captain),195476951;195476948;195476952;195477720;195477723;195476956;195477719;195477727;195477721;195476955;195477726;195476949;195476950;195476953;195476954;195567364;195477928;195477927;195477926;195477925,1457676,44095535,Donovan Faupel,Donovan,Faupel,2100,CPT,ARK,ARK @ UTAH,09/12/2026 10:15 PM,https://dkn.gs/sports/images/cfb/teams/50/8175.png,ARK @ UTAH,Showdown Captain Mode,CFB,9/12,Captain,"CFB Showdown $6K Air Raid [$2K to 1st] (ARK @ UTAH);CFB Showdown $720 Kick Return [Single Entry, Top 2 Win] (ARK @ UTAH);CFB Showdown $750 First Down (ARK @ UTAH);CFB Showdown $530 Winner Take All [Must Fill] (ARK @ UTAH);CFB Showdown $408 Winner Take All [$1.5K to 1st, Must Fill] (ARK @ UTAH);CFB Showdown $400 Coffin Corner [Single Entry] (ARK @ UTAH);CFB Showdown $267 Winner Take All [Must Fill] (ARK @ UTAH);CFB Showdown Satellite to NHL 11-3 $555 Barn Burner [Must Fill] (ARK @ UTAH);CFB Showdown $100 Winner Take All [$460 to 1st] (Must Fill) (ARK @ UTAH);CFB Showdown $155 White-Out [Single Entry] (ARK @ UTAH)",195476951;195476948;195476952;195477720;195477723;195476956;195477719;195477727;195477721;195476955;195477726;195476949;195476950;195476953;195476954;195567364;195477928;195477927;195477926;195477925,9/12 10:15PM (ARK @ UTAH)
Josiah Thomas - Showdown Captain Mode (Captain),195476961;195476957;195477828;195476965;195477831;195477827;195476958;195477835;195477829;195476959;195477834;195476960;195476962;195476963;195476964;195477944;195477943;195477942;195477941;195477940,1595600,44095679,Josiah Thomas,Josiah,Thomas,2100,CPT,NMST,NMST @ HAW,09/13/2026 12:00 AM,https://dkn.gs/sports/images/cfb/teams/50/7946.png,NMST @ HAW,Showdown Captain Mode,CFB,9/13,Captain,"CFB Showdown $4K Air Raid [$1K to 1st] (NMST @ HAW);CFB Showdown $720 Kick Return [Single Entry, Top 2 Win] (NMST @ HAW);CFB Showdown $530 Winner Take All [Must Fill] (NMST @ HAW);CFB Showdown $200 Redshirt [Single Entry] (NMST @ HAW);CFB Showdown $408 Winner Take All [$1.5K to 1st, Must Fill] (NMST @ HAW);CFB Showdown $267 Winner Take All [Must Fill] (NMST @ HAW);CFB Showdown $155 White-Out [Single Entry] (NMST @ HAW);CFB Showdown Satellite to NHL 11-3 $555 Barn Burner [Must Fill] (NMST @ HAW);CFB Showdown $100 Winner Take All [$460 to 1st] (Must Fill) (NMST @ HAW);CFB Showdown $310 Blitz [Single Entry] (NMST @ HAW)",195476961;195476957;195477828;195476965;195477831;195477827;195476958;195477835;195477829;195476959;195477834;195476960;195476962;195476963;195476964;195477944;195477943;195477942;195477941;195477940,9/13 12:00AM (NMST @ HAW)
Brock Boyd - Showdown Captain Mode (Flex),195582379;195582460;195580463;195582104;195581991;195582352;195477619;195477613;195581177;195478126;195478125;195478124;195478123;195478122;195478121;195478120;195477985;195477986;195478032;195478034,1649754,44095751,Brock Boyd,Brock,Boyd,2000,WR,OSU,OSU @ TEX,09/12/2026 07:30 PM,https://dkn.gs/sports/images/cfb/teams/50/7874.png,OSU @ TEX,Showdown Captain Mode,CFB,9/12,Flex,"CFB Showdown $240 Huddle [Single Entry] (OSU @ TEX);CFB Showdown $100 Redshirt [Single Entry] (OSU @ TEX);CFB Showdown $408 Winner Take All [$1.5K to 1st, Must Fill] (OSU @ TEX);CFB Showdown $530 Winner Take All [Must Fill] (OSU @ TEX);CFB Showdown $50 Quarter Jukebox [Just $0.25!] (OSU @ TEX);CFB Showdown $267 Winner Take All [Must Fill] (OSU @ TEX);CFB Showdown Satellite to NHL 11-3 $555 Barn Burner [Must Fill] (OSU @ TEX);CFB Showdown $100 Winner Take All [$460 to 1st] (Must Fill) (OSU @ TEX);CFB Showdown Satellite to NHL 9-29 $15 Opening Night Puck Drop [Must Fill] (OSU @ TEX);CFB Showdown Satellite to CFB $555 Mid-Season Main Event (10-10) (OSU @ TEX)",195582379;195582460;195580463;195582104;195581991;195582352;195477619;195477613;195581177;195478126;195478125;195478124;195478123;195478122;195478121;195478120;195477985;195477986;195478032;195478034,9/12 7:30PM (OSU @ TEX)
Jaden Platt - Showdown Captain Mode (Flex),195476951;195476948;195476952;195477720;195477723;195476956;195477719;195477727;195477721;195476955;195477726;195476949;195476950;195476953;195476954;195567364;195477928;195477927;195477926;195477925,1442956,44095456,Jaden Platt,Jaden,Platt,2000,WR,ARK,ARK @ UTAH,09/12/2026 10:15 PM,https://dkn.gs/sports/images/cfb/teams/50/8175.png,ARK @ UTAH,Showdown Captain Mode,CFB,9/12,Flex,"CFB Showdown $6K Air Raid [$2K to 1st] (ARK @ UTAH);CFB Showdown $720 Kick Return [Single Entry, Top 2 Win] (ARK @ UTAH);CFB Showdown $750 First Down (ARK @ UTAH);CFB Showdown $530 Winner Take All [Must Fill] (ARK @ UTAH);CFB Showdown $408 Winner Take All [$1.5K to 1st, Must Fill] (ARK @ UTAH);CFB Showdown $400 Coffin Corner [Single Entry] (ARK @ UTAH);CFB Showdown $267 Winner Take All [Must Fill] (ARK @ UTAH);CFB Showdown Satellite to NHL 11-3 $555 Barn Burner [Must Fill] (ARK @ UTAH);CFB Showdown $100 Winner Take All [$460 to 1st] (Must Fill) (ARK @ UTAH);CFB Showdown $155 White-Out [Single Entry] (ARK @ UTAH)",195476951;195476948;195476952;195477720;195477723;195476956;195477719;195477727;195477721;195476955;195477726;195476949;195476950;195476953;195476954;195567364;195477928;195477927;195477926;195477925,9/12 10:15PM (ARK @ UTAH)
Brodie Malone-Bradford - Showdown Captain Mode (Flex),195476961;195476957;195477828;195476965;195477831;195477827;195476958;195477835;195477829;195476959;195477834;195476960;195476962;195476963;195476964;195477944;195477943;195477942;195477941;195477940,1584646,44095603,Brodie Malone-Bradford,Brodie,Malone-Bradford,2000,WR,NMST,NMST @ HAW,09/13/2026 12:00 AM,https://dkn.gs/sports/images/cfb/teams/50/7946.png,NMST @ HAW,Showdown Captain Mode,CFB,9/13,Flex,"CFB Showdown $4K Air Raid [$1K to 1st] (NMST @ HAW);CFB Showdown $720 Kick Return [Single Entry, Top 2 Win] (NMST @ HAW);CFB Showdown $530 Winner Take All [Must Fill] (NMST @ HAW);CFB Showdown $200 Redshirt [Single Entry] (NMST @ HAW);CFB Showdown $408 Winner Take All [$1.5K to 1st, Must Fill] (NMST @ HAW);CFB Showdown $267 Winner Take All [Must Fill] (NMST @ HAW);CFB Showdown $155 White-Out [Single Entry] (NMST @ HAW);CFB Showdown Satellite to NHL 11-3 $555 Barn Burner [Must Fill] (NMST @ HAW);CFB Showdown $100 Winner Take All [$460 to 1st] (Must Fill) (NMST @ HAW);CFB Showdown $310 Blitz [Single Entry] (NMST @ HAW)",195476961;195476957;195477828;195476965;195477831;195477827;195476958;195477835;195477829;195476959;195477834;195476960;195476962;195476963;195476964;195477944;195477943;195477942;195477941;195477940,9/13 12:00AM (NMST @ HAW)
Nick Townsend - Showdown Captain Mode (Flex),195582379;195582460;195580463;195582104;195581991;195582352;195477619;195477613;195581177;195478126;195478125;195478124;195478123;195478122;195478121;195478120;195477985;195477986;195478032;195478034,1597674,44095752,Nick Townsend,Nick,Townsend,1800,WR,TEX,OSU @ TEX,09/12/2026 07:30 PM,https://dkn.gs/sports/images/cfb/teams/50/8240.png,OSU @ TEX,Showdown Captain Mode,CFB,9/12,Flex,"CFB Showdown $240 Huddle [Single Entry] (OSU @ TEX);CFB Showdown $100 Redshirt [Single Entry] (OSU @ TEX);CFB Showdown $408 Winner Take All [$1.5K to 1st, Must Fill] (OSU @ TEX);CFB Showdown $530 Winner Take All [Must Fill] (OSU @ TEX);CFB Showdown $50 Quarter Jukebox [Just $0.25!] (OSU @ TEX);CFB Showdown $267 Winner Take All [Must Fill] (OSU @ TEX);CFB Showdown Satellite to NHL 11-3 $555 Barn Burner [Must Fill] (OSU @ TEX);CFB Showdown $100 Winner Take All [$460 to 1st] (Must Fill) (OSU @ TEX);CFB Showdown Satellite to NHL 9-29 $15 Opening Night Puck Drop [Must Fill] (OSU @ TEX);CFB Showdown Satellite to CFB $555 Mid-Season Main Event (10-10) (OSU @ TEX)",195582379;195582460;195580463;195582104;195581991;195582352;195477619;195477613;195581177;195478126;195478125;195478124;195478123;195478122;195478121;195478120;195477985;195477986;195478032;195478034,9/12 7:30PM (OSU @ TEX)
Michael Masunas - Showdown Captain Mode (Captain),195582379;195582460;195580463;195582104;195581991;195582352;195477619;195477613;195581177;195478126;195478125;195478124;195478123;195478122;195478121;195478120;195477985;195477986;195478032;195478034,1400933,44095831,Michael Masunas,Michael,Masunas,1800,CPT,TEX,OSU @ TEX,09/12/2026 07:30 PM,https://dkn.gs/sports/images/cfb/teams/50/8240.png,OSU @ TEX,Showdown Captain Mode,CFB,9/12,Captain,"CFB Showdown $240 Huddle [Single Entry] (OSU @ TEX);CFB Showdown $100 Redshirt [Single Entry] (OSU @ TEX);CFB Showdown $408 Winner Take All [$1.5K to 1st, Must Fill] (OSU @ TEX);CFB Showdown $530 Winner Take All [Must Fill] (OSU @ TEX);CFB Showdown $50 Quarter Jukebox [Just $0.25!] (OSU @ TEX);CFB Showdown $267 Winner Take All [Must Fill] (OSU @ TEX);CFB Showdown Satellite to NHL 11-3 $555 Barn Burner [Must Fill] (OSU @ TEX);CFB Showdown $100 Winner Take All [$460 to 1st] (Must Fill) (OSU @ TEX);CFB Showdown Satellite to NHL 9-29 $15 Opening Night Puck Drop [Must Fill] (OSU @ TEX);CFB Showdown Satellite to CFB $555 Mid-Season Main Event (10-10) (OSU @ TEX)",195582379;195582460;195580463;195582104;195581991;195582352;195477619;195477613;195581177;195478126;195478125;195478124;195478123;195478122;195478121;195478120;195477985;195477986;195478032;195478034,9/12 7:30PM (OSU @ TEX)
Ty Lockwood - Showdown Captain Mode (Flex),195476951;195476948;195476952;195477720;195477723;195476956;195477719;195477727;195477721;195476955;195477726;195476949;195476950;195476953;195476954;195567364;195477928;195477927;195477926;195477925,1440901,44095457,Ty Lockwood,Ty,Lockwood,1800,WR,ARK,ARK @ UTAH,09/12/2026 10:15 PM,https://dkn.gs/sports/images/cfb/teams/50/8175.png,ARK @ UTAH,Showdown Captain Mode,CFB,9/12,Flex,"CFB Showdown $6K Air Raid [$2K to 1st] (ARK @ UTAH);CFB Showdown $720 Kick Return [Single Entry, Top 2 Win] (ARK @ UTAH);CFB Showdown $750 First Down (ARK @ UTAH);CFB Showdown $530 Winner Take All [Must Fill] (ARK @ UTAH);CFB Showdown $408 Winner Take All [$1.5K to 1st, Must Fill] (ARK @ UTAH);CFB Showdown $400 Coffin Corner [Single Entry] (ARK @ UTAH);CFB Showdown $267 Winner Take All [Must Fill] (ARK @ UTAH);CFB Showdown Satellite to NHL 11-3 $555 Barn Burner [Must Fill] (ARK @ UTAH);CFB Showdown $100 Winner Take All [$460 to 1st] (Must Fill) (ARK @ UTAH);CFB Showdown $155 White-Out [Single Entry] (ARK @ UTAH)",195476951;195476948;195476952;195477720;195477723;195476956;195477719;195477727;195477721;195476955;195477726;195476949;195476950;195476953;195476954;195567364;195477928;195477927;195477926;195477925,9/12 10:15PM (ARK @ UTAH)
Tobias Merriweather - Showdown Captain Mode (Captain),195476951;195476948;195476952;195477720;195477723;195476956;195477719;195477727;195477721;195476955;195477726;195476949;195476950;195476953;195476954;195567364;195477928;195477927;195477926;195477925,1403976,44095536,Tobias Merriweather,Tobias,Merriweather,1800,CPT,UTAH,ARK @ UTAH,09/12/2026 10:15 PM,https://dkn.gs/sports/images/cfb/teams/50/8341.png,ARK @ UTAH,Showdown Captain Mode,CFB,9/12,Captain,"CFB Showdown $6K Air Raid [$2K to 1st] (ARK @ UTAH);CFB Showdown $720 Kick Return [Single Entry, Top 2 Win] (ARK @ UTAH);CFB Showdown $750 First Down (ARK @ UTAH);CFB Showdown $530 Winner Take All [Must Fill] (ARK @ UTAH);CFB Showdown $408 Winner Take All [$1.5K to 1st, Must Fill] (ARK @ UTAH);CFB Showdown $400 Coffin Corner [Single Entry] (ARK @ UTAH);CFB Showdown $267 Winner Take All [Must Fill] (ARK @ UTAH);CFB Showdown Satellite to NHL 11-3 $555 Barn Burner [Must Fill] (ARK @ UTAH);CFB Showdown $100 Winner Take All [$460 to 1st] (Must Fill) (ARK @ UTAH);CFB Showdown $155 White-Out [Single Entry] (ARK @ UTAH)",195476951;195476948;195476952;195477720;195477723;195476956;195477719;195477727;195477721;195476955;195477726;195476949;195476950;195476953;195476954;195567364;195477928;195477927;195477926;195477925,9/12 10:15PM (ARK @ UTAH)
Carson Brown - Showdown Captain Mode (Flex),195476961;195476957;195477828;195476965;195477831;195477827;195476958;195477835;195477829;195476959;195477834;195476960;195476962;195476963;195476964;195477944;195477943;195477942;195477941;195477940,1390931,44095604,Carson Brown,Carson,Brown,1800,WR,HAW,NMST @ HAW,09/13/2026 12:00 AM,https://dkn.gs/sports/images/cfb/teams/50/8316.png,NMST @ HAW,Showdown Captain Mode,CFB,9/13,Flex,"CFB Showdown $4K Air Raid [$1K to 1st] (NMST @ HAW);CFB Showdown $720 Kick Return [Single Entry, Top 2 Win] (NMST @ HAW);CFB Showdown $530 Winner Take All [Must Fill] (NMST @ HAW);CFB Showdown $200 Redshirt [Single Entry] (NMST @ HAW);CFB Showdown $408 Winner Take All [$1.5K to 1st, Must Fill] (NMST @ HAW);CFB Showdown $267 Winner Take All [Must Fill] (NMST @ HAW);CFB Showdown $155 White-Out [Single Entry] (NMST @ HAW);CFB Showdown Satellite to NHL 11-3 $555 Barn Burner [Must Fill] (NMST @ HAW);CFB Showdown $100 Winner Take All [$460 to 1st] (Must Fill) (NMST @ HAW);CFB Showdown $310 Blitz [Single Entry] (NMST @ HAW)",195476961;195476957;195477828;195476965;195477831;195477827;195476958;195477835;195477829;195476959;195477834;195476960;195476962;195476963;195476964;195477944;195477943;195477942;195477941;195477940,9/13 12:00AM (NMST @ HAW)
Jerry Lydiatt - Showdown Captain Mode (Captain),195476961;195476957;195477828;195476965;195477831;195477827;195476958;195477835;195477829;195476959;195477834;195476960;195476962;195476963;195476964;195477944;195477943;195477942;195477941;195477940,1458949,44095680,Jerry Lydiatt,Jerry,Lydiatt,1800,CPT,NMST,NMST @ HAW,09/13/2026 12:00 AM,https://dkn.gs/sports/images/cfb/teams/50/7946.png,NMST @ HAW,Showdown Captain Mode,CFB,9/13,Captain,"CFB Showdown $4K Air Raid [$1K to 1st] (NMST @ HAW);CFB Showdown $720 Kick Return [Single Entry, Top 2 Win] (NMST @ HAW);CFB Showdown $530 Winner Take All [Must Fill] (NMST @ HAW);CFB Showdown $200 Redshirt [Single Entry] (NMST @ HAW);CFB Showdown $408 Winner Take All [$1.5K to 1st, Must Fill] (NMST @ HAW);CFB Showdown $267 Winner Take All [Must Fill] (NMST @ HAW);CFB Showdown $155 White-Out [Single Entry] (NMST @ HAW);CFB Showdown Satellite to NHL 11-3 $555 Barn Burner [Must Fill] (NMST @ HAW);CFB Showdown $100 Winner Take All [$460 to 1st] (Must Fill) (NMST @ HAW);CFB Showdown $310 Blitz [Single Entry] (NMST @ HAW)",195476961;195476957;195477828;195476965;195477831;195477827;195476958;195477835;195477829;195476959;195477834;195476960;195476962;195476963;195476964;195477944;195477943;195477942;195477941;195477940,9/13 12:00AM (NMST @ HAW)
Mason Williams - Showdown Captain Mode (Flex),195582379;195582460;195580463;195582104;195581991;195582352;195477619;195477613;195581177;195478126;195478125;195478124;195478123;195478122;195478121;195478120;195477985;195477986;195478032;195478034,1451402,44095753,Mason Williams,Mason,Williams,1600,WR,OSU,OSU @ TEX,09/12/2026 07:30 PM,https://dkn.gs/sports/images/cfb/teams/50/7874.png,OSU @ TEX,Showdown Captain Mode,CFB,9/12,Flex,"CFB Showdown $240 Huddle [Single Entry] (OSU @ TEX);CFB Showdown $100 Redshirt [Single Entry] (OSU @ TEX);CFB Showdown $408 Winner Take All [$1.5K to 1st, Must Fill] (OSU @ TEX);CFB Showdown $530 Winner Take All [Must Fill] (OSU @ TEX);CFB Showdown $50 Quarter Jukebox [Just $0.25!] (OSU @ TEX);CFB Showdown $267 Winner Take All [Must Fill] (OSU @ TEX);CFB Showdown Satellite to NHL 11-3 $555 Barn Burner [Must Fill] (OSU @ TEX);CFB Showdown $100 Winner Take All [$460 to 1st] (Must Fill) (OSU @ TEX);CFB Showdown Satellite to NHL 9-29 $15 Opening Night Puck Drop [Must Fill] (OSU @ TEX);CFB Showdown Satellite to CFB $555 Mid-Season Main Event (10-10) (OSU @ TEX)",195582379;195582460;195580463;195582104;195581991;195582352;195477619;195477613;195581177;195478126;195478125;195478124;195478123;195478122;195478121;195478120;195477985;195477986;195478032;195478034,9/12 7:30PM (OSU @ TEX)
Mana Carvalho - Showdown Captain Mode (Flex),195476951;195476948;195476952;195477720;195477723;195476956;195477719;195477727;195477721;195476955;195477726;195476949;195476950;195476953;195476954;195567364;195477928;195477927;195477926;195477925,1582991,44095458,Mana Carvalho,Mana,Carvalho,1600,WR,UTAH,ARK @ UTAH,09/12/2026 10:15 PM,https://dkn.gs/sports/images/cfb/teams/50/8341.png,ARK @ UTAH,Showdown Captain Mode,CFB,9/12,Flex,"CFB Showdown $6K Air Raid [$2K to 1st] (ARK @ UTAH);CFB Showdown $720 Kick Return [Single Entry, Top 2 Win] (ARK @ UTAH);CFB Showdown $750 First Down (ARK @ UTAH);CFB Showdown $530 Winner Take All [Must Fill] (ARK @ UTAH);CFB Showdown $408 Winner Take All [$1.5K to 1st, Must Fill] (ARK @ UTAH);CFB Showdown $400 Coffin Corner [Single Entry] (ARK @ UTAH);CFB Showdown $267 Winner Take All [Must Fill] (ARK @ UTAH);CFB Showdown Satellite to NHL 11-3 $555 Barn Burner [Must Fill] (ARK @ UTAH);CFB Showdown $100 Winner Take All [$460 to 1st] (Must Fill) (ARK @ UTAH);CFB Showdown $155 White-Out [Single Entry] (ARK @ UTAH)",195476951;195476948;195476952;195477720;195477723;195476956;195477719;195477727;195477721;195476955;195477726;195476949;195476950;195476953;195476954;195567364;195477928;195477927;195477926;195477925,9/12 10:15PM (ARK @ UTAH)
Devon Tauaefa - Showdown Captain Mode (Flex),195476961;195476957;195477828;195476965;195477831;195477827;195476958;195477835;195477829;195476959;195477834;195476960;195476962;195476963;195476964;195477944;195477943;195477942;195477941;195477940,1400527,44095605,Devon Tauaefa,Devon,Tauaefa,1600,WR,HAW,NMST @ HAW,09/13/2026 12:00 AM,https://dkn.gs/sports/images/cfb/teams/50/8316.png,NMST @ HAW,Showdown Captain Mode,CFB,9/13,Flex,"CFB Showdown $4K Air Raid [$1K to 1st] (NMST @ HAW);CFB Showdown $720 Kick Return [Single Entry, Top 2 Win] (NMST @ HAW);CFB Showdown $530 Winner Take All [Must Fill] (NMST @ HAW);CFB Showdown $200 Redshirt [Single Entry] (NMST @ HAW);CFB Showdown $408 Winner Take All [$1.5K to 1st, Must Fill] (NMST @ HAW);CFB Showdown $267 Winner Take All [Must Fill] (NMST @ HAW);CFB Showdown $155 White-Out [Single Entry] (NMST @ HAW);CFB Showdown Satellite to NHL 11-3 $555 Barn Burner [Must Fill] (NMST @ HAW);CFB Showdown $100 Winner Take All [$460 to 1st] (Must Fill) (NMST @ HAW);CFB Showdown $310 Blitz [Single Entry] (NMST @ HAW)",195476961;195476957;195477828;195476965;195477831;195477827;195476958;195477835;195477829;195476959;195477834;195476960;195476962;195476963;195476964;195477944;195477943;195477942;195477941;195477940,9/13 12:00AM (NMST @ HAW)
Favour Akih - Showdown Captain Mode (Captain),195582379;195582460;195580463;195582104;195581991;195582352;195477619;195477613;195581177;195478126;195478125;195478124;195478123;195478122;195478121;195478120;195477985;195477986;195478032;195478034,1649774,44095832,Favour Akih,Favour,Akih,1500,CPT,OSU,OSU @ TEX,09/12/2026 07:30 PM,https://dkn.gs/sports/images/cfb/teams/50/7874.png,OSU @ TEX,Showdown Captain Mode,CFB,9/12,Captain,"CFB Showdown $240 Huddle [Single Entry] (OSU @ TEX);CFB Showdown $100 Redshirt [Single Entry] (OSU @ TEX);CFB Showdown $408 Winner Take All [$1.5K to 1st, Must Fill] (OSU @ TEX);CFB Showdown $530 Winner Take All [Must Fill] (OSU @ TEX);CFB Showdown $50 Quarter Jukebox [Just $0.25!] (OSU @ TEX);CFB Showdown $267 Winner Take All [Must Fill] (OSU @ TEX);CFB Showdown Satellite to NHL 11-3 $555 Barn Burner [Must Fill] (OSU @ TEX);CFB Showdown $100 Winner Take All [$460 to 1st] (Must Fill) (OSU @ TEX);CFB Showdown Satellite to NHL 9-29 $15 Opening Night Puck Drop [Must Fill] (OSU @ TEX);CFB Showdown Satellite to CFB $555 Mid-Season Main Event (10-10) (OSU @ TEX)",195582379;195582460;195580463;195582104;195581991;195582352;195477619;195477613;195581177;195478126;195478125;195478124;195478123;195478122;195478121;195478120;195477985;195477986;195478032;195478034,9/12 7:30PM (OSU @ TEX)
Jett Walker - Showdown Captain Mode (Captain),195582379;195582460;195580463;195582104;195581991;195582352;195477619;195477613;195581177;195478126;195478125;195478124;195478123;195478122;195478121;195478120;195477985;195477986;195478032;195478034,1645948,44095833,Jett Walker,Jett,Walker,1500,CPT,TEX,OSU @ TEX,09/12/2026 07:30 PM,https://dkn.gs/sports/images/cfb/teams/50/8240.png,OSU @ TEX,Showdown Captain Mode,CFB,9/12,Captain,"CFB Showdown $240 Huddle [Single Entry] (OSU @ TEX);CFB Showdown $100 Redshirt [Single Entry] (OSU @ TEX);CFB Showdown $408 Winner Take All [$1.5K to 1st, Must Fill] (OSU @ TEX);CFB Showdown $530 Winner Take All [Must Fill] (OSU @ TEX);CFB Showdown $50 Quarter Jukebox [Just $0.25!] (OSU @ TEX);CFB Showdown $267 Winner Take All [Must Fill] (OSU @ TEX);CFB Showdown Satellite to NHL 11-3 $555 Barn Burner [Must Fill] (OSU @ TEX);CFB Showdown $100 Winner Take All [$460 to 1st] (Must Fill) (OSU @ TEX);CFB Showdown Satellite to NHL 9-29 $15 Opening Night Puck Drop [Must Fill] (OSU @ TEX);CFB Showdown Satellite to CFB $555 Mid-Season Main Event (10-10) (OSU @ TEX)",195582379;195582460;195580463;195582104;195581991;195582352;195477619;195477613;195581177;195478126;195478125;195478124;195478123;195478122;195478121;195478120;195477985;195477986;195478032;195478034,9/12 7:30PM (OSU @ TEX)
Stanley Jackson Jr. - Showdown Captain Mode (Captain),195582379;195582460;195580463;195582104;195581991;195582352;195477619;195477613;195581177;195478126;195478125;195478124;195478123;195478122;195478121;195478120;195477985;195477986;195478032;195478034,1529919,44095834,Stanley Jackson Jr.,Stanley,Jackson Jr.,1500,CPT,OSU,OSU @ TEX,09/12/2026 07:30 PM,https://dkn.gs/sports/images/cfb/teams/50/7874.png,OSU @ TEX,Showdown Captain Mode,CFB,9/12,Captain,"CFB Showdown $240 Huddle [Single Entry] (OSU @ TEX);CFB Showdown $100 Redshirt [Single Entry] (OSU @ TEX);CFB Showdown $408 Winner Take All [$1.5K to 1st, Must Fill] (OSU @ TEX);CFB Showdown $530 Winner Take All [Must Fill] (OSU @ TEX);CFB Showdown $50 Quarter Jukebox [Just $0.25!] (OSU @ TEX);CFB Showdown $267 Winner Take All [Must Fill] (OSU @ TEX);CFB Showdown Satellite to NHL 11-3 $555 Barn Burner [Must Fill] (OSU @ TEX);CFB Showdown $100 Winner Take All [$460 to 1st] (Must Fill) (OSU @ TEX);CFB Showdown Satellite to NHL 9-29 $15 Opening Night Puck Drop [Must Fill] (OSU @ TEX);CFB Showdown Satellite to CFB $555 Mid-Season Main Event (10-10) (OSU @ TEX)",195582379;195582460;195580463;195582104;195581991;195582352;195477619;195477613;195581177;195478126;195478125;195478124;195478123;195478122;195478121;195478120;195477985;195477986;195478032;195478034,9/12 7:30PM (OSU @ TEX)
Anthony Rogers - Showdown Captain Mode (Captain),195582379;195582460;195580463;195582104;195581991;195582352;195477619;195477613;195581177;195478126;195478125;195478124;195478123;195478122;195478121;195478120;195477985;195477986;195478032;195478034,1601188,44095835,Anthony Rogers,Anthony,Rogers,1500,CPT,OSU,OSU @ TEX,09/12/2026 07:30 PM,https://dkn.gs/sports/images/cfb/teams/50/7874.png,OSU @ TEX,Showdown Captain Mode,CFB,9/12,Captain,"CFB Showdown $240 Huddle [Single Entry] (OSU @ TEX);CFB Showdown $100 Redshirt [Single Entry] (OSU @ TEX);CFB Showdown $408 Winner Take All [$1.5K to 1st, Must Fill] (OSU @ TEX);CFB Showdown $530 Winner Take All [Must Fill] (OSU @ TEX);CFB Showdown $50 Quarter Jukebox [Just $0.25!] (OSU @ TEX);CFB Showdown $267 Winner Take All [Must Fill] (OSU @ TEX);CFB Showdown Satellite to NHL 11-3 $555 Barn Burner [Must Fill] (OSU @ TEX);CFB Showdown $100 Winner Take All [$460 to 1st] (Must Fill) (OSU @ TEX);CFB Showdown Satellite to NHL 9-29 $15 Opening Night Puck Drop [Must Fill] (OSU @ TEX);CFB Showdown Satellite to CFB $555 Mid-Season Main Event (10-10) (OSU @ TEX)",195582379;195582460;195580463;195582104;195581991;195582352;195477619;195477613;195581177;195478126;195478125;195478124;195478123;195478122;195478121;195478120;195477985;195477986;195478032;195478034,9/12 7:30PM (OSU @ TEX)
James Simon - Showdown Captain Mode (Captain),195582379;195582460;195580463;195582104;195581991;195582352;195477619;195477613;195581177;195478126;195478125;195478124;195478123;195478122;195478121;195478120;195477985;195477986;195478032;195478034,1582524,44095836,James Simon,James,Simon,1500,CPT,TEX,OSU @ TEX,09/12/2026 07:30 PM,https://dkn.gs/sports/images/cfb/teams/50/8240.png,OSU @ TEX,Showdown Captain Mode,CFB,9/12,Captain,"CFB Showdown $240 Huddle [Single Entry] (OSU @ TEX);CFB Showdown $100 Redshirt [Single Entry] (OSU @ TEX);CFB Showdown $408 Winner Take All [$1.5K to 1st, Must Fill] (OSU @ TEX);CFB Showdown $530 Winner Take All [Must Fill] (OSU @ TEX);CFB Showdown $50 Quarter Jukebox [Just $0.25!] (OSU @ TEX);CFB Showdown $267 Winner Take All [Must Fill] (OSU @ TEX);CFB Showdown Satellite to NHL 11-3 $555 Barn Burner [Must Fill] (OSU @ TEX);CFB Showdown $100 Winner Take All [$460 to 1st] (Must Fill) (OSU @ TEX);CFB Showdown Satellite to NHL 9-29 $15 Opening Night Puck Drop [Must Fill] (OSU @ TEX);CFB Showdown Satellite to CFB $555 Mid-Season Main Event (10-10) (OSU @ TEX)",195582379;195582460;195580463;195582104;195581991;195582352;195477619;195477613;195581177;195478126;195478125;195478124;195478123;195478122;195478121;195478120;195477985;195477986;195478032;195478034,9/12 7:30PM (OSU @ TEX)
Chris Henry Jr. - Showdown Captain Mode (Captain),195582379;195582460;195580463;195582104;195581991;195582352;195477619;195477613;195581177;195478126;195478125;195478124;195478123;195478122;195478121;195478120;195477985;195477986;195478032;195478034,1649756,44095837,Chris Henry Jr.,Chris,Henry Jr.,1500,CPT,OSU,OSU @ TEX,09/12/2026 07:30 PM,https://dkn.gs/sports/images/cfb/teams/50/7874.png,OSU @ TEX,Showdown Captain Mode,CFB,9/12,Captain,"CFB Showdown $240 Huddle [Single Entry] (OSU @ TEX);CFB Showdown $100 Redshirt [Single Entry] (OSU @ TEX);CFB Showdown $408 Winner Take All [$1.5K to 1st, Must Fill] (OSU @ TEX);CFB Showdown $530 Winner Take All [Must Fill] (OSU @ TEX);CFB Showdown $50 Quarter Jukebox [Just $0.25!] (OSU @ TEX);CFB Showdown $267 Winner Take All [Must Fill] (OSU @ TEX);CFB Showdown Satellite to NHL 11-3 $555 Barn Burner [Must Fill] (OSU @ TEX);CFB Showdown $100 Winner Take All [$460 to 1st] (Must Fill) (OSU @ TEX);CFB Showdown Satellite to NHL 9-29 $15 Opening Night Puck Drop [Must Fill] (OSU @ TEX);CFB Showdown Satellite to CFB $555 Mid-Season Main Event (10-10) (OSU @ TEX)",195582379;195582460;195580463;195582104;195581991;195582352;195477619;195477613;195581177;195478126;195478125;195478124;195478123;195478122;195478121;195478120;195477985;195477986;195478032;195478034,9/12 7:30PM (OSU @ TEX)
Carson Berger - Showdown Captain Mode (Captain),195582379;195582460;195580463;195582104;195581991;195582352;195477619;195477613;195581177;195478126;195478125;195478124;195478123;195478122;195478121;195478120;195477985;195477986;195478032;195478034,1462696,44095838,Carson Berger,Carson,Berger,1500,CPT,TEX,OSU @ TEX,09/12/2026 07:30 PM,https://dkn.gs/sports/images/cfb/teams/50/8240.png,OSU @ TEX,Showdown Captain Mode,CFB,9/12,Captain,"CFB Showdown $240 Huddle [Single Entry] (OSU @ TEX);CFB Showdown $100 Redshirt [Single Entry] (OSU @ TEX);CFB Showdown $408 Winner Take All [$1.5K to 1st, Must Fill] (OSU @ TEX);CFB Showdown $530 Winner Take All [Must Fill] (OSU @ TEX);CFB Showdown $50 Quarter Jukebox [Just $0.25!] (OSU @ TEX);CFB Showdown $267 Winner Take All [Must Fill] (OSU @ TEX);CFB Showdown Satellite to NHL 11-3 $555 Barn Burner [Must Fill] (OSU @ TEX);CFB Showdown $100 Winner Take All [$460 to 1st] (Must Fill) (OSU @ TEX);CFB Showdown Satellite to NHL 9-29 $15 Opening Night Puck Drop [Must Fill] (OSU @ TEX);CFB Showdown Satellite to CFB $555 Mid-Season Main Event (10-10) (OSU @ TEX)",195582379;195582460;195580463;195582104;195581991;195582352;195477619;195477613;195581177;195478126;195478125;195478124;195478123;195478122;195478121;195478120;195477985;195477986;195478032;195478034,9/12 7:30PM (OSU @ TEX)
Derrek Cooper - Showdown Captain Mode (Captain),195582379;195582460;195580463;195582104;195581991;195582352;195477619;195477613;195581177;195478126;195478125;195478124;195478123;195478122;195478121;195478120;195477985;195477986;195478032;195478034,1645899,44095839,Derrek Cooper,Derrek,Cooper,1500,CPT,TEX,OSU @ TEX,09/12/2026 07:30 PM,https://dkn.gs/sports/images/cfb/teams/50/8240.png,OSU @ TEX,Showdown Captain Mode,CFB,9/12,Captain,"CFB Showdown $240 Huddle [Single Entry] (OSU @ TEX);CFB Showdown $100 Redshirt [Single Entry] (OSU @ TEX);CFB Showdown $408 Winner Take All [$1.5K to 1st, Must Fill] (OSU @ TEX);CFB Showdown $530 Winner Take All [Must Fill] (OSU @ TEX);CFB Showdown $50 Quarter Jukebox [Just $0.25!] (OSU @ TEX);CFB Showdown $267 Winner Take All [Must Fill] (OSU @ TEX);CFB Showdown Satellite to NHL 11-3 $555 Barn Burner [Must Fill] (OSU @ TEX);CFB Showdown $100 Winner Take All [$460 to 1st] (Must Fill) (OSU @ TEX);CFB Showdown Satellite to NHL 9-29 $15 Opening Night Puck Drop [Must Fill] (OSU @ TEX);CFB Showdown Satellite to CFB $555 Mid-Season Main Event (10-10) (OSU @ TEX)",195582379;195582460;195580463;195582104;195581991;195582352;195477619;195477613;195581177;195478126;195478125;195478124;195478123;195478122;195478121;195478120;195477985;195477986;195478032;195478034,9/12 7:30PM (OSU @ TEX)
Michael Terry III - Showdown Captain Mode (Captain),195582379;195582460;195580463;195582104;195581991;195582352;195477619;195477613;195581177;195478126;195478125;195478124;195478123;195478122;195478121;195478120;195477985;195477986;195478032;195478034,1582508,44095840,Michael Terry III,Michael,Terry III,1500,CPT,TEX,OSU @ TEX,09/12/2026 07:30 PM,https://dkn.gs/sports/images/cfb/teams/50/8240.png,OSU @ TEX,Showdown Captain Mode,CFB,9/12,Captain,"CFB Showdown $240 Huddle [Single Entry] (OSU @ TEX);CFB Showdown $100 Redshirt [Single Entry] (OSU @ TEX);CFB Showdown $408 Winner Take All [$1.5K to 1st, Must Fill] (OSU @ TEX);CFB Showdown $530 Winner Take All [Must Fill] (OSU @ TEX);CFB Showdown $50 Quarter Jukebox [Just $0.25!] (OSU @ TEX);CFB Showdown $267 Winner Take All [Must Fill] (OSU @ TEX);CFB Showdown Satellite to NHL 11-3 $555 Barn Burner [Must Fill] (OSU @ TEX);CFB Showdown $100 Winner Take All [$460 to 1st] (Must Fill) (OSU @ TEX);CFB Showdown Satellite to NHL 9-29 $15 Opening Night Puck Drop [Must Fill] (OSU @ TEX);CFB Showdown Satellite to CFB $555 Mid-Season Main Event (10-10) (OSU @ TEX)",195582379;195582460;195580463;195582104;195581991;195582352;195477619;195477613;195581177;195478126;195478125;195478124;195478123;195478122;195478121;195478120;195477985;195477986;195478032;195478034,9/12 7:30PM (OSU @ TEX)
Hunter Welcing - Showdown Captain Mode (Captain),195582379;195582460;195580463;195582104;195581991;195582352;195477619;195477613;195581177;195478126;195478125;195478124;195478123;195478122;195478121;195478120;195477985;195477986;195478032;195478034,1214039,44095841,Hunter Welcing,Hunter,Welcing,1500,CPT,OSU,OSU @ TEX,09/12/2026 07:30 PM,https://dkn.gs/sports/images/cfb/teams/50/7874.png,OSU @ TEX,Showdown Captain Mode,CFB,9/12,Captain,"CFB Showdown $240 Huddle [Single Entry] (OSU @ TEX);CFB Showdown $100 Redshirt [Single Entry] (OSU @ TEX);CFB Showdown $408 Winner Take All [$1.5K to 1st, Must Fill] (OSU @ TEX);CFB Showdown $530 Winner Take All [Must Fill] (OSU @ TEX);CFB Showdown $50 Quarter Jukebox [Just $0.25!] (OSU @ TEX);CFB Showdown $267 Winner Take All [Must Fill] (OSU @ TEX);CFB Showdown Satellite to NHL 11-3 $555 Barn Burner [Must Fill] (OSU @ TEX);CFB Showdown $100 Winner Take All [$460 to 1st] (Must Fill) (OSU @ TEX);CFB Showdown Satellite to NHL 9-29 $15 Opening Night Puck Drop [Must Fill] (OSU @ TEX);CFB Showdown Satellite to CFB $555 Mid-Season Main Event (10-10) (OSU @ TEX)",195582379;195582460;195580463;195582104;195581991;195582352;195477619;195477613;195581177;195478126;195478125;195478124;195478123;195478122;195478121;195478120;195477985;195477986;195478032;195478034,9/12 7:30PM (OSU @ TEX)
Ty Boatright - Showdown Captain Mode (Captain),195582379;195582460;195580463;195582104;195581991;195582352;195477619;195477613;195581177;195478126;195478125;195478124;195478123;195478122;195478121;195478120;195477985;195477986;195478032;195478034,1455730,44095842,Ty Boatright,Ty,Boatright,1500,CPT,TEX,OSU @ TEX,09/12/2026 07:30 PM,https://dkn.gs/sports/images/cfb/teams/50/8240.png,OSU @ TEX,Showdown Captain Mode,CFB,9/12,Captain,"CFB Showdown $240 Huddle [Single Entry] (OSU @ TEX);CFB Showdown $100 Redshirt [Single Entry] (OSU @ TEX);CFB Showdown $408 Winner Take All [$1.5K to 1st, Must Fill] (OSU @ TEX);CFB Showdown $530 Winner Take All [Must Fill] (OSU @ TEX);CFB Showdown $50 Quarter Jukebox [Just $0.25!] (OSU @ TEX);CFB Showdown $267 Winner Take All [Must Fill] (OSU @ TEX);CFB Showdown Satellite to NHL 11-3 $555 Barn Burner [Must Fill] (OSU @ TEX);CFB Showdown $100 Winner Take All [$460 to 1st] (Must Fill) (OSU @ TEX);CFB Showdown Satellite to NHL 9-29 $15 Opening Night Puck Drop [Must Fill] (OSU @ TEX);CFB Showdown Satellite to CFB $555 Mid-Season Main Event (10-10) (OSU @ TEX)",195582379;195582460;195580463;195582104;195581991;195582352;195477619;195477613;195581177;195478126;195478125;195478124;195478123;195478122;195478121;195478120;195477985;195477986;195478032;195478034,9/12 7:30PM (OSU @ TEX)
Jerquaden Guilford - Showdown Captain Mode (Captain),195582379;195582460;195580463;195582104;195581991;195582352;195477619;195477613;195581177;195478126;195478125;195478124;195478123;195478122;195478121;195478120;195477985;195477986;195478032;195478034,1649752,44095843,Jerquaden Guilford,Jerquaden,Guilford,1500,CPT,OSU,OSU @ TEX,09/12/2026 07:30 PM,https://dkn.gs/sports/images/cfb/teams/50/7874.png,OSU @ TEX,Showdown Captain Mode,CFB,9/12,Captain,"CFB Showdown $240 Huddle [Single Entry] (OSU @ TEX);CFB Showdown $100 Redshirt [Single Entry] (OSU @ TEX);CFB Showdown $408 Winner Take All [$1.5K to 1st, Must Fill] (OSU @ TEX);CFB Showdown $530 Winner Take All [Must Fill] (OSU @ TEX);CFB Showdown $50 Quarter Jukebox [Just $0.25!] (OSU @ TEX);CFB Showdown $267 Winner Take All [Must Fill] (OSU @ TEX);CFB Showdown Satellite to NHL 11-3 $555 Barn Burner [Must Fill] (OSU @ TEX);CFB Showdown $100 Winner Take All [$460 to 1st] (Must Fill) (OSU @ TEX);CFB Showdown Satellite to NHL 9-29 $15 Opening Night Puck Drop [Must Fill] (OSU @ TEX);CFB Showdown Satellite to CFB $555 Mid-Season Main Event (10-10) (OSU @ TEX)",195582379;195582460;195580463;195582104;195581991;195582352;195477619;195477613;195581177;195478126;195478125;195478124;195478123;195478122;195478121;195478120;195477985;195477986;195478032;195478034,9/12 7:30PM (OSU @ TEX)
Brennen Schramm - Showdown Captain Mode (Captain),195582379;195582460;195580463;195582104;195581991;195582352;195477619;195477613;195581177;195478126;195478125;195478124;195478123;195478122;195478121;195478120;195477985;195477986;195478032;195478034,1452648,44095844,Brennen Schramm,Brennen,Schramm,1500,CPT,OSU,OSU @ TEX,09/12/2026 07:30 PM,https://dkn.gs/sports/images/cfb/teams/50/7874.png,OSU @ TEX,Showdown Captain Mode,CFB,9/12,Captain,"CFB Showdown $240 Huddle [Single Entry] (OSU @ TEX);CFB Showdown $100 Redshirt [Single Entry] (OSU @ TEX);CFB Showdown $408 Winner Take All [$1.5K to 1st, Must Fill] (OSU @ TEX);CFB Showdown $530 Winner Take All [Must Fill] (OSU @ TEX);CFB Showdown $50 Quarter Jukebox [Just $0.25!] (OSU @ TEX);CFB Showdown $267 Winner Take All [Must Fill] (OSU @ TEX);CFB Showdown Satellite to NHL 11-3 $555 Barn Burner [Must Fill] (OSU @ TEX);CFB Showdown $100 Winner Take All [$460 to 1st] (Must Fill) (OSU @ TEX);CFB Showdown Satellite to NHL 9-29 $15 Opening Night Puck Drop [Must Fill] (OSU @ TEX);CFB Showdown Satellite to CFB $555 Mid-Season Main Event (10-10) (OSU @ TEX)",195582379;195582460;195580463;195582104;195581991;195582352;195477619;195477613;195581177;195478126;195478125;195478124;195478123;195478122;195478121;195478120;195477985;195477986;195478032;195478034,9/12 7:30PM (OSU @ TEX)
Frankie McAllister - Showdown Captain Mode (Captain),195582379;195582460;195580463;195582104;195581991;195582352;195477619;195477613;195581177;195478126;195478125;195478124;195478123;195478122;195478121;195478120;195477985;195477986;195478032;195478034,1653719,44095845,Frankie McAllister,Frankie,McAllister,1500,CPT,OSU,OSU @ TEX,09/12/2026 07:30 PM,https://dkn.gs/sports/images/cfb/teams/50/7874.png,OSU @ TEX,Showdown Captain Mode,CFB,9/12,Captain,"CFB Showdown $240 Huddle [Single Entry] (OSU @ TEX);CFB Showdown $100 Redshirt [Single Entry] (OSU @ TEX);CFB Showdown $408 Winner Take All [$1.5K to 1st, Must Fill] (OSU @ TEX);CFB Showdown $530 Winner Take All [Must Fill] (OSU @ TEX);CFB Showdown $50 Quarter Jukebox [Just $0.25!] (OSU @ TEX);CFB Showdown $267 Winner Take All [Must Fill] (OSU @ TEX);CFB Showdown Satellite to NHL 11-3 $555 Barn Burner [Must Fill] (OSU @ TEX);CFB Showdown $100 Winner Take All [$460 to 1st] (Must Fill) (OSU @ TEX);CFB Showdown Satellite to NHL 9-29 $15 Opening Night Puck Drop [Must Fill] (OSU @ TEX);CFB Showdown Satellite to CFB $555 Mid-Season Main Event (10-10) (OSU @ TEX)",195582379;195582460;195580463;195582104;195581991;195582352;195477619;195477613;195581177;195478126;195478125;195478124;195478123;195478122;195478121;195478120;195477985;195477986;195478032;195478034,9/12 7:30PM (OSU @ TEX)
Chris Stewart - Showdown Captain Mode (Captain),195582379;195582460;195580463;195582104;195581991;195582352;195477619;195477613;195581177;195478126;195478125;195478124;195478123;195478122;195478121;195478120;195477985;195477986;195478032;195478034,1645912,44095846,Chris Stewart,Chris,Stewart,1500,CPT,TEX,OSU @ TEX,09/12/2026 07:30 PM,https://dkn.gs/sports/images/cfb/teams/50/8240.png,OSU @ TEX,Showdown Captain Mode,CFB,9/12,Captain,"CFB Showdown $240 Huddle [Single Entry] (OSU @ TEX);CFB Showdown $100 Redshirt [Single Entry] (OSU @ TEX);CFB Showdown $408 Winner Take All [$1.5K to 1st, Must Fill] (OSU @ TEX);CFB Showdown $530 Winner Take All [Must Fill] (OSU @ TEX);CFB Showdown $50 Quarter Jukebox [Just $0.25!] (OSU @ TEX);CFB Showdown $267 Winner Take All [Must Fill] (OSU @ TEX);CFB Showdown Satellite to NHL 11-3 $555 Barn Burner [Must Fill] (OSU @ TEX);CFB Showdown $100 Winner Take All [$460 to 1st] (Must Fill) (OSU @ TEX);CFB Showdown Satellite to NHL 9-29 $15 Opening Night Puck Drop [Must Fill] (OSU @ TEX);CFB Showdown Satellite to CFB $555 Mid-Season Main Event (10-10) (OSU @ TEX)",195582379;195582460;195580463;195582104;195581991;195582352;195477619;195477613;195581177;195478126;195478125;195478124;195478123;195478122;195478121;195478120;195477985;195477986;195478032;195478034,9/12 7:30PM (OSU @ TEX)
De'Zie Jones - Showdown Captain Mode (Captain),195582379;195582460;195580463;195582104;195581991;195582352;195477619;195477613;195581177;195478126;195478125;195478124;195478123;195478122;195478121;195478120;195477985;195477986;195478032;195478034,1583917,44095847,De'Zie Jones,De'Zie,Jones,1500,CPT,OSU,OSU @ TEX,09/12/2026 07:30 PM,https://dkn.gs/sports/images/cfb/teams/50/7874.png,OSU @ TEX,Showdown Captain Mode,CFB,9/12,Captain,"CFB Showdown $240 Huddle [Single Entry] (OSU @ TEX);CFB Showdown $100 Redshirt [Single Entry] (OSU @ TEX);CFB Showdown $408 Winner Take All [$1.5K to 1st, Must Fill] (OSU @ TEX);CFB Showdown $530 Winner Take All [Must Fill] (OSU @ TEX);CFB Showdown $50 Quarter Jukebox [Just $0.25!] (OSU @ TEX);CFB Showdown $267 Winner Take All [Must Fill] (OSU @ TEX);CFB Showdown Satellite to NHL 11-3 $555 Barn Burner [Must Fill] (OSU @ TEX);CFB Showdown $100 Winner Take All [$460 to 1st] (Must Fill) (OSU @ TEX);CFB Showdown Satellite to NHL 9-29 $15 Opening Night Puck Drop [Must Fill] (OSU @ TEX);CFB Showdown Satellite to CFB $555 Mid-Season Main Event (10-10) (OSU @ TEX)",195582379;195582460;195580463;195582104;195581991;195582352;195477619;195477613;195581177;195478126;195478125;195478124;195478123;195478122;195478121;195478120;195477985;195477986;195478032;195478034,9/12 7:30PM (OSU @ TEX)
Nolan Baudo - Showdown Captain Mode (Captain),195582379;195582460;195580463;195582104;195581991;195582352;195477619;195477613;195581177;195478126;195478125;195478124;195478123;195478122;195478121;195478120;195477985;195477986;195478032;195478034,1451075,44095848,Nolan Baudo,Nolan,Baudo,1500,CPT,OSU,OSU @ TEX,09/12/2026 07:30 PM,https://dkn.gs/sports/images/cfb/teams/50/7874.png,OSU @ TEX,Showdown Captain Mode,CFB,9/12,Captain,"CFB Showdown $240 Huddle [Single Entry] (OSU @ TEX);CFB Showdown $100 Redshirt [Single Entry] (OSU @ TEX);CFB Showdown $408 Winner Take All [$1.5K to 1st, Must Fill] (OSU @ TEX);CFB Showdown $530 Winner Take All [Must Fill] (OSU @ TEX);CFB Showdown $50 Quarter Jukebox [Just $0.25!] (OSU @ TEX);CFB Showdown $267 Winner Take All [Must Fill] (OSU @ TEX);CFB Showdown Satellite to NHL 11-3 $555 Barn Burner [Must Fill] (OSU @ TEX);CFB Showdown $100 Winner Take All [$460 to 1st] (Must Fill) (OSU @ TEX);CFB Showdown Satellite to NHL 9-29 $15 Opening Night Puck Drop [Must Fill] (OSU @ TEX);CFB Showdown Satellite to CFB $555 Mid-Season Main Event (10-10) (OSU @ TEX)",195582379;195582460;195580463;195582104;195581991;195582352;195477619;195477613;195581177;195478126;195478125;195478124;195478123;195478122;195478121;195478120;195477985;195477986;195478032;195478034,9/12 7:30PM (OSU @ TEX)
Kyle Parker - Showdown Captain Mode (Captain),195582379;195582460;195580463;195582104;195581991;195582352;195477619;195477613;195581177;195478126;195478125;195478124;195478123;195478122;195478121;195478120;195477985;195477986;195478032;195478034,1441027,44095849,Kyle Parker,Kyle,Parker,1500,CPT,OSU,OSU @ TEX,09/12/2026 07:30 PM,https://dkn.gs/sports/images/cfb/teams/50/7874.png,OSU @ TEX,Showdown Captain Mode,CFB,9/12,Captain,"CFB Showdown $240 Huddle [Single Entry] (OSU @ TEX);CFB Showdown $100 Redshirt [Single Entry] (OSU @ TEX);CFB Showdown $408 Winner Take All [$1.5K to 1st, Must Fill] (OSU @ TEX);CFB Showdown $530 Winner Take All [Must Fill] (OSU @ TEX);CFB Showdown $50 Quarter Jukebox [Just $0.25!] (OSU @ TEX);CFB Showdown $267 Winner Take All [Must Fill] (OSU @ TEX);CFB Showdown Satellite to NHL 11-3 $555 Barn Burner [Must Fill] (OSU @ TEX);CFB Showdown $100 Winner Take All [$460 to 1st] (Must Fill) (OSU @ TEX);CFB Showdown Satellite to NHL 9-29 $15 Opening Night Puck Drop [Must Fill] (OSU @ TEX);CFB Showdown Satellite to CFB $555 Mid-Season Main Event (10-10) (OSU @ TEX)",195582379;195582460;195580463;195582104;195581991;195582352;195477619;195477613;195581177;195478126;195478125;195478124;195478123;195478122;195478121;195478120;195477985;195477986;195478032;195478034,9/12 7:30PM (OSU @ TEX)
Spencer Shannon - Showdown Captain Mode (Captain),195582379;195582460;195580463;195582104;195581991;195582352;195477619;195477613;195581177;195478126;195478125;195478124;195478123;195478122;195478121;195478120;195477985;195477986;195478032;195478034,1455728,44095850,Spencer Shannon,Spencer,Shannon,1500,CPT,TEX,OSU @ TEX,09/12/2026 07:30 PM,https://dkn.gs/sports/images/cfb/teams/50/8240.png,OSU @ TEX,Showdown Captain Mode,CFB,9/12,Captain,"CFB Showdown $240 Huddle [Single Entry] (OSU @ TEX);CFB Showdown $100 Redshirt [Single Entry] (OSU @ TEX);CFB Showdown $408 Winner Take All [$1.5K to 1st, Must Fill] (OSU @ TEX);CFB Showdown $530 Winner Take All [Must Fill] (OSU @ TEX);CFB Showdown $50 Quarter Jukebox [Just $0.25!] (OSU @ TEX);CFB Showdown $267 Winner Take All [Must Fill] (OSU @ TEX);CFB Showdown Satellite to NHL 11-3 $555 Barn Burner [Must Fill] (OSU @ TEX);CFB Showdown $100 Winner Take All [$460 to 1st] (Must Fill) (OSU @ TEX);CFB Showdown Satellite to NHL 9-29 $15 Opening Night Puck Drop [Must Fill] (OSU @ TEX);CFB Showdown Satellite to CFB $555 Mid-Season Main Event (10-10) (OSU @ TEX)",195582379;195582460;195580463;195582104;195581991;195582352;195477619;195477613;195581177;195478126;195478125;195478124;195478123;195478122;195478121;195478120;195477985;195477986;195478032;195478034,9/12 7:30PM (OSU @ TEX)
Bennett Christian - Showdown Captain Mode (Captain),195582379;195582460;195580463;195582104;195581991;195582352;195477619;195477613;195581177;195478126;195478125;195478124;195478123;195478122;195478121;195478120;195477985;195477986;195478032;195478034,1379231,44095851,Bennett Christian,Bennett,Christian,1500,CPT,OSU,OSU @ TEX,09/12/2026 07:30 PM,https://dkn.gs/sports/images/cfb/teams/50/7874.png,OSU @ TEX,Showdown Captain Mode,CFB,9/12,Captain,"CFB Showdown $240 Huddle [Single Entry] (OSU @ TEX);CFB Showdown $100 Redshirt [Single Entry] (OSU @ TEX);CFB Showdown $408 Winner Take All [$1.5K to 1st, Must Fill] (OSU @ TEX);CFB Showdown $530 Winner Take All [Must Fill] (OSU @ TEX);CFB Showdown $50 Quarter Jukebox [Just $0.25!] (OSU @ TEX);CFB Showdown $267 Winner Take All [Must Fill] (OSU @ TEX);CFB Showdown Satellite to NHL 11-3 $555 Barn Burner [Must Fill] (OSU @ TEX);CFB Showdown $100 Winner Take All [$460 to 1st] (Must Fill) (OSU @ TEX);CFB Showdown Satellite to NHL 9-29 $15 Opening Night Puck Drop [Must Fill] (OSU @ TEX);CFB Showdown Satellite to CFB $555 Mid-Season Main Event (10-10) (OSU @ TEX)",195582379;195582460;195580463;195582104;195581991;195582352;195477619;195477613;195581177;195478126;195478125;195478124;195478123;195478122;195478121;195478120;195477985;195477986;195478032;195478034,9/12 7:30PM (OSU @ TEX)
Bryce Chambers - Showdown Captain Mode (Captain),195582379;195582460;195580463;195582104;195581991;195582352;195477619;195477613;195581177;195478126;195478125;195478124;195478123;195478122;195478121;195478120;195477985;195477986;195478032;195478034,1455722,44095852,Bryce Chambers,Bryce,Chambers,1500,CPT,TEX,OSU @ TEX,09/12/2026 07:30 PM,https://dkn.gs/sports/images/cfb/teams/50/8240.png,OSU @ TEX,Showdown Captain Mode,CFB,9/12,Captain,"CFB Showdown $240 Huddle [Single Entry] (OSU @ TEX);CFB Showdown $100 Redshirt [Single Entry] (OSU @ TEX);CFB Showdown $408 Winner Take All [$1.5K to 1st, Must Fill] (OSU @ TEX);CFB Showdown $530 Winner Take All [Must Fill] (OSU @ TEX);CFB Showdown $50 Quarter Jukebox [Just $0.25!] (OSU @ TEX);CFB Showdown $267 Winner Take All [Must Fill] (OSU @ TEX);CFB Showdown Satellite to NHL 11-3 $555 Barn Burner [Must Fill] (OSU @ TEX);CFB Showdown $100 Winner Take All [$460 to 1st] (Must Fill) (OSU @ TEX);CFB Showdown Satellite to NHL 9-29 $15 Opening Night Puck Drop [Must Fill] (OSU @ TEX);CFB Showdown Satellite to CFB $555 Mid-Season Main Event (10-10) (OSU @ TEX)",195582379;195582460;195580463;195582104;195581991;195582352;195477619;195477613;195581177;195478126;195478125;195478124;195478123;195478122;195478121;195478120;195477985;195477986;195478032;195478034,9/12 7:30PM (OSU @ TEX)
Ryan Seimetz - Showdown Captain Mode (Captain),195582379;195582460;195580463;195582104;195581991;195582352;195477619;195477613;195581177;195478126;195478125;195478124;195478123;195478122;195478121;195478120;195477985;195477986;195478032;195478034,1653717,44095853,Ryan Seimetz,Ryan,Seimetz,1500,CPT,OSU,OSU @ TEX,09/12/2026 07:30 PM,https://dkn.gs/sports/images/cfb/teams/50/7874.png,OSU @ TEX,Showdown Captain Mode,CFB,9/12,Captain,"CFB Showdown $240 Huddle [Single Entry] (OSU @ TEX);CFB Showdown $100 Redshirt [Single Entry] (OSU @ TEX);CFB Showdown $408 Winner Take All [$1.5K to 1st, Must Fill] (OSU @ TEX);CFB Showdown $530 Winner Take All [Must Fill] (OSU @ TEX);CFB Showdown $50 Quarter Jukebox [Just $0.25!] (OSU @ TEX);CFB Showdown $267 Winner Take All [Must Fill] (OSU @ TEX);CFB Showdown Satellite to NHL 11-3 $555 Barn Burner [Must Fill] (OSU @ TEX);CFB Showdown $100 Winner Take All [$460 to 1st] (Must Fill) (OSU @ TEX);CFB Showdown Satellite to NHL 9-29 $15 Opening Night Puck Drop [Must Fill] (OSU @ TEX);CFB Showdown Satellite to CFB $555 Mid-Season Main Event (10-10) (OSU @ TEX)",195582379;195582460;195580463;195582104;195581991;195582352;195477619;195477613;195581177;195478126;195478125;195478124;195478123;195478122;195478121;195478120;195477985;195477986;195478032;195478034,9/12 7:30PM (OSU @ TEX)
Brody Lennon - Showdown Captain Mode (Captain),195582379;195582460;195580463;195582104;195581991;195582352;195477619;195477613;195581177;195478126;195478125;195478124;195478123;195478122;195478121;195478120;195477985;195477986;195478032;195478034,1601202,44095854,Brody Lennon,Brody,Lennon,1500,CPT,OSU,OSU @ TEX,09/12/2026 07:30 PM,https://dkn.gs/sports/images/cfb/teams/50/7874.png,OSU @ TEX,Showdown Captain Mode,CFB,9/12,Captain,"CFB Showdown $240 Huddle [Single Entry] (OSU @ TEX);CFB Showdown $100 Redshirt [Single Entry] (OSU @ TEX);CFB Showdown $408 Winner Take All [$1.5K to 1st, Must Fill] (OSU @ TEX);CFB Showdown $530 Winner Take All [Must Fill] (OSU @ TEX);CFB Showdown $50 Quarter Jukebox [Just $0.25!] (OSU @ TEX);CFB Showdown $267 Winner Take All [Must Fill] (OSU @ TEX);CFB Showdown Satellite to NHL 11-3 $555 Barn Burner [Must Fill] (OSU @ TEX);CFB Showdown $100 Winner Take All [$460 to 1st] (Must Fill) (OSU @ TEX);CFB Showdown Satellite to NHL 9-29 $15 Opening Night Puck Drop [Must Fill] (OSU @ TEX);CFB Showdown Satellite to CFB $555 Mid-Season Main Event (10-10) (OSU @ TEX)",195582379;195582460;195580463;195582104;195581991;195582352;195477619;195477613;195581177;195478126;195478125;195478124;195478123;195478122;195478121;195478120;195477985;195477986;195478032;195478034,9/12 7:30PM (OSU @ TEX)
David Adolph - Showdown Captain Mode (Captain),195582379;195582460;195580463;195582104;195581991;195582352;195477619;195477613;195581177;195478126;195478125;195478124;195478123;195478122;195478121;195478120;195477985;195477986;195478032;195478034,1398685,44095855,David Adolph,David,Adolph,1500,CPT,OSU,OSU @ TEX,09/12/2026 07:30 PM,https://dkn.gs/sports/images/cfb/teams/50/7874.png,OSU @ TEX,Showdown Captain Mode,CFB,9/12,Captain,"CFB Showdown $240 Huddle [Single Entry] (OSU @ TEX);CFB Showdown $100 Redshirt [Single Entry] (OSU @ TEX);CFB Showdown $408 Winner Take All [$1.5K to 1st, Must Fill] (OSU @ TEX);CFB Showdown $530 Winner Take All [Must Fill] (OSU @ TEX);CFB Showdown $50 Quarter Jukebox [Just $0.25!] (OSU @ TEX);CFB Showdown $267 Winner Take All [Must Fill] (OSU @ TEX);CFB Showdown Satellite to NHL 11-3 $555 Barn Burner [Must Fill] (OSU @ TEX);CFB Showdown $100 Winner Take All [$460 to 1st] (Must Fill) (OSU @ TEX);CFB Showdown Satellite to NHL 9-29 $15 Opening Night Puck Drop [Must Fill] (OSU @ TEX);CFB Showdown Satellite to CFB $555 Mid-Season Main Event (10-10) (OSU @ TEX)",195582379;195582460;195580463;195582104;195581991;195582352;195477619;195477613;195581177;195478126;195478125;195478124;195478123;195478122;195478121;195478120;195477985;195477986;195478032;195478034,9/12 7:30PM (OSU @ TEX)
Daylan McCutcheon - Showdown Captain Mode (Captain),195582379;195582460;195580463;195582104;195581991;195582352;195477619;195477613;195581177;195478126;195478125;195478124;195478123;195478122;195478121;195478120;195477985;195477986;195478032;195478034,1582518,44095856,Daylan McCutcheon,Daylan,McCutcheon,1500,CPT,TEX,OSU @ TEX,09/12/2026 07:30 PM,https://dkn.gs/sports/images/cfb/teams/50/8240.png,OSU @ TEX,Showdown Captain Mode,CFB,9/12,Captain,"CFB Showdown $240 Huddle [Single Entry] (OSU @ TEX);CFB Showdown $100 Redshirt [Single Entry] (OSU @ TEX);CFB Showdown $408 Winner Take All [$1.5K to 1st, Must Fill] (OSU @ TEX);CFB Showdown $530 Winner Take All [Must Fill] (OSU @ TEX);CFB Showdown $50 Quarter Jukebox [Just $0.25!] (OSU @ TEX);CFB Showdown $267 Winner Take All [Must Fill] (OSU @ TEX);CFB Showdown Satellite to NHL 11-3 $555 Barn Burner [Must Fill] (OSU @ TEX);CFB Showdown $100 Winner Take All [$460 to 1st] (Must Fill) (OSU @ TEX);CFB Showdown Satellite to NHL 9-29 $15 Opening Night Puck Drop [Must Fill] (OSU @ TEX);CFB Showdown Satellite to CFB $555 Mid-Season Main Event (10-10) (OSU @ TEX)",195582379;195582460;195580463;195582104;195581991;195582352;195477619;195477613;195581177;195478126;195478125;195478124;195478123;195478122;195478121;195478120;195477985;195477986;195478032;195478034,9/12 7:30PM (OSU @ TEX)
Phillip Bell - Showdown Captain Mode (Captain),195582379;195582460;195580463;195582104;195581991;195582352;195477619;195477613;195581177;195478126;195478125;195478124;195478123;195478122;195478121;195478120;195477985;195477986;195478032;195478034,1583914,44095857,Phillip Bell,Phillip,Bell,1500,CPT,OSU,OSU @ TEX,09/12/2026 07:30 PM,https://dkn.gs/sports/images/cfb/teams/50/7874.png,OSU @ TEX,Showdown Captain Mode,CFB,9/12,Captain,"CFB Showdown $240 Huddle [Single Entry] (OSU @ TEX);CFB Showdown $100 Redshirt [Single Entry] (OSU @ TEX);CFB Showdown $408 Winner Take All [$1.5K to 1st, Must Fill] (OSU @ TEX);CFB Showdown $530 Winner Take All [Must Fill] (OSU @ TEX);CFB Showdown $50 Quarter Jukebox [Just $0.25!] (OSU @ TEX);CFB Showdown $267 Winner Take All [Must Fill] (OSU @ TEX);CFB Showdown Satellite to NHL 11-3 $555 Barn Burner [Must Fill] (OSU @ TEX);CFB Showdown $100 Winner Take All [$460 to 1st] (Must Fill) (OSU @ TEX);CFB Showdown Satellite to NHL 9-29 $15 Opening Night Puck Drop [Must Fill] (OSU @ TEX);CFB Showdown Satellite to CFB $555 Mid-Season Main Event (10-10) (OSU @ TEX)",195582379;195582460;195580463;195582104;195581991;195582352;195477619;195477613;195581177;195478126;195478125;195478124;195478123;195478122;195478121;195478120;195477985;195477986;195478032;195478034,9/12 7:30PM (OSU @ TEX)
Will Randle - Showdown Captain Mode (Captain),195582379;195582460;195580463;195582104;195581991;195582352;195477619;195477613;195581177;195478126;195478125;195478124;195478123;195478122;195478121;195478120;195477985;195477986;195478032;195478034,1455729,44095858,Will Randle,Will,Randle,1500,CPT,TEX,OSU @ TEX,09/12/2026 07:30 PM,https://dkn.gs/sports/images/cfb/teams/50/8240.png,OSU @ TEX,Showdown Captain Mode,CFB,9/12,Captain,"CFB Showdown $240 Huddle [Single Entry] (OSU @ TEX);CFB Showdown $100 Redshirt [Single Entry] (OSU @ TEX);CFB Showdown $408 Winner Take All [$1.5K to 1st, Must Fill] (OSU @ TEX);CFB Showdown $530 Winner Take All [Must Fill] (OSU @ TEX);CFB Showdown $50 Quarter Jukebox [Just $0.25!] (OSU @ TEX);CFB Showdown $267 Winner Take All [Must Fill] (OSU @ TEX);CFB Showdown Satellite to NHL 11-3 $555 Barn Burner [Must Fill] (OSU @ TEX);CFB Showdown $100 Winner Take All [$460 to 1st] (Must Fill) (OSU @ TEX);CFB Showdown Satellite to NHL 9-29 $15 Opening Night Puck Drop [Must Fill] (OSU @ TEX);CFB Showdown Satellite to CFB $555 Mid-Season Main Event (10-10) (OSU @ TEX)",195582379;195582460;195580463;195582104;195581991;195582352;195477619;195477613;195581177;195478126;195478125;195478124;195478123;195478122;195478121;195478120;195477985;195477986;195478032;195478034,9/12 7:30PM (OSU @ TEX)
Charlie Jilek - Showdown Captain Mode (Captain),195582379;195582460;195580463;195582104;195581991;195582352;195477619;195477613;195581177;195478126;195478125;195478124;195478123;195478122;195478121;195478120;195477985;195477986;195478032;195478034,1645965,44095859,Charlie Jilek,Charlie,Jilek,1500,CPT,TEX,OSU @ TEX,09/12/2026 07:30 PM,https://dkn.gs/sports/images/cfb/teams/50/8240.png,OSU @ TEX,Showdown Captain Mode,CFB,9/12,Captain,"CFB Showdown $240 Huddle [Single Entry] (OSU @ TEX);CFB Showdown $100 Redshirt [Single Entry] (OSU @ TEX);CFB Showdown $408 Winner Take All [$1.5K to 1st, Must Fill] (OSU @ TEX);CFB Showdown $530 Winner Take All [Must Fill] (OSU @ TEX);CFB Showdown $50 Quarter Jukebox [Just $0.25!] (OSU @ TEX);CFB Showdown $267 Winner Take All [Must Fill] (OSU @ TEX);CFB Showdown Satellite to NHL 11-3 $555 Barn Burner [Must Fill] (OSU @ TEX);CFB Showdown $100 Winner Take All [$460 to 1st] (Must Fill) (OSU @ TEX);CFB Showdown Satellite to NHL 9-29 $15 Opening Night Puck Drop [Must Fill] (OSU @ TEX);CFB Showdown Satellite to CFB $555 Mid-Season Main Event (10-10) (OSU @ TEX)",195582379;195582460;195580463;195582104;195581991;195582352;195477619;195477613;195581177;195478126;195478125;195478124;195478123;195478122;195478121;195478120;195477985;195477986;195478032;195478034,9/12 7:30PM (OSU @ TEX)
Nick Lautar - Showdown Captain Mode (Captain),195582379;195582460;195580463;195582104;195581991;195582352;195477619;195477613;195581177;195478126;195478125;195478124;195478123;195478122;195478121;195478120;195477985;195477986;195478032;195478034,1649794,44095860,Nick Lautar,Nick,Lautar,1500,CPT,OSU,OSU @ TEX,09/12/2026 07:30 PM,https://dkn.gs/sports/images/cfb/teams/50/7874.png,OSU @ TEX,Showdown Captain Mode,CFB,9/12,Captain,"CFB Showdown $240 Huddle [Single Entry] (OSU @ TEX);CFB Showdown $100 Redshirt [Single Entry] (OSU @ TEX);CFB Showdown $408 Winner Take All [$1.5K to 1st, Must Fill] (OSU @ TEX);CFB Showdown $530 Winner Take All [Must Fill] (OSU @ TEX);CFB Showdown $50 Quarter Jukebox [Just $0.25!] (OSU @ TEX);CFB Showdown $267 Winner Take All [Must Fill] (OSU @ TEX);CFB Showdown Satellite to NHL 11-3 $555 Barn Burner [Must Fill] (OSU @ TEX);CFB Showdown $100 Winner Take All [$460 to 1st] (Must Fill) (OSU @ TEX);CFB Showdown Satellite to NHL 9-29 $15 Opening Night Puck Drop [Must Fill] (OSU @ TEX);CFB Showdown Satellite to CFB $555 Mid-Season Main Event (10-10) (OSU @ TEX)",195582379;195582460;195580463;195582104;195581991;195582352;195477619;195477613;195581177;195478126;195478125;195478124;195478123;195478122;195478121;195478120;195477985;195477986;195478032;195478034,9/12 7:30PM (OSU @ TEX)
Maxence LeBlanc - Showdown Captain Mode (Captain),195582379;195582460;195580463;195582104;195581991;195582352;195477619;195477613;195581177;195478126;195478125;195478124;195478123;195478122;195478121;195478120;195477985;195477986;195478032;195478034,1519340,44095861,Maxence LeBlanc,Maxence,LeBlanc,1500,CPT,OSU,OSU @ TEX,09/12/2026 07:30 PM,https://dkn.gs/sports/images/cfb/teams/50/7874.png,OSU @ TEX,Showdown Captain Mode,CFB,9/12,Captain,"CFB Showdown $240 Huddle [Single Entry] (OSU @ TEX);CFB Showdown $100 Redshirt [Single Entry] (OSU @ TEX);CFB Showdown $408 Winner Take All [$1.5K to 1st, Must Fill] (OSU @ TEX);CFB Showdown $530 Winner Take All [Must Fill] (OSU @ TEX);CFB Showdown $50 Quarter Jukebox [Just $0.25!] (OSU @ TEX);CFB Showdown $267 Winner Take All [Must Fill] (OSU @ TEX);CFB Showdown Satellite to NHL 11-3 $555 Barn Burner [Must Fill] (OSU @ TEX);CFB Showdown $100 Winner Take All [$460 to 1st] (Must Fill) (OSU @ TEX);CFB Showdown Satellite to NHL 9-29 $15 Opening Night Puck Drop [Must Fill] (OSU @ TEX);CFB Showdown Satellite to CFB $555 Mid-Season Main Event (10-10) (OSU @ TEX)",195582379;195582460;195580463;195582104;195581991;195582352;195477619;195477613;195581177;195478126;195478125;195478124;195478123;195478122;195478121;195478120;195477985;195477986;195478032;195478034,9/12 7:30PM (OSU @ TEX)
Amari Valerio-Hudson - Showdown Captain Mode (Captain),195582379;195582460;195580463;195582104;195581991;195582352;195477619;195477613;195581177;195478126;195478125;195478124;195478123;195478122;195478121;195478120;195477985;195477986;195478032;195478034,1649776,44095862,Amari Valerio-Hudson,Amari,Valerio-Hudson,1500,CPT,OSU,OSU @ TEX,09/12/2026 07:30 PM,https://dkn.gs/sports/images/cfb/teams/50/7874.png,OSU @ TEX,Showdown Captain Mode,CFB,9/12,Captain,"CFB Showdown $240 Huddle [Single Entry] (OSU @ TEX);CFB Showdown $100 Redshirt [Single Entry] (OSU @ TEX);CFB Showdown $408 Winner Take All [$1.5K to 1st, Must Fill] (OSU @ TEX);CFB Showdown $530 Winner Take All [Must Fill] (OSU @ TEX);CFB Showdown $50 Quarter Jukebox [Just $0.25!] (OSU @ TEX);CFB Showdown $267 Winner Take All [Must Fill] (OSU @ TEX);CFB Showdown Satellite to NHL 11-3 $555 Barn Burner [Must Fill] (OSU @ TEX);CFB Showdown $100 Winner Take All [$460 to 1st] (Must Fill) (OSU @ TEX);CFB Showdown Satellite to NHL 9-29 $15 Opening Night Puck Drop [Must Fill] (OSU @ TEX);CFB Showdown Satellite to CFB $555 Mid-Season Main Event (10-10) (OSU @ TEX)",195582379;195582460;195580463;195582104;195581991;195582352;195477619;195477613;195581177;195478126;195478125;195478124;195478123;195478122;195478121;195478120;195477985;195477986;195478032;195478034,9/12 7:30PM (OSU @ TEX)
Hudson Powell - Showdown Captain Mode (Captain),195582379;195582460;195580463;195582104;195581991;195582352;195477619;195477613;195581177;195478126;195478125;195478124;195478123;195478122;195478121;195478120;195477985;195477986;195478032;195478034,1537550,44095863,Hudson Powell,Hudson,Powell,1500,CPT,TEX,OSU @ TEX,09/12/2026 07:30 PM,https://dkn.gs/sports/images/cfb/teams/50/8240.png,OSU @ TEX,Showdown Captain Mode,CFB,9/12,Captain,"CFB Showdown $240 Huddle [Single Entry] (OSU @ TEX);CFB Showdown $100 Redshirt [Single Entry] (OSU @ TEX);CFB Showdown $408 Winner Take All [$1.5K to 1st, Must Fill] (OSU @ TEX);CFB Showdown $530 Winner Take All [Must Fill] (OSU @ TEX);CFB Showdown $50 Quarter Jukebox [Just $0.25!] (OSU @ TEX);CFB Showdown $267 Winner Take All [Must Fill] (OSU @ TEX);CFB Showdown Satellite to NHL 11-3 $555 Barn Burner [Must Fill] (OSU @ TEX);CFB Showdown $100 Winner Take All [$460 to 1st] (Must Fill) (OSU @ TEX);CFB Showdown Satellite to NHL 9-29 $15 Opening Night Puck Drop [Must Fill] (OSU @ TEX);CFB Showdown Satellite to CFB $555 Mid-Season Main Event (10-10) (OSU @ TEX)",195582379;195582460;195580463;195582104;195581991;195582352;195477619;195477613;195581177;195478126;195478125;195478124;195478123;195478122;195478121;195478120;195477985;195477986;195478032;195478034,9/12 7:30PM (OSU @ TEX)
Kohen Brown - Showdown Captain Mode (Captain),195582379;195582460;195580463;195582104;195581991;195582352;195477619;195477613;195581177;195478126;195478125;195478124;195478123;195478122;195478121;195478120;195477985;195477986;195478032;195478034,1645910,44095864,Kohen Brown,Kohen,Brown,1500,CPT,TEX,OSU @ TEX,09/12/2026 07:30 PM,https://dkn.gs/sports/images/cfb/teams/50/8240.png,OSU @ TEX,Showdown Captain Mode,CFB,9/12,Captain,"CFB Showdown $240 Huddle [Single Entry] (OSU @ TEX);CFB Showdown $100 Redshirt [Single Entry] (OSU @ TEX);CFB Showdown $408 Winner Take All [$1.5K to 1st, Must Fill] (OSU @ TEX);CFB Showdown $530 Winner Take All [Must Fill] (OSU @ TEX);CFB Showdown $50 Quarter Jukebox [Just $0.25!] (OSU @ TEX);CFB Showdown $267 Winner Take All [Must Fill] (OSU @ TEX);CFB Showdown Satellite to NHL 11-3 $555 Barn Burner [Must Fill] (OSU @ TEX);CFB Showdown $100 Winner Take All [$460 to 1st] (Must Fill) (OSU @ TEX);CFB Showdown Satellite to NHL 9-29 $15 Opening Night Puck Drop [Must Fill] (OSU @ TEX);CFB Showdown Satellite to CFB $555 Mid-Season Main Event (10-10) (OSU @ TEX)",195582379;195582460;195580463;195582104;195581991;195582352;195477619;195477613;195581177;195478126;195478125;195478124;195478123;195478122;195478121;195478120;195477985;195477986;195478032;195478034,9/12 7:30PM (OSU @ TEX)
Ridge Barker - Showdown Captain Mode (Captain),195582379;195582460;195580463;195582104;195581991;195582352;195477619;195477613;195581177;195478126;195478125;195478124;195478123;195478122;195478121;195478120;195477985;195477986;195478032;195478034,1521580,44095865,Ridge Barker,Ridge,Barker,1500,CPT,TEX,OSU @ TEX,09/12/2026 07:30 PM,https://dkn.gs/sports/images/cfb/teams/50/8240.png,OSU @ TEX,Showdown Captain Mode,CFB,9/12,Captain,"CFB Showdown $240 Huddle [Single Entry] (OSU @ TEX);CFB Showdown $100 Redshirt [Single Entry] (OSU @ TEX);CFB Showdown $408 Winner Take All [$1.5K to 1st, Must Fill] (OSU @ TEX);CFB Showdown $530 Winner Take All [Must Fill] (OSU @ TEX);CFB Showdown $50 Quarter Jukebox [Just $0.25!] (OSU @ TEX);CFB Showdown $267 Winner Take All [Must Fill] (OSU @ TEX);CFB Showdown Satellite to NHL 11-3 $555 Barn Burner [Must Fill] (OSU @ TEX);CFB Showdown $100 Winner Take All [$460 to 1st] (Must Fill) (OSU @ TEX);CFB Showdown Satellite to NHL 9-29 $15 Opening Night Puck Drop [Must Fill] (OSU @ TEX);CFB Showdown Satellite to CFB $555 Mid-Season Main Event (10-10) (OSU @ TEX)",195582379;195582460;195580463;195582104;195581991;195582352;195477619;195477613;195581177;195478126;195478125;195478124;195478123;195478122;195478121;195478120;195477985;195477986;195478032;195478034,9/12 7:30PM (OSU @ TEX)
Jaeden Ricketts - Showdown Captain Mode (Captain),195582379;195582460;195580463;195582104;195581991;195582352;195477619;195477613;195581177;195478126;195478125;195478124;195478123;195478122;195478121;195478120;195477985;195477986;195478032;195478034,1649792,44095866,Jaeden Ricketts,Jaeden,Ricketts,1500,CPT,OSU,OSU @ TEX,09/12/2026 07:30 PM,https://dkn.gs/sports/images/cfb/teams/50/7874.png,OSU @ TEX,Showdown Captain Mode,CFB,9/12,Captain,"CFB Showdown $240 Huddle [Single Entry] (OSU @ TEX);CFB Showdown $100 Redshirt [Single Entry] (OSU @ TEX);CFB Showdown $408 Winner Take All [$1.5K to 1st, Must Fill] (OSU @ TEX);CFB Showdown $530 Winner Take All [Must Fill] (OSU @ TEX);CFB Showdown $50 Quarter Jukebox [Just $0.25!] (OSU @ TEX);CFB Showdown $267 Winner Take All [Must Fill] (OSU @ TEX);CFB Showdown Satellite to NHL 11-3 $555 Barn Burner [Must Fill] (OSU @ TEX);CFB Showdown $100 Winner Take All [$460 to 1st] (Must Fill) (OSU @ TEX);CFB Showdown Satellite to NHL 9-29 $15 Opening Night Puck Drop [Must Fill] (OSU @ TEX);CFB Showdown Satellite to CFB $555 Mid-Season Main Event (10-10) (OSU @ TEX)",195582379;195582460;195580463;195582104;195581991;195582352;195477619;195477613;195581177;195478126;195478125;195478124;195478123;195478122;195478121;195478120;195477985;195477986;195478032;195478034,9/12 7:30PM (OSU @ TEX)
Evan Enderlin - Showdown Captain Mode (Captain),195582379;195582460;195580463;195582104;195581991;195582352;195477619;195477613;195581177;195478126;195478125;195478124;195478123;195478122;195478121;195478120;195477985;195477986;195478032;195478034,1660945,44095867,Evan Enderlin,Evan,Enderlin,1500,CPT,TEX,OSU @ TEX,09/12/2026 07:30 PM,https://dkn.gs/sports/images/cfb/teams/50/8240.png,OSU @ TEX,Showdown Captain Mode,CFB,9/12,Captain,"CFB Showdown $240 Huddle [Single Entry] (OSU @ TEX);CFB Showdown $100 Redshirt [Single Entry] (OSU @ TEX);CFB Showdown $408 Winner Take All [$1.5K to 1st, Must Fill] (OSU @ TEX);CFB Showdown $530 Winner Take All [Must Fill] (OSU @ TEX);CFB Showdown $50 Quarter Jukebox [Just $0.25!] (OSU @ TEX);CFB Showdown $267 Winner Take All [Must Fill] (OSU @ TEX);CFB Showdown Satellite to NHL 11-3 $555 Barn Burner [Must Fill] (OSU @ TEX);CFB Showdown $100 Winner Take All [$460 to 1st] (Must Fill) (OSU @ TEX);CFB Showdown Satellite to NHL 9-29 $15 Opening Night Puck Drop [Must Fill] (OSU @ TEX);CFB Showdown Satellite to CFB $555 Mid-Season Main Event (10-10) (OSU @ TEX)",195582379;195582460;195580463;195582104;195581991;195582352;195477619;195477613;195581177;195478126;195478125;195478124;195478123;195478122;195478121;195478120;195477985;195477986;195478032;195478034,9/12 7:30PM (OSU @ TEX)
Rett Andersen - Showdown Captain Mode (Captain),195582379;195582460;195580463;195582104;195581991;195582352;195477619;195477613;195581177;195478126;195478125;195478124;195478123;195478122;195478121;195478120;195477985;195477986;195478032;195478034,1455721,44095868,Rett Andersen,Rett,Andersen,1500,CPT,TEX,OSU @ TEX,09/12/2026 07:30 PM,https://dkn.gs/sports/images/cfb/teams/50/8240.png,OSU @ TEX,Showdown Captain Mode,CFB,9/12,Captain,"CFB Showdown $240 Huddle [Single Entry] (OSU @ TEX);CFB Showdown $100 Redshirt [Single Entry] (OSU @ TEX);CFB Showdown $408 Winner Take All [$1.5K to 1st, Must Fill] (OSU @ TEX);CFB Showdown $530 Winner Take All [Must Fill] (OSU @ TEX);CFB Showdown $50 Quarter Jukebox [Just $0.25!] (OSU @ TEX);CFB Showdown $267 Winner Take All [Must Fill] (OSU @ TEX);CFB Showdown Satellite to NHL 11-3 $555 Barn Burner [Must Fill] (OSU @ TEX);CFB Showdown $100 Winner Take All [$460 to 1st] (Must Fill) (OSU @ TEX);CFB Showdown Satellite to NHL 9-29 $15 Opening Night Puck Drop [Must Fill] (OSU @ TEX);CFB Showdown Satellite to CFB $555 Mid-Season Main Event (10-10) (OSU @ TEX)",195582379;195582460;195580463;195582104;195581991;195582352;195477619;195477613;195581177;195478126;195478125;195478124;195478123;195478122;195478121;195478120;195477985;195477986;195478032;195478034,9/12 7:30PM (OSU @ TEX)
Mateaki Helu - Showdown Captain Mode (Captain),195476951;195476948;195476952;195477720;195477723;195476956;195477719;195477727;195477721;195476955;195477726;195476949;195476950;195476953;195476954;195567364;195477928;195477927;195477926;195477925,1582981,44095537,Mateaki Helu,Mateaki,Helu,1500,CPT,UTAH,ARK @ UTAH,09/12/2026 10:15 PM,https://dkn.gs/sports/images/cfb/teams/50/8341.png,ARK @ UTAH,Showdown Captain Mode,CFB,9/12,Captain,"CFB Showdown $6K Air Raid [$2K to 1st] (ARK @ UTAH);CFB Showdown $720 Kick Return [Single Entry, Top 2 Win] (ARK @ UTAH);CFB Showdown $750 First Down (ARK @ UTAH);CFB Showdown $530 Winner Take All [Must Fill] (ARK @ UTAH);CFB Showdown $408 Winner Take All [$1.5K to 1st, Must Fill] (ARK @ UTAH);CFB Showdown $400 Coffin Corner [Single Entry] (ARK @ UTAH);CFB Showdown $267 Winner Take All [Must Fill] (ARK @ UTAH);CFB Showdown Satellite to NHL 11-3 $555 Barn Burner [Must Fill] (ARK @ UTAH);CFB Showdown $100 Winner Take All [$460 to 1st] (Must Fill) (ARK @ UTAH);CFB Showdown $155 White-Out [Single Entry] (ARK @ UTAH)",195476951;195476948;195476952;195477720;195477723;195476956;195477719;195477727;195477721;195476955;195477726;195476949;195476950;195476953;195476954;195567364;195477928;195477927;195477926;195477925,9/12 10:15PM (ARK @ UTAH)
Jojo Ward - Showdown Captain Mode (Captain),195476951;195476948;195476952;195477720;195477723;195476956;195477719;195477727;195477721;195476955;195477726;195476949;195476950;195476953;195476954;195567364;195477928;195477927;195477926;195477925,1672544,44095538,Jojo Ward,Jojo,Ward,1500,CPT,UTAH,ARK @ UTAH,09/12/2026 10:15 PM,https://dkn.gs/sports/images/cfb/teams/50/8341.png,ARK @ UTAH,Showdown Captain Mode,CFB,9/12,Captain,"CFB Showdown $6K Air Raid [$2K to 1st] (ARK @ UTAH);CFB Showdown $720 Kick Return [Single Entry, Top 2 Win] (ARK @ UTAH);CFB Showdown $750 First Down (ARK @ UTAH);CFB Showdown $530 Winner Take All [Must Fill] (ARK @ UTAH);CFB Showdown $408 Winner Take All [$1.5K to 1st, Must Fill] (ARK @ UTAH);CFB Showdown $400 Coffin Corner [Single Entry] (ARK @ UTAH);CFB Showdown $267 Winner Take All [Must Fill] (ARK @ UTAH);CFB Showdown Satellite to NHL 11-3 $555 Barn Burner [Must Fill] (ARK @ UTAH);CFB Showdown $100 Winner Take All [$460 to 1st] (Must Fill) (ARK @ UTAH);CFB Showdown $155 White-Out [Single Entry] (ARK @ UTAH)",195476951;195476948;195476952;195477720;195477723;195476956;195477719;195477727;195477721;195476955;195477726;195476949;195476950;195476953;195476954;195567364;195477928;195477927;195477926;195477925,9/12 10:15PM (ARK @ UTAH)
TJ Hodges - Showdown Captain Mode (Captain),195476951;195476948;195476952;195477720;195477723;195476956;195477719;195477727;195477721;195476955;195477726;195476949;195476950;195476953;195476954;195567364;195477928;195477927;195477926;195477925,1645617,44095539,TJ Hodges,TJ,Hodges,1500,CPT,ARK,ARK @ UTAH,09/12/2026 10:15 PM,https://dkn.gs/sports/images/cfb/teams/50/8175.png,ARK @ UTAH,Showdown Captain Mode,CFB,9/12,Captain,"CFB Showdown $6K Air Raid [$2K to 1st] (ARK @ UTAH);CFB Showdown $720 Kick Return [Single Entry, Top 2 Win] (ARK @ UTAH);CFB Showdown $750 First Down (ARK @ UTAH);CFB Showdown $530 Winner Take All [Must Fill] (ARK @ UTAH);CFB Showdown $408 Winner Take All [$1.5K to 1st, Must Fill] (ARK @ UTAH);CFB Showdown $400 Coffin Corner [Single Entry] (ARK @ UTAH);CFB Showdown $267 Winner Take All [Must Fill] (ARK @ UTAH);CFB Showdown Satellite to NHL 11-3 $555 Barn Burner [Must Fill] (ARK @ UTAH);CFB Showdown $100 Winner Take All [$460 to 1st] (Must Fill) (ARK @ UTAH);CFB Showdown $155 White-Out [Single Entry] (ARK @ UTAH)",195476951;195476948;195476952;195477720;195477723;195476956;195477719;195477727;195477721;195476955;195477726;195476949;195476950;195476953;195476954;195567364;195477928;195477927;195477926;195477925,9/12 10:15PM (ARK @ UTAH)
Anthony Hernandez - Showdown Captain Mode (Captain),195476951;195476948;195476952;195477720;195477723;195476956;195477719;195477727;195477721;195476955;195477726;195476949;195476950;195476953;195476954;195567364;195477928;195477927;195477926;195477925,1532367,44095540,Anthony Hernandez,Anthony,Hernandez,1500,CPT,UTAH,ARK @ UTAH,09/12/2026 10:15 PM,https://dkn.gs/sports/images/cfb/teams/50/8341.png,ARK @ UTAH,Showdown Captain Mode,CFB,9/12,Captain,"CFB Showdown $6K Air Raid [$2K to 1st] (ARK @ UTAH);CFB Showdown $720 Kick Return [Single Entry, Top 2 Win] (ARK @ UTAH);CFB Showdown $750 First Down (ARK @ UTAH);CFB Showdown $530 Winner Take All [Must Fill] (ARK @ UTAH);CFB Showdown $408 Winner Take All [$1.5K to 1st, Must Fill] (ARK @ UTAH);CFB Showdown $400 Coffin Corner [Single Entry] (ARK @ UTAH);CFB Showdown $267 Winner Take All [Must Fill] (ARK @ UTAH);CFB Showdown Satellite to NHL 11-3 $555 Barn Burner [Must Fill] (ARK @ UTAH);CFB Showdown $100 Winner Take All [$460 to 1st] (Must Fill) (ARK @ UTAH);CFB Showdown $155 White-Out [Single Entry] (ARK @ UTAH)",195476951;195476948;195476952;195477720;195477723;195476956;195477719;195477727;195477721;195476955;195477726;195476949;195476950;195476953;195476954;195567364;195477928;195477927;195477926;195477925,9/12 10:15PM (ARK @ UTAH)
Kevin Young - Showdown Captain Mode (Captain),195476951;195476948;195476952;195477720;195477723;195476956;195477719;195477727;195477721;195476955;195477726;195476949;195476950;195476953;195476954;195567364;195477928;195477927;195477926;195477925,1651909,44095541,Kevin Young,Kevin,Young,1500,CPT,ARK,ARK @ UTAH,09/12/2026 10:15 PM,https://dkn.gs/sports/images/cfb/teams/50/8175.png,ARK @ UTAH,Showdown Captain Mode,CFB,9/12,Captain,"CFB Showdown $6K Air Raid [$2K to 1st] (ARK @ UTAH);CFB Showdown $720 Kick Return [Single Entry, Top 2 Win] (ARK @ UTAH);CFB Showdown $750 First Down (ARK @ UTAH);CFB Showdown $530 Winner Take All [Must Fill] (ARK @ UTAH);CFB Showdown $408 Winner Take All [$1.5K to 1st, Must Fill] (ARK @ UTAH);CFB Showdown $400 Coffin Corner [Single Entry] (ARK @ UTAH);CFB Showdown $267 Winner Take All [Must Fill] (ARK @ UTAH);CFB Showdown Satellite to NHL 11-3 $555 Barn Burner [Must Fill] (ARK @ UTAH);CFB Showdown $100 Winner Take All [$460 to 1st] (Must Fill) (ARK @ UTAH);CFB Showdown $155 White-Out [Single Entry] (ARK @ UTAH)",195476951;195476948;195476952;195477720;195477723;195476956;195477719;195477727;195477721;195476955;195477726;195476949;195476950;195476953;195476954;195567364;195477928;195477927;195477926;195477925,9/12 10:15PM (ARK @ UTAH)
Mario Robinson - Showdown Captain Mode (Captain),195476951;195476948;195476952;195477720;195477723;195476956;195477719;195477727;195477721;195476955;195477726;195476949;195476950;195476953;195476954;195567364;195477928;195477927;195477926;195477925,1511165,44095542,Mario Robinson,Mario,Robinson,1500,CPT,ARK,ARK @ UTAH,09/12/2026 10:15 PM,https://dkn.gs/sports/images/cfb/teams/50/8175.png,ARK @ UTAH,Showdown Captain Mode,CFB,9/12,Captain,"CFB Showdown $6K Air Raid [$2K to 1st] (ARK @ UTAH);CFB Showdown $720 Kick Return [Single Entry, Top 2 Win] (ARK @ UTAH);CFB Showdown $750 First Down (ARK @ UTAH);CFB Showdown $530 Winner Take All [Must Fill] (ARK @ UTAH);CFB Showdown $408 Winner Take All [$1.5K to 1st, Must Fill] (ARK @ UTAH);CFB Showdown $400 Coffin Corner [Single Entry] (ARK @ UTAH);CFB Showdown $267 Winner Take All [Must Fill] (ARK @ UTAH);CFB Showdown Satellite to NHL 11-3 $555 Barn Burner [Must Fill] (ARK @ UTAH);CFB Showdown $100 Winner Take All [$460 to 1st] (Must Fill) (ARK @ UTAH);CFB Showdown $155 White-Out [Single Entry] (ARK @ UTAH)",195476951;195476948;195476952;195477720;195477723;195476956;195477719;195477727;195477721;195476955;195477726;195476949;195476950;195476953;195476954;195567364;195477928;195477927;195477926;195477925,9/12 10:15PM (ARK @ UTAH)
Markeylin Batton - Showdown Captain Mode (Captain),195476951;195476948;195476952;195477720;195477723;195476956;195477719;195477727;195477721;195476955;195477726;195476949;195476950;195476953;195476954;195567364;195477928;195477927;195477926;195477925,1589448,44095543,Markeylin Batton,Markeylin,Batton,1500,CPT,ARK,ARK @ UTAH,09/12/2026 10:15 PM,https://dkn.gs/sports/images/cfb/teams/50/8175.png,ARK @ UTAH,Showdown Captain Mode,CFB,9/12,Captain,"CFB Showdown $6K Air Raid [$2K to 1st] (ARK @ UTAH);CFB Showdown $720 Kick Return [Single Entry, Top 2 Win] (ARK @ UTAH);CFB Showdown $750 First Down (ARK @ UTAH);CFB Showdown $530 Winner Take All [Must Fill] (ARK @ UTAH);CFB Showdown $408 Winner Take All [$1.5K to 1st, Must Fill] (ARK @ UTAH);CFB Showdown $400 Coffin Corner [Single Entry] (ARK @ UTAH);CFB Showdown $267 Winner Take All [Must Fill] (ARK @ UTAH);CFB Showdown Satellite to NHL 11-3 $555 Barn Burner [Must Fill] (ARK @ UTAH);CFB Showdown $100 Winner Take All [$460 to 1st] (Must Fill) (ARK @ UTAH);CFB Showdown $155 White-Out [Single Entry] (ARK @ UTAH)",195476951;195476948;195476952;195477720;195477723;195476956;195477719;195477727;195477721;195476955;195477726;195476949;195476950;195476953;195476954;195567364;195477928;195477927;195477926;195477925,9/12 10:15PM (ARK @ UTAH)
Braxton Scriber - Showdown Captain Mode (Captain),195476951;195476948;195476952;195477720;195477723;195476956;195477719;195477727;195477721;195476955;195477726;195476949;195476950;195476953;195476954;195567364;195477928;195477927;195477926;195477925,1595839,44095544,Braxton Scriber,Braxton,Scriber,1500,CPT,ARK,ARK @ UTAH,09/12/2026 10:15 PM,https://dkn.gs/sports/images/cfb/teams/50/8175.png,ARK @ UTAH,Showdown Captain Mode,CFB,9/12,Captain,"CFB Showdown $6K Air Raid [$2K to 1st] (ARK @ UTAH);CFB Showdown $720 Kick Return [Single Entry, Top 2 Win] (ARK @ UTAH);CFB Showdown $750 First Down (ARK @ UTAH);CFB Showdown $530 Winner Take All [Must Fill] (ARK @ UTAH);CFB Showdown $408 Winner Take All [$1.5K to 1st, Must Fill] (ARK @ UTAH);CFB Showdown $400 Coffin Corner [Single Entry] (ARK @ UTAH);CFB Showdown $267 Winner Take All [Must Fill] (ARK @ UTAH);CFB Showdown Satellite to NHL 11-3 $555 Barn Burner [Must Fill] (ARK @ UTAH);CFB Showdown $100 Winner Take All [$460 to 1st] (Must Fill) (ARK @ UTAH);CFB Showdown $155 White-Out [Single Entry] (ARK @ UTAH)",195476951;195476948;195476952;195477720;195477723;195476956;195477719;195477727;195477721;195476955;195477726;195476949;195476950;195476953;195476954;195567364;195477928;195477927;195477926;195477925,9/12 10:15PM (ARK @ UTAH)
Hutson Hendrix - Showdown Captain Mode (Captain),195476951;195476948;195476952;195477720;195477723;195476956;195477719;195477727;195477721;195476955;195477726;195476949;195476950;195476953;195476954;195567364;195477928;195477927;195477926;195477925,1589449,44095545,Hutson Hendrix,Hutson,Hendrix,1500,CPT,ARK,ARK @ UTAH,09/12/2026 10:15 PM,https://dkn.gs/sports/images/cfb/teams/50/8175.png,ARK @ UTAH,Showdown Captain Mode,CFB,9/12,Captain,"CFB Showdown $6K Air Raid [$2K to 1st] (ARK @ UTAH);CFB Showdown $720 Kick Return [Single Entry, Top 2 Win] (ARK @ UTAH);CFB Showdown $750 First Down (ARK @ UTAH);CFB Showdown $530 Winner Take All [Must Fill] (ARK @ UTAH);CFB Showdown $408 Winner Take All [$1.5K to 1st, Must Fill] (ARK @ UTAH);CFB Showdown $400 Coffin Corner [Single Entry] (ARK @ UTAH);CFB Showdown $267 Winner Take All [Must Fill] (ARK @ UTAH);CFB Showdown Satellite to NHL 11-3 $555 Barn Burner [Must Fill] (ARK @ UTAH);CFB Showdown $100 Winner Take All [$460 to 1st] (Must Fill) (ARK @ UTAH);CFB Showdown $155 White-Out [Single Entry] (ARK @ UTAH)",195476951;195476948;195476952;195477720;195477723;195476956;195477719;195477727;195477721;195476955;195477726;195476949;195476950;195476953;195476954;195567364;195477928;195477927;195477926;195477925,9/12 10:15PM (ARK @ UTAH)
Bryson Baker - Showdown Captain Mode (Captain),195476951;195476948;195476952;195477720;195477723;195476956;195477719;195477727;195477721;195476955;195477726;195476949;195476950;195476953;195476954;195567364;195477928;195477927;195477926;195477925,1592501,44095546,Bryson Baker,Bryson,Baker,1500,CPT,UTAH,ARK @ UTAH,09/12/2026 10:15 PM,https://dkn.gs/sports/images/cfb/teams/50/8341.png,ARK @ UTAH,Showdown Captain Mode,CFB,9/12,Captain,"CFB Showdown $6K Air Raid [$2K to 1st] (ARK @ UTAH);CFB Showdown $720 Kick Return [Single Entry, Top 2 Win] (ARK @ UTAH);CFB Showdown $750 First Down (ARK @ UTAH);CFB Showdown $530 Winner Take All [Must Fill] (ARK @ UTAH);CFB Showdown $408 Winner Take All [$1.5K to 1st, Must Fill] (ARK @ UTAH);CFB Showdown $400 Coffin Corner [Single Entry] (ARK @ UTAH);CFB Showdown $267 Winner Take All [Must Fill] (ARK @ UTAH);CFB Showdown Satellite to NHL 11-3 $555 Barn Burner [Must Fill] (ARK @ UTAH);CFB Showdown $100 Winner Take All [$460 to 1st] (Must Fill) (ARK @ UTAH);CFB Showdown $155 White-Out [Single Entry] (ARK @ UTAH)",195476951;195476948;195476952;195477720;195477723;195476956;195477719;195477727;195477721;195476955;195477726;195476949;195476950;195476953;195476954;195567364;195477928;195477927;195477926;195477925,9/12 10:15PM (ARK @ UTAH)
Will Monney - Showdown Captain Mode (Captain),195476951;195476948;195476952;195477720;195477723;195476956;195477719;195477727;195477721;195476955;195477726;195476949;195476950;195476953;195476954;195567364;195477928;195477927;195477926;195477925,1443178,44095547,Will Monney,Will,Monney,1500,CPT,UTAH,ARK @ UTAH,09/12/2026 10:15 PM,https://dkn.gs/sports/images/cfb/teams/50/8341.png,ARK @ UTAH,Showdown Captain Mode,CFB,9/12,Captain,"CFB Showdown $6K Air Raid [$2K to 1st] (ARK @ UTAH);CFB Showdown $720 Kick Return [Single Entry, Top 2 Win] (ARK @ UTAH);CFB Showdown $750 First Down (ARK @ UTAH);CFB Showdown $530 Winner Take All [Must Fill] (ARK @ UTAH);CFB Showdown $408 Winner Take All [$1.5K to 1st, Must Fill] (ARK @ UTAH);CFB Showdown $400 Coffin Corner [Single Entry] (ARK @ UTAH);CFB Showdown $267 Winner Take All [Must Fill] (ARK @ UTAH);CFB Showdown Satellite to NHL 11-3 $555 Barn Burner [Must Fill] (ARK @ UTAH);CFB Showdown $100 Winner Take All [$460 to 1st] (Must Fill) (ARK @ UTAH);CFB Showdown $155 White-Out [Single Entry] (ARK @ UTAH)",195476951;195476948;195476952;195477720;195477723;195476956;195477719;195477727;195477721;195476955;195477726;195476949;195476950;195476953;195476954;195567364;195477928;195477927;195477926;195477925,9/12 10:15PM (ARK @ UTAH)
Jude Hall - Showdown Captain Mode (Captain),195476951;195476948;195476952;195477720;195477723;195476956;195477719;195477727;195477721;195476955;195477726;195476949;195476950;195476953;195476954;195567364;195477928;195477927;195477926;195477925,1653389,44095548,Jude Hall,Jude,Hall,1500,CPT,ARK,ARK @ UTAH,09/12/2026 10:15 PM,https://dkn.gs/sports/images/cfb/teams/50/8175.png,ARK @ UTAH,Showdown Captain Mode,CFB,9/12,Captain,"CFB Showdown $6K Air Raid [$2K to 1st] (ARK @ UTAH);CFB Showdown $720 Kick Return [Single Entry, Top 2 Win] (ARK @ UTAH);CFB Showdown $750 First Down (ARK @ UTAH);CFB Showdown $530 Winner Take All [Must Fill] (ARK @ UTAH);CFB Showdown $408 Winner Take All [$1.5K to 1st, Must Fill] (ARK @ UTAH);CFB Showdown $400 Coffin Corner [Single Entry] (ARK @ UTAH);CFB Showdown $267 Winner Take All [Must Fill] (ARK @ UTAH);CFB Showdown Satellite to NHL 11-3 $555 Barn Burner [Must Fill] (ARK @ UTAH);CFB Showdown $100 Winner Take All [$460 to 1st] (Must Fill) (ARK @ UTAH);CFB Showdown $155 White-Out [Single Entry] (ARK @ UTAH)",195476951;195476948;195476952;195477720;195477723;195476956;195477719;195477727;195477721;195476955;195477726;195476949;195476950;195476953;195476954;195567364;195477928;195477927;195477926;195477925,9/12 10:15PM (ARK @ UTAH)
Bear Fisher - Showdown Captain Mode (Captain),195476951;195476948;195476952;195477720;195477723;195476956;195477719;195477727;195477721;195476955;195477726;195476949;195476950;195476953;195476954;195567364;195477928;195477927;195477926;195477925,1648313,44095549,Bear Fisher,Bear,Fisher,1500,CPT,UTAH,ARK @ UTAH,09/12/2026 10:15 PM,https://dkn.gs/sports/images/cfb/teams/50/8341.png,ARK @ UTAH,Showdown Captain Mode,CFB,9/12,Captain,"CFB Showdown $6K Air Raid [$2K to 1st] (ARK @ UTAH);CFB Showdown $720 Kick Return [Single Entry, Top 2 Win] (ARK @ UTAH);CFB Showdown $750 First Down (ARK @ UTAH);CFB Showdown $530 Winner Take All [Must Fill] (ARK @ UTAH);CFB Showdown $408 Winner Take All [$1.5K to 1st, Must Fill] (ARK @ UTAH);CFB Showdown $400 Coffin Corner [Single Entry] (ARK @ UTAH);CFB Showdown $267 Winner Take All [Must Fill] (ARK @ UTAH);CFB Showdown Satellite to NHL 11-3 $555 Barn Burner [Must Fill] (ARK @ UTAH);CFB Showdown $100 Winner Take All [$460 to 1st] (Must Fill) (ARK @ UTAH);CFB Showdown $155 White-Out [Single Entry] (ARK @ UTAH)",195476951;195476948;195476952;195477720;195477723;195476956;195477719;195477727;195477721;195476955;195477726;195476949;195476950;195476953;195476954;195567364;195477928;195477927;195477926;195477925,9/12 10:15PM (ARK @ UTAH)
Sione Motuapuaka - Showdown Captain Mode (Captain),195476951;195476948;195476952;195477720;195477723;195476956;195477719;195477727;195477721;195476955;195477726;195476949;195476950;195476953;195476954;195567364;195477928;195477927;195477926;195477925,1582989,44095550,Sione Motuapuaka,Sione,Motuapuaka,1500,CPT,UTAH,ARK @ UTAH,09/12/2026 10:15 PM,https://dkn.gs/sports/images/cfb/teams/50/8341.png,ARK @ UTAH,Showdown Captain Mode,CFB,9/12,Captain,"CFB Showdown $6K Air Raid [$2K to 1st] (ARK @ UTAH);CFB Showdown $720 Kick Return [Single Entry, Top 2 Win] (ARK @ UTAH);CFB Showdown $750 First Down (ARK @ UTAH);CFB Showdown $530 Winner Take All [Must Fill] (ARK @ UTAH);CFB Showdown $408 Winner Take All [$1.5K to 1st, Must Fill] (ARK @ UTAH);CFB Showdown $400 Coffin Corner [Single Entry] (ARK @ UTAH);CFB Showdown $267 Winner Take All [Must Fill] (ARK @ UTAH);CFB Showdown Satellite to NHL 11-3 $555 Barn Burner [Must Fill] (ARK @ UTAH);CFB Showdown $100 Winner Take All [$460 to 1st] (Must Fill) (ARK @ UTAH);CFB Showdown $155 White-Out [Single Entry] (ARK @ UTAH)",195476951;195476948;195476952;195477720;195477723;195476956;195477719;195477727;195477721;195476955;195477726;195476949;195476950;195476953;195476954;195567364;195477928;195477927;195477926;195477925,9/12 10:15PM (ARK @ UTAH)
Courtney Crutchfield - Showdown Captain Mode (Captain),195476951;195476948;195476952;195477720;195477723;195476956;195477719;195477727;195477721;195476955;195477726;195476949;195476950;195476953;195476954;195567364;195477928;195477927;195477926;195477925,1514628,44095551,Courtney Crutchfield,Courtney,Crutchfield,1500,CPT,ARK,ARK @ UTAH,09/12/2026 10:15 PM,https://dkn.gs/sports/images/cfb/teams/50/8175.png,ARK @ UTAH,Showdown Captain Mode,CFB,9/12,Captain,"CFB Showdown $6K Air Raid [$2K to 1st] (ARK @ UTAH);CFB Showdown $720 Kick Return [Single Entry, Top 2 Win] (ARK @ UTAH);CFB Showdown $750 First Down (ARK @ UTAH);CFB Showdown $530 Winner Take All [Must Fill] (ARK @ UTAH);CFB Showdown $408 Winner Take All [$1.5K to 1st, Must Fill] (ARK @ UTAH);CFB Showdown $400 Coffin Corner [Single Entry] (ARK @ UTAH);CFB Showdown $267 Winner Take All [Must Fill] (ARK @ UTAH);CFB Showdown Satellite to NHL 11-3 $555 Barn Burner [Must Fill] (ARK @ UTAH);CFB Showdown $100 Winner Take All [$460 to 1st] (Must Fill) (ARK @ UTAH);CFB Showdown $155 White-Out [Single Entry] (ARK @ UTAH)",195476951;195476948;195476952;195477720;195477723;195476956;195477719;195477727;195477721;195476955;195477726;195476949;195476950;195476953;195476954;195567364;195477928;195477927;195477926;195477925,9/12 10:15PM (ARK @ UTAH)
Ben Pupplo - Showdown Captain Mode (Captain),195476951;195476948;195476952;195477720;195477723;195476956;195477719;195477727;195477721;195476955;195477726;195476949;195476950;195476953;195476954;195567364;195477928;195477927;195477926;195477925,1463606,44095552,Ben Pupplo,Ben,Pupplo,1500,CPT,ARK,ARK @ UTAH,09/12/2026 10:15 PM,https://dkn.gs/sports/images/cfb/teams/50/8175.png,ARK @ UTAH,Showdown Captain Mode,CFB,9/12,Captain,"CFB Showdown $6K Air Raid [$2K to 1st] (ARK @ UTAH);CFB Showdown $720 Kick Return [Single Entry, Top 2 Win] (ARK @ UTAH);CFB Showdown $750 First Down (ARK @ UTAH);CFB Showdown $530 Winner Take All [Must Fill] (ARK @ UTAH);CFB Showdown $408 Winner Take All [$1.5K to 1st, Must Fill] (ARK @ UTAH);CFB Showdown $400 Coffin Corner [Single Entry] (ARK @ UTAH);CFB Showdown $267 Winner Take All [Must Fill] (ARK @ UTAH);CFB Showdown Satellite to NHL 11-3 $555 Barn Burner [Must Fill] (ARK @ UTAH);CFB Showdown $100 Winner Take All [$460 to 1st] (Must Fill) (ARK @ UTAH);CFB Showdown $155 White-Out [Single Entry] (ARK @ UTAH)",195476951;195476948;195476952;195477720;195477723;195476956;195477719;195477727;195477721;195476955;195477726;195476949;195476950;195476953;195476954;195567364;195477928;195477927;195477926;195477925,9/12 10:15PM (ARK @ UTAH)
Peyton Rice - Showdown Captain Mode (Captain),195476951;195476948;195476952;195477720;195477723;195476956;195477719;195477727;195477721;195476955;195477726;195476949;195476950;195476953;195476954;195567364;195477928;195477927;195477926;195477925,1461615,44095553,Peyton Rice,Peyton,Rice,1500,CPT,UTAH,ARK @ UTAH,09/12/2026 10:15 PM,https://dkn.gs/sports/images/cfb/teams/50/8341.png,ARK @ UTAH,Showdown Captain Mode,CFB,9/12,Captain,"CFB Showdown $6K Air Raid [$2K to 1st] (ARK @ UTAH);CFB Showdown $720 Kick Return [Single Entry, Top 2 Win] (ARK @ UTAH);CFB Showdown $750 First Down (ARK @ UTAH);CFB Showdown $530 Winner Take All [Must Fill] (ARK @ UTAH);CFB Showdown $408 Winner Take All [$1.5K to 1st, Must Fill] (ARK @ UTAH);CFB Showdown $400 Coffin Corner [Single Entry] (ARK @ UTAH);CFB Showdown $267 Winner Take All [Must Fill] (ARK @ UTAH);CFB Showdown Satellite to NHL 11-3 $555 Barn Burner [Must Fill] (ARK @ UTAH);CFB Showdown $100 Winner Take All [$460 to 1st] (Must Fill) (ARK @ UTAH);CFB Showdown $155 White-Out [Single Entry] (ARK @ UTAH)",195476951;195476948;195476952;195477720;195477723;195476956;195477719;195477727;195477721;195476955;195477726;195476949;195476950;195476953;195476954;195567364;195477928;195477927;195477926;195477925,9/12 10:15PM (ARK @ UTAH)
Teague Matthews - Showdown Captain Mode (Captain),195476951;195476948;195476952;195477720;195477723;195476956;195477719;195477727;195477721;195476955;195477726;195476949;195476950;195476953;195476954;195567364;195477928;195477927;195477926;195477925,1672541,44095554,Teague Matthews,Teague,Matthews,1500,CPT,UTAH,ARK @ UTAH,09/12/2026 10:15 PM,https://dkn.gs/sports/images/cfb/teams/50/8341.png,ARK @ UTAH,Showdown Captain Mode,CFB,9/12,Captain,"CFB Showdown $6K Air Raid [$2K to 1st] (ARK @ UTAH);CFB Showdown $720 Kick Return [Single Entry, Top 2 Win] (ARK @ UTAH);CFB Showdown $750 First Down (ARK @ UTAH);CFB Showdown $530 Winner Take All [Must Fill] (ARK @ UTAH);CFB Showdown $408 Winner Take All [$1.5K to 1st, Must Fill] (ARK @ UTAH);CFB Showdown $400 Coffin Corner [Single Entry] (ARK @ UTAH);CFB Showdown $267 Winner Take All [Must Fill] (ARK @ UTAH);CFB Showdown Satellite to NHL 11-3 $555 Barn Burner [Must Fill] (ARK @ UTAH);CFB Showdown $100 Winner Take All [$460 to 1st] (Must Fill) (ARK @ UTAH);CFB Showdown $155 White-Out [Single Entry] (ARK @ UTAH)",195476951;195476948;195476952;195477720;195477723;195476956;195477719;195477727;195477721;195476955;195477726;195476949;195476950;195476953;195476954;195567364;195477928;195477927;195477926;195477925,9/12 10:15PM (ARK @ UTAH)
Kana'i Lopes - Showdown Captain Mode (Captain),195476951;195476948;195476952;195477720;195477723;195476956;195477719;195477727;195477721;195476955;195477726;195476949;195476950;195476953;195476954;195567364;195477928;195477927;195477926;195477925,1507265,44095555,Kana'i Lopes,Kana'i,Lopes,1500,CPT,UTAH,ARK @ UTAH,09/12/2026 10:15 PM,https://dkn.gs/sports/images/cfb/teams/50/8341.png,ARK @ UTAH,Showdown Captain Mode,CFB,9/12,Captain,"CFB Showdown $6K Air Raid [$2K to 1st] (ARK @ UTAH);CFB Showdown $720 Kick Return [Single Entry, Top 2 Win] (ARK @ UTAH);CFB Showdown $750 First Down (ARK @ UTAH);CFB Showdown $530 Winner Take All [Must Fill] (ARK @ UTAH);CFB Showdown $408 Winner Take All [$1.5K to 1st, Must Fill] (ARK @ UTAH);CFB Showdown $400 Coffin Corner [Single Entry] (ARK @ UTAH);CFB Showdown $267 Winner Take All [Must Fill] (ARK @ UTAH);CFB Showdown Satellite to NHL 11-3 $555 Barn Burner [Must Fill] (ARK @ UTAH);CFB Showdown $100 Winner Take All [$460 to 1st] (Must Fill) (ARK @ UTAH);CFB Showdown $155 White-Out [Single Entry] (ARK @ UTAH)",195476951;195476948;195476952;195477720;195477723;195476956;195477719;195477727;195477721;195476955;195477726;195476949;195476950;195476953;195476954;195567364;195477928;195477927;195477926;195477925,9/12 10:15PM (ARK @ UTAH)
Gavin Garretson - Showdown Captain Mode (Captain),195476951;195476948;195476952;195477720;195477723;195476956;195477719;195477727;195477721;195476955;195477726;195476949;195476950;195476953;195476954;195567364;195477928;195477927;195477926;195477925,1582211,44095556,Gavin Garretson,Gavin,Garretson,1500,CPT,ARK,ARK @ UTAH,09/12/2026 10:15 PM,https://dkn.gs/sports/images/cfb/teams/50/8175.png,ARK @ UTAH,Showdown Captain Mode,CFB,9/12,Captain,"CFB Showdown $6K Air Raid [$2K to 1st] (ARK @ UTAH);CFB Showdown $720 Kick Return [Single Entry, Top 2 Win] (ARK @ UTAH);CFB Showdown $750 First Down (ARK @ UTAH);CFB Showdown $530 Winner Take All [Must Fill] (ARK @ UTAH);CFB Showdown $408 Winner Take All [$1.5K to 1st, Must Fill] (ARK @ UTAH);CFB Showdown $400 Coffin Corner [Single Entry] (ARK @ UTAH);CFB Showdown $267 Winner Take All [Must Fill] (ARK @ UTAH);CFB Showdown Satellite to NHL 11-3 $555 Barn Burner [Must Fill] (ARK @ UTAH);CFB Showdown $100 Winner Take All [$460 to 1st] (Must Fill) (ARK @ UTAH);CFB Showdown $155 White-Out [Single Entry] (ARK @ UTAH)",195476951;195476948;195476952;195477720;195477723;195476956;195477719;195477727;195477721;195476955;195477726;195476949;195476950;195476953;195476954;195567364;195477928;195477927;195477926;195477925,9/12 10:15PM (ARK @ UTAH)
Jelani Watkins - Showdown Captain Mode (Captain),195476951;195476948;195476952;195477720;195477723;195476956;195477719;195477727;195477721;195476955;195477726;195476949;195476950;195476953;195476954;195567364;195477928;195477927;195477926;195477925,1506361,44095557,Jelani Watkins,Jelani,Watkins,1500,CPT,ARK,ARK @ UTAH,09/12/2026 10:15 PM,https://dkn.gs/sports/images/cfb/teams/50/8175.png,ARK @ UTAH,Showdown Captain Mode,CFB,9/12,Captain,"CFB Showdown $6K Air Raid [$2K to 1st] (ARK @ UTAH);CFB Showdown $720 Kick Return [Single Entry, Top 2 Win] (ARK @ UTAH);CFB Showdown $750 First Down (ARK @ UTAH);CFB Showdown $530 Winner Take All [Must Fill] (ARK @ UTAH);CFB Showdown $408 Winner Take All [$1.5K to 1st, Must Fill] (ARK @ UTAH);CFB Showdown $400 Coffin Corner [Single Entry] (ARK @ UTAH);CFB Showdown $267 Winner Take All [Must Fill] (ARK @ UTAH);CFB Showdown Satellite to NHL 11-3 $555 Barn Burner [Must Fill] (ARK @ UTAH);CFB Showdown $100 Winner Take All [$460 to 1st] (Must Fill) (ARK @ UTAH);CFB Showdown $155 White-Out [Single Entry] (ARK @ UTAH)",195476951;195476948;195476952;195477720;195477723;195476956;195477719;195477727;195477721;195476955;195477726;195476949;195476950;195476953;195476954;195567364;195477928;195477927;195477926;195477925,9/12 10:15PM (ARK @ UTAH)
Antonio Jordan - Showdown Captain Mode (Captain),195476951;195476948;195476952;195477720;195477723;195476956;195477719;195477727;195477721;195476955;195477726;195476949;195476950;195476953;195476954;195567364;195477928;195477927;195477926;195477925,1589446,44095558,Antonio Jordan,Antonio,Jordan,1500,CPT,ARK,ARK @ UTAH,09/12/2026 10:15 PM,https://dkn.gs/sports/images/cfb/teams/50/8175.png,ARK @ UTAH,Showdown Captain Mode,CFB,9/12,Captain,"CFB Showdown $6K Air Raid [$2K to 1st] (ARK @ UTAH);CFB Showdown $720 Kick Return [Single Entry, Top 2 Win] (ARK @ UTAH);CFB Showdown $750 First Down (ARK @ UTAH);CFB Showdown $530 Winner Take All [Must Fill] (ARK @ UTAH);CFB Showdown $408 Winner Take All [$1.5K to 1st, Must Fill] (ARK @ UTAH);CFB Showdown $400 Coffin Corner [Single Entry] (ARK @ UTAH);CFB Showdown $267 Winner Take All [Must Fill] (ARK @ UTAH);CFB Showdown Satellite to NHL 11-3 $555 Barn Burner [Must Fill] (ARK @ UTAH);CFB Showdown $100 Winner Take All [$460 to 1st] (Must Fill) (ARK @ UTAH);CFB Showdown $155 White-Out [Single Entry] (ARK @ UTAH)",195476951;195476948;195476952;195477720;195477723;195476956;195477719;195477727;195477721;195476955;195477726;195476949;195476950;195476953;195476954;195567364;195477928;195477927;195477926;195477925,9/12 10:15PM (ARK @ UTAH)
Cory Henderson Jr. - Showdown Captain Mode (Captain),195476951;195476948;195476952;195477720;195477723;195476956;195477719;195477727;195477721;195476955;195477726;195476949;195476950;195476953;195476954;195567364;195477928;195477927;195477926;195477925,1656026,44095559,Cory Henderson Jr.,Cory,Henderson Jr.,1500,CPT,ARK,ARK @ UTAH,09/12/2026 10:15 PM,https://dkn.gs/sports/images/cfb/teams/50/8175.png,ARK @ UTAH,Showdown Captain Mode,CFB,9/12,Captain,"CFB Showdown $6K Air Raid [$2K to 1st] (ARK @ UTAH);CFB Showdown $720 Kick Return [Single Entry, Top 2 Win] (ARK @ UTAH);CFB Showdown $750 First Down (ARK @ UTAH);CFB Showdown $530 Winner Take All [Must Fill] (ARK @ UTAH);CFB Showdown $408 Winner Take All [$1.5K to 1st, Must Fill] (ARK @ UTAH);CFB Showdown $400 Coffin Corner [Single Entry] (ARK @ UTAH);CFB Showdown $267 Winner Take All [Must Fill] (ARK @ UTAH);CFB Showdown Satellite to NHL 11-3 $555 Barn Burner [Must Fill] (ARK @ UTAH);CFB Showdown $100 Winner Take All [$460 to 1st] (Must Fill) (ARK @ UTAH);CFB Showdown $155 White-Out [Single Entry] (ARK @ UTAH)",195476951;195476948;195476952;195477720;195477723;195476956;195477719;195477727;195477721;195476955;195477726;195476949;195476950;195476953;195476954;195567364;195477928;195477927;195477926;195477925,9/12 10:15PM (ARK @ UTAH)
Semi Taulanga - Showdown Captain Mode (Captain),195476951;195476948;195476952;195477720;195477723;195476956;195477719;195477727;195477721;195476955;195477726;195476949;195476950;195476953;195476954;195567364;195477928;195477927;195477926;195477925,1592506,44095560,Semi Taulanga,Semi,Taulanga,1500,CPT,UTAH,ARK @ UTAH,09/12/2026 10:15 PM,https://dkn.gs/sports/images/cfb/teams/50/8341.png,ARK @ UTAH,Showdown Captain Mode,CFB,9/12,Captain,"CFB Showdown $6K Air Raid [$2K to 1st] (ARK @ UTAH);CFB Showdown $720 Kick Return [Single Entry, Top 2 Win] (ARK @ UTAH);CFB Showdown $750 First Down (ARK @ UTAH);CFB Showdown $530 Winner Take All [Must Fill] (ARK @ UTAH);CFB Showdown $408 Winner Take All [$1.5K to 1st, Must Fill] (ARK @ UTAH);CFB Showdown $400 Coffin Corner [Single Entry] (ARK @ UTAH);CFB Showdown $267 Winner Take All [Must Fill] (ARK @ UTAH);CFB Showdown Satellite to NHL 11-3 $555 Barn Burner [Must Fill] (ARK @ UTAH);CFB Showdown $100 Winner Take All [$460 to 1st] (Must Fill) (ARK @ UTAH);CFB Showdown $155 White-Out [Single Entry] (ARK @ UTAH)",195476951;195476948;195476952;195477720;195477723;195476956;195477719;195477727;195477721;195476955;195477726;195476949;195476950;195476953;195476954;195567364;195477928;195477927;195477926;195477925,9/12 10:15PM (ARK @ UTAH)
Maddox Lassiter - Showdown Captain Mode (Captain),195476951;195476948;195476952;195477720;195477723;195476956;195477719;195477727;195477721;195476955;195477726;195476949;195476950;195476953;195476954;195567364;195477928;195477927;195477926;195477925,1451010,44095561,Maddox Lassiter,Maddox,Lassiter,1500,CPT,ARK,ARK @ UTAH,09/12/2026 10:15 PM,https://dkn.gs/sports/images/cfb/teams/50/8175.png,ARK @ UTAH,Showdown Captain Mode,CFB,9/12,Captain,"CFB Showdown $6K Air Raid [$2K to 1st] (ARK @ UTAH);CFB Showdown $720 Kick Return [Single Entry, Top 2 Win] (ARK @ UTAH);CFB Showdown $750 First Down (ARK @ UTAH);CFB Showdown $530 Winner Take All [Must Fill] (ARK @ UTAH);CFB Showdown $408 Winner Take All [$1.5K to 1st, Must Fill] (ARK @ UTAH);CFB Showdown $400 Coffin Corner [Single Entry] (ARK @ UTAH);CFB Showdown $267 Winner Take All [Must Fill] (ARK @ UTAH);CFB Showdown Satellite to NHL 11-3 $555 Barn Burner [Must Fill] (ARK @ UTAH);CFB Showdown $100 Winner Take All [$460 to 1st] (Must Fill) (ARK @ UTAH);CFB Showdown $155 White-Out [Single Entry] (ARK @ UTAH)",195476951;195476948;195476952;195477720;195477723;195476956;195477719;195477727;195477721;195476955;195477726;195476949;195476950;195476953;195476954;195567364;195477928;195477927;195477926;195477925,9/12 10:15PM (ARK @ UTAH)
Matt Clark - Showdown Captain Mode (Captain),195476951;195476948;195476952;195477720;195477723;195476956;195477719;195477727;195477721;195476955;195477726;195476949;195476950;195476953;195476954;195567364;195477928;195477927;195477926;195477925,1519180,44095562,Matt Clark,Matt,Clark,1500,CPT,UTAH,ARK @ UTAH,09/12/2026 10:15 PM,https://dkn.gs/sports/images/cfb/teams/50/8341.png,ARK @ UTAH,Showdown Captain Mode,CFB,9/12,Captain,"CFB Showdown $6K Air Raid [$2K to 1st] (ARK @ UTAH);CFB Showdown $720 Kick Return [Single Entry, Top 2 Win] (ARK @ UTAH);CFB Showdown $750 First Down (ARK @ UTAH);CFB Showdown $530 Winner Take All [Must Fill] (ARK @ UTAH);CFB Showdown $408 Winner Take All [$1.5K to 1st, Must Fill] (ARK @ UTAH);CFB Showdown $400 Coffin Corner [Single Entry] (ARK @ UTAH);CFB Showdown $267 Winner Take All [Must Fill] (ARK @ UTAH);CFB Showdown Satellite to NHL 11-3 $555 Barn Burner [Must Fill] (ARK @ UTAH);CFB Showdown $100 Winner Take All [$460 to 1st] (Must Fill) (ARK @ UTAH);CFB Showdown $155 White-Out [Single Entry] (ARK @ UTAH)",195476951;195476948;195476952;195477720;195477723;195476956;195477719;195477727;195477721;195476955;195477726;195476949;195476950;195476953;195476954;195567364;195477928;195477927;195477926;195477925,9/12 10:15PM (ARK @ UTAH)
Monte Harrison - Showdown Captain Mode (Captain),195476951;195476948;195476952;195477720;195477723;195476956;195477719;195477727;195477721;195476955;195477726;195476949;195476950;195476953;195476954;195567364;195477928;195477927;195477926;195477925,1514443,44095563,Monte Harrison,Monte,Harrison,1500,CPT,ARK,ARK @ UTAH,09/12/2026 10:15 PM,https://dkn.gs/sports/images/cfb/teams/50/8175.png,ARK @ UTAH,Showdown Captain Mode,CFB,9/12,Captain,"CFB Showdown $6K Air Raid [$2K to 1st] (ARK @ UTAH);CFB Showdown $720 Kick Return [Single Entry, Top 2 Win] (ARK @ UTAH);CFB Showdown $750 First Down (ARK @ UTAH);CFB Showdown $530 Winner Take All [Must Fill] (ARK @ UTAH);CFB Showdown $408 Winner Take All [$1.5K to 1st, Must Fill] (ARK @ UTAH);CFB Showdown $400 Coffin Corner [Single Entry] (ARK @ UTAH);CFB Showdown $267 Winner Take All [Must Fill] (ARK @ UTAH);CFB Showdown Satellite to NHL 11-3 $555 Barn Burner [Must Fill] (ARK @ UTAH);CFB Showdown $100 Winner Take All [$460 to 1st] (Must Fill) (ARK @ UTAH);CFB Showdown $155 White-Out [Single Entry] (ARK @ UTAH)",195476951;195476948;195476952;195477720;195477723;195476956;195477719;195477727;195477721;195476955;195477726;195476949;195476950;195476953;195476954;195567364;195477928;195477927;195477926;195477925,9/12 10:15PM (ARK @ UTAH)
Junior Coughlin - Showdown Captain Mode (Captain),195476951;195476948;195476952;195477720;195477723;195476956;195477719;195477727;195477721;195476955;195477726;195476949;195476950;195476953;195476954;195567364;195477928;195477927;195477926;195477925,1582986,44095564,Junior Coughlin,Junior,Coughlin,1500,CPT,UTAH,ARK @ UTAH,09/12/2026 10:15 PM,https://dkn.gs/sports/images/cfb/teams/50/8341.png,ARK @ UTAH,Showdown Captain Mode,CFB,9/12,Captain,"CFB Showdown $6K Air Raid [$2K to 1st] (ARK @ UTAH);CFB Showdown $720 Kick Return [Single Entry, Top 2 Win] (ARK @ UTAH);CFB Showdown $750 First Down (ARK @ UTAH);CFB Showdown $530 Winner Take All [Must Fill] (ARK @ UTAH);CFB Showdown $408 Winner Take All [$1.5K to 1st, Must Fill] (ARK @ UTAH);CFB Showdown $400 Coffin Corner [Single Entry] (ARK @ UTAH);CFB Showdown $267 Winner Take All [Must Fill] (ARK @ UTAH);CFB Showdown Satellite to NHL 11-3 $555 Barn Burner [Must Fill] (ARK @ UTAH);CFB Showdown $100 Winner Take All [$460 to 1st] (Must Fill) (ARK @ UTAH);CFB Showdown $155 White-Out [Single Entry] (ARK @ UTAH)",195476951;195476948;195476952;195477720;195477723;195476956;195477719;195477727;195477721;195476955;195477726;195476949;195476950;195476953;195476954;195567364;195477928;195477927;195477926;195477925,9/12 10:15PM (ARK @ UTAH)
Dequane Prevo - Showdown Captain Mode (Captain),195476951;195476948;195476952;195477720;195477723;195476956;195477719;195477727;195477721;195476955;195477726;195476949;195476950;195476953;195476954;195567364;195477928;195477927;195477926;195477925,1645633,44095565,Dequane Prevo,Dequane,Prevo,1500,CPT,ARK,ARK @ UTAH,09/12/2026 10:15 PM,https://dkn.gs/sports/images/cfb/teams/50/8175.png,ARK @ UTAH,Showdown Captain Mode,CFB,9/12,Captain,"CFB Showdown $6K Air Raid [$2K to 1st] (ARK @ UTAH);CFB Showdown $720 Kick Return [Single Entry, Top 2 Win] (ARK @ UTAH);CFB Showdown $750 First Down (ARK @ UTAH);CFB Showdown $530 Winner Take All [Must Fill] (ARK @ UTAH);CFB Showdown $408 Winner Take All [$1.5K to 1st, Must Fill] (ARK @ UTAH);CFB Showdown $400 Coffin Corner [Single Entry] (ARK @ UTAH);CFB Showdown $267 Winner Take All [Must Fill] (ARK @ UTAH);CFB Showdown Satellite to NHL 11-3 $555 Barn Burner [Must Fill] (ARK @ UTAH);CFB Showdown $100 Winner Take All [$460 to 1st] (Must Fill) (ARK @ UTAH);CFB Showdown $155 White-Out [Single Entry] (ARK @ UTAH)",195476951;195476948;195476952;195477720;195477723;195476956;195477719;195477727;195477721;195476955;195477726;195476949;195476950;195476953;195476954;195567364;195477928;195477927;195477926;195477925,9/12 10:15PM (ARK @ UTAH)
Blair Irvin III - Showdown Captain Mode (Captain),195476951;195476948;195476952;195477720;195477723;195476956;195477719;195477727;195477721;195476955;195477726;195476949;195476950;195476953;195476954;195567364;195477928;195477927;195477926;195477925,1645636,44095566,Blair Irvin III,Blair,Irvin III,1500,CPT,ARK,ARK @ UTAH,09/12/2026 10:15 PM,https://dkn.gs/sports/images/cfb/teams/50/8175.png,ARK @ UTAH,Showdown Captain Mode,CFB,9/12,Captain,"CFB Showdown $6K Air Raid [$2K to 1st] (ARK @ UTAH);CFB Showdown $720 Kick Return [Single Entry, Top 2 Win] (ARK @ UTAH);CFB Showdown $750 First Down (ARK @ UTAH);CFB Showdown $530 Winner Take All [Must Fill] (ARK @ UTAH);CFB Showdown $408 Winner Take All [$1.5K to 1st, Must Fill] (ARK @ UTAH);CFB Showdown $400 Coffin Corner [Single Entry] (ARK @ UTAH);CFB Showdown $267 Winner Take All [Must Fill] (ARK @ UTAH);CFB Showdown Satellite to NHL 11-3 $555 Barn Burner [Must Fill] (ARK @ UTAH);CFB Showdown $100 Winner Take All [$460 to 1st] (Must Fill) (ARK @ UTAH);CFB Showdown $155 White-Out [Single Entry] (ARK @ UTAH)",195476951;195476948;195476952;195477720;195477723;195476956;195477719;195477727;195477721;195476955;195477726;195476949;195476950;195476953;195476954;195567364;195477928;195477927;195477926;195477925,9/12 10:15PM (ARK @ UTAH)
Max Ausmus - Showdown Captain Mode (Captain),195476951;195476948;195476952;195477720;195477723;195476956;195477719;195477727;195477721;195476955;195477726;195476949;195476950;195476953;195476954;195567364;195477928;195477927;195477926;195477925,1651373,44095567,Max Ausmus,Max,Ausmus,1500,CPT,UTAH,ARK @ UTAH,09/12/2026 10:15 PM,https://dkn.gs/sports/images/cfb/teams/50/8341.png,ARK @ UTAH,Showdown Captain Mode,CFB,9/12,Captain,"CFB Showdown $6K Air Raid [$2K to 1st] (ARK @ UTAH);CFB Showdown $720 Kick Return [Single Entry, Top 2 Win] (ARK @ UTAH);CFB Showdown $750 First Down (ARK @ UTAH);CFB Showdown $530 Winner Take All [Must Fill] (ARK @ UTAH);CFB Showdown $408 Winner Take All [$1.5K to 1st, Must Fill] (ARK @ UTAH);CFB Showdown $400 Coffin Corner [Single Entry] (ARK @ UTAH);CFB Showdown $267 Winner Take All [Must Fill] (ARK @ UTAH);CFB Showdown Satellite to NHL 11-3 $555 Barn Burner [Must Fill] (ARK @ UTAH);CFB Showdown $100 Winner Take All [$460 to 1st] (Must Fill) (ARK @ UTAH);CFB Showdown $155 White-Out [Single Entry] (ARK @ UTAH)",195476951;195476948;195476952;195477720;195477723;195476956;195477719;195477727;195477721;195476955;195477726;195476949;195476950;195476953;195476954;195567364;195477928;195477927;195477926;195477925,9/12 10:15PM (ARK @ UTAH)
Broderick Redden - Showdown Captain Mode (Captain),195476951;195476948;195476952;195477720;195477723;195476956;195477719;195477727;195477721;195476955;195477726;195476949;195476950;195476953;195476954;195567364;195477928;195477927;195477926;195477925,1582992,44095568,Broderick Redden,Broderick,Redden,1500,CPT,UTAH,ARK @ UTAH,09/12/2026 10:15 PM,https://dkn.gs/sports/images/cfb/teams/50/8341.png,ARK @ UTAH,Showdown Captain Mode,CFB,9/12,Captain,"CFB Showdown $6K Air Raid [$2K to 1st] (ARK @ UTAH);CFB Showdown $720 Kick Return [Single Entry, Top 2 Win] (ARK @ UTAH);CFB Showdown $750 First Down (ARK @ UTAH);CFB Showdown $530 Winner Take All [Must Fill] (ARK @ UTAH);CFB Showdown $408 Winner Take All [$1.5K to 1st, Must Fill] (ARK @ UTAH);CFB Showdown $400 Coffin Corner [Single Entry] (ARK @ UTAH);CFB Showdown $267 Winner Take All [Must Fill] (ARK @ UTAH);CFB Showdown Satellite to NHL 11-3 $555 Barn Burner [Must Fill] (ARK @ UTAH);CFB Showdown $100 Winner Take All [$460 to 1st] (Must Fill) (ARK @ UTAH);CFB Showdown $155 White-Out [Single Entry] (ARK @ UTAH)",195476951;195476948;195476952;195477720;195477723;195476956;195477719;195477727;195477721;195476955;195477726;195476949;195476950;195476953;195476954;195567364;195477928;195477927;195477926;195477925,9/12 10:15PM (ARK @ UTAH)
Breylen Gilbert - Showdown Captain Mode (Captain),195476951;195476948;195476952;195477720;195477723;195476956;195477719;195477727;195477721;195476955;195477726;195476949;195476950;195476953;195476954;195567364;195477928;195477927;195477926;195477925,1521340,44095569,Breylen Gilbert,Breylen,Gilbert,1500,CPT,ARK,ARK @ UTAH,09/12/2026 10:15 PM,https://dkn.gs/sports/images/cfb/teams/50/8175.png,ARK @ UTAH,Showdown Captain Mode,CFB,9/12,Captain,"CFB Showdown $6K Air Raid [$2K to 1st] (ARK @ UTAH);CFB Showdown $720 Kick Return [Single Entry, Top 2 Win] (ARK @ UTAH);CFB Showdown $750 First Down (ARK @ UTAH);CFB Showdown $530 Winner Take All [Must Fill] (ARK @ UTAH);CFB Showdown $408 Winner Take All [$1.5K to 1st, Must Fill] (ARK @ UTAH);CFB Showdown $400 Coffin Corner [Single Entry] (ARK @ UTAH);CFB Showdown $267 Winner Take All [Must Fill] (ARK @ UTAH);CFB Showdown Satellite to NHL 11-3 $555 Barn Burner [Must Fill] (ARK @ UTAH);CFB Showdown $100 Winner Take All [$460 to 1st] (Must Fill) (ARK @ UTAH);CFB Showdown $155 White-Out [Single Entry] (ARK @ UTAH)",195476951;195476948;195476952;195477720;195477723;195476956;195477719;195477727;195477721;195476955;195477726;195476949;195476950;195476953;195476954;195567364;195477928;195477927;195477926;195477925,9/12 10:15PM (ARK @ UTAH)
Dai'Shaun Thomas - Showdown Captain Mode (Captain),195476951;195476948;195476952;195477720;195477723;195476956;195477719;195477727;195477721;195476955;195477726;195476949;195476950;195476953;195476954;195567364;195477928;195477927;195477926;195477925,1514936,44095570,Dai'Shaun Thomas,Dai'Shaun,Thomas,1500,CPT,ARK,ARK @ UTAH,09/12/2026 10:15 PM,https://dkn.gs/sports/images/cfb/teams/50/8175.png,ARK @ UTAH,Showdown Captain Mode,CFB,9/12,Captain,"CFB Showdown $6K Air Raid [$2K to 1st] (ARK @ UTAH);CFB Showdown $720 Kick Return [Single Entry, Top 2 Win] (ARK @ UTAH);CFB Showdown $750 First Down (ARK @ UTAH);CFB Showdown $530 Winner Take All [Must Fill] (ARK @ UTAH);CFB Showdown $408 Winner Take All [$1.5K to 1st, Must Fill] (ARK @ UTAH);CFB Showdown $400 Coffin Corner [Single Entry] (ARK @ UTAH);CFB Showdown $267 Winner Take All [Must Fill] (ARK @ UTAH);CFB Showdown Satellite to NHL 11-3 $555 Barn Burner [Must Fill] (ARK @ UTAH);CFB Showdown $100 Winner Take All [$460 to 1st] (Must Fill) (ARK @ UTAH);CFB Showdown $155 White-Out [Single Entry] (ARK @ UTAH)",195476951;195476948;195476952;195477720;195477723;195476956;195477719;195477727;195477721;195476955;195477726;195476949;195476950;195476953;195476954;195567364;195477928;195477927;195477926;195477925,9/12 10:15PM (ARK @ UTAH)
Roscoe Burton - Showdown Captain Mode (Captain),195476961;195476957;195477828;195476965;195477831;195477827;195476958;195477835;195477829;195476959;195477834;195476960;195476962;195476963;195476964;195477944;195477943;195477942;195477941;195477940,1518320,44095681,Roscoe Burton,Roscoe,Burton,1500,CPT,NMST,NMST @ HAW,09/13/2026 12:00 AM,https://dkn.gs/sports/images/cfb/teams/50/7946.png,NMST @ HAW,Showdown Captain Mode,CFB,9/13,Captain,"CFB Showdown $4K Air Raid [$1K to 1st] (NMST @ HAW);CFB Showdown $720 Kick Return [Single Entry, Top 2 Win] (NMST @ HAW);CFB Showdown $530 Winner Take All [Must Fill] (NMST @ HAW);CFB Showdown $200 Redshirt [Single Entry] (NMST @ HAW);CFB Showdown $408 Winner Take All [$1.5K to 1st, Must Fill] (NMST @ HAW);CFB Showdown $267 Winner Take All [Must Fill] (NMST @ HAW);CFB Showdown $155 White-Out [Single Entry] (NMST @ HAW);CFB Showdown Satellite to NHL 11-3 $555 Barn Burner [Must Fill] (NMST @ HAW);CFB Showdown $100 Winner Take All [$460 to 1st] (Must Fill) (NMST @ HAW);CFB Showdown $310 Blitz [Single Entry] (NMST @ HAW)",195476961;195476957;195477828;195476965;195477831;195477827;195476958;195477835;195477829;195476959;195477834;195476960;195476962;195476963;195476964;195477944;195477943;195477942;195477941;195477940,9/13 12:00AM (NMST @ HAW)
James Steffany-Fiame - Showdown Captain Mode (Captain),195476961;195476957;195477828;195476965;195477831;195477827;195476958;195477835;195477829;195476959;195477834;195476960;195476962;195476963;195476964;195477944;195477943;195477942;195477941;195477940,1663655,44095682,James Steffany-Fiame,James,Steffany-Fiame,1500,CPT,HAW,NMST @ HAW,09/13/2026 12:00 AM,https://dkn.gs/sports/images/cfb/teams/50/8316.png,NMST @ HAW,Showdown Captain Mode,CFB,9/13,Captain,"CFB Showdown $4K Air Raid [$1K to 1st] (NMST @ HAW);CFB Showdown $720 Kick Return [Single Entry, Top 2 Win] (NMST @ HAW);CFB Showdown $530 Winner Take All [Must Fill] (NMST @ HAW);CFB Showdown $200 Redshirt [Single Entry] (NMST @ HAW);CFB Showdown $408 Winner Take All [$1.5K to 1st, Must Fill] (NMST @ HAW);CFB Showdown $267 Winner Take All [Must Fill] (NMST @ HAW);CFB Showdown $155 White-Out [Single Entry] (NMST @ HAW);CFB Showdown Satellite to NHL 11-3 $555 Barn Burner [Must Fill] (NMST @ HAW);CFB Showdown $100 Winner Take All [$460 to 1st] (Must Fill) (NMST @ HAW);CFB Showdown $310 Blitz [Single Entry] (NMST @ HAW)",195476961;195476957;195477828;195476965;195477831;195477827;195476958;195477835;195477829;195476959;195477834;195476960;195476962;195476963;195476964;195477944;195477943;195477942;195477941;195477940,9/13 12:00AM (NMST @ HAW)
Jalen Brown - Showdown Captain Mode (Captain),195476961;195476957;195477828;195476965;195477831;195477827;195476958;195477835;195477829;195476959;195477834;195476960;195476962;195476963;195476964;195477944;195477943;195477942;195477941;195477940,1458941,44095683,Jalen Brown,Jalen,Brown,1500,CPT,NMST,NMST @ HAW,09/13/2026 12:00 AM,https://dkn.gs/sports/images/cfb/teams/50/7946.png,NMST @ HAW,Showdown Captain Mode,CFB,9/13,Captain,"CFB Showdown $4K Air Raid [$1K to 1st] (NMST @ HAW);CFB Showdown $720 Kick Return [Single Entry, Top 2 Win] (NMST @ HAW);CFB Showdown $530 Winner Take All [Must Fill] (NMST @ HAW);CFB Showdown $200 Redshirt [Single Entry] (NMST @ HAW);CFB Showdown $408 Winner Take All [$1.5K to 1st, Must Fill] (NMST @ HAW);CFB Showdown $267 Winner Take All [Must Fill] (NMST @ HAW);CFB Showdown $155 White-Out [Single Entry] (NMST @ HAW);CFB Showdown Satellite to NHL 11-3 $555 Barn Burner [Must Fill] (NMST @ HAW);CFB Showdown $100 Winner Take All [$460 to 1st] (Must Fill) (NMST @ HAW);CFB Showdown $310 Blitz [Single Entry] (NMST @ HAW)",195476961;195476957;195477828;195476965;195477831;195477827;195476958;195477835;195477829;195476959;195477834;195476960;195476962;195476963;195476964;195477944;195477943;195477942;195477941;195477940,9/13 12:00AM (NMST @ HAW)
Xavier Rucker - Showdown Captain Mode (Captain),195476961;195476957;195477828;195476965;195477831;195477827;195476958;195477835;195477829;195476959;195477834;195476960;195476962;195476963;195476964;195477944;195477943;195477942;195477941;195477940,1652655,44095684,Xavier Rucker,Xavier,Rucker,1500,CPT,NMST,NMST @ HAW,09/13/2026 12:00 AM,https://dkn.gs/sports/images/cfb/teams/50/7946.png,NMST @ HAW,Showdown Captain Mode,CFB,9/13,Captain,"CFB Showdown $4K Air Raid [$1K to 1st] (NMST @ HAW);CFB Showdown $720 Kick Return [Single Entry, Top 2 Win] (NMST @ HAW);CFB Showdown $530 Winner Take All [Must Fill] (NMST @ HAW);CFB Showdown $200 Redshirt [Single Entry] (NMST @ HAW);CFB Showdown $408 Winner Take All [$1.5K to 1st, Must Fill] (NMST @ HAW);CFB Showdown $267 Winner Take All [Must Fill] (NMST @ HAW);CFB Showdown $155 White-Out [Single Entry] (NMST @ HAW);CFB Showdown Satellite to NHL 11-3 $555 Barn Burner [Must Fill] (NMST @ HAW);CFB Showdown $100 Winner Take All [$460 to 1st] (Must Fill) (NMST @ HAW);CFB Showdown $310 Blitz [Single Entry] (NMST @ HAW)",195476961;195476957;195477828;195476965;195477831;195477827;195476958;195477835;195477829;195476959;195477834;195476960;195476962;195476963;195476964;195477944;195477943;195477942;195477941;195477940,9/13 12:00AM (NMST @ HAW)
Isaiah Rudison - Showdown Captain Mode (Captain),195476961;195476957;195477828;195476965;195477831;195477827;195476958;195477835;195477829;195476959;195477834;195476960;195476962;195476963;195476964;195477944;195477943;195477942;195477941;195477940,1458922,44095685,Isaiah Rudison,Isaiah,Rudison,1500,CPT,NMST,NMST @ HAW,09/13/2026 12:00 AM,https://dkn.gs/sports/images/cfb/teams/50/7946.png,NMST @ HAW,Showdown Captain Mode,CFB,9/13,Captain,"CFB Showdown $4K Air Raid [$1K to 1st] (NMST @ HAW);CFB Showdown $720 Kick Return [Single Entry, Top 2 Win] (NMST @ HAW);CFB Showdown $530 Winner Take All [Must Fill] (NMST @ HAW);CFB Showdown $200 Redshirt [Single Entry] (NMST @ HAW);CFB Showdown $408 Winner Take All [$1.5K to 1st, Must Fill] (NMST @ HAW);CFB Showdown $267 Winner Take All [Must Fill] (NMST @ HAW);CFB Showdown $155 White-Out [Single Entry] (NMST @ HAW);CFB Showdown Satellite to NHL 11-3 $555 Barn Burner [Must Fill] (NMST @ HAW);CFB Showdown $100 Winner Take All [$460 to 1st] (Must Fill) (NMST @ HAW);CFB Showdown $310 Blitz [Single Entry] (NMST @ HAW)",195476961;195476957;195477828;195476965;195477831;195477827;195476958;195477835;195477829;195476959;195477834;195476960;195476962;195476963;195476964;195477944;195477943;195477942;195477941;195477940,9/13 12:00AM (NMST @ HAW)
Noah Bartley - Showdown Captain Mode (Captain),195476961;195476957;195477828;195476965;195477831;195477827;195476958;195477835;195477829;195476959;195477834;195476960;195476962;195476963;195476964;195477944;195477943;195477942;195477941;195477940,1663659,44095686,Noah Bartley,Noah,Bartley,1500,CPT,HAW,NMST @ HAW,09/13/2026 12:00 AM,https://dkn.gs/sports/images/cfb/teams/50/8316.png,NMST @ HAW,Showdown Captain Mode,CFB,9/13,Captain,"CFB Showdown $4K Air Raid [$1K to 1st] (NMST @ HAW);CFB Showdown $720 Kick Return [Single Entry, Top 2 Win] (NMST @ HAW);CFB Showdown $530 Winner Take All [Must Fill] (NMST @ HAW);CFB Showdown $200 Redshirt [Single Entry] (NMST @ HAW);CFB Showdown $408 Winner Take All [$1.5K to 1st, Must Fill] (NMST @ HAW);CFB Showdown $267 Winner Take All [Must Fill] (NMST @ HAW);CFB Showdown $155 White-Out [Single Entry] (NMST @ HAW);CFB Showdown Satellite to NHL 11-3 $555 Barn Burner [Must Fill] (NMST @ HAW);CFB Showdown $100 Winner Take All [$460 to 1st] (Must Fill) (NMST @ HAW);CFB Showdown $310 Blitz [Single Entry] (NMST @ HAW)",195476961;195476957;195477828;195476965;195477831;195477827;195476958;195477835;195477829;195476959;195477834;195476960;195476962;195476963;195476964;195477944;195477943;195477942;195477941;195477940,9/13 12:00AM (NMST @ HAW)
David Barela - Showdown Captain Mode (Captain),195476961;195476957;195477828;195476965;195477831;195477827;195476958;195477835;195477829;195476959;195477834;195476960;195476962;195476963;195476964;195477944;195477943;195477942;195477941;195477940,1457692,44095687,David Barela,David,Barela,1500,CPT,NMST,NMST @ HAW,09/13/2026 12:00 AM,https://dkn.gs/sports/images/cfb/teams/50/7946.png,NMST @ HAW,Showdown Captain Mode,CFB,9/13,Captain,"CFB Showdown $4K Air Raid [$1K to 1st] (NMST @ HAW);CFB Showdown $720 Kick Return [Single Entry, Top 2 Win] (NMST @ HAW);CFB Showdown $530 Winner Take All [Must Fill] (NMST @ HAW);CFB Showdown $200 Redshirt [Single Entry] (NMST @ HAW);CFB Showdown $408 Winner Take All [$1.5K to 1st, Must Fill] (NMST @ HAW);CFB Showdown $267 Winner Take All [Must Fill] (NMST @ HAW);CFB Showdown $155 White-Out [Single Entry] (NMST @ HAW);CFB Showdown Satellite to NHL 11-3 $555 Barn Burner [Must Fill] (NMST @ HAW);CFB Showdown $100 Winner Take All [$460 to 1st] (Must Fill) (NMST @ HAW);CFB Showdown $310 Blitz [Single Entry] (NMST @ HAW)",195476961;195476957;195477828;195476965;195477831;195477827;195476958;195477835;195477829;195476959;195477834;195476960;195476962;195476963;195476964;195477944;195477943;195477942;195477941;195477940,9/13 12:00AM (NMST @ HAW)
TJ Fo'ilefutu - Showdown Captain Mode (Captain),195476961;195476957;195477828;195476965;195477831;195477827;195476958;195477835;195477829;195476959;195477834;195476960;195476962;195476963;195476964;195477944;195477943;195477942;195477941;195477940,1651929,44095688,TJ Fo'ilefutu,TJ,Fo'ilefutu,1500,CPT,HAW,NMST @ HAW,09/13/2026 12:00 AM,https://dkn.gs/sports/images/cfb/teams/50/8316.png,NMST @ HAW,Showdown Captain Mode,CFB,9/13,Captain,"CFB Showdown $4K Air Raid [$1K to 1st] (NMST @ HAW);CFB Showdown $720 Kick Return [Single Entry, Top 2 Win] (NMST @ HAW);CFB Showdown $530 Winner Take All [Must Fill] (NMST @ HAW);CFB Showdown $200 Redshirt [Single Entry] (NMST @ HAW);CFB Showdown $408 Winner Take All [$1.5K to 1st, Must Fill] (NMST @ HAW);CFB Showdown $267 Winner Take All [Must Fill] (NMST @ HAW);CFB Showdown $155 White-Out [Single Entry] (NMST @ HAW);CFB Showdown Satellite to NHL 11-3 $555 Barn Burner [Must Fill] (NMST @ HAW);CFB Showdown $100 Winner Take All [$460 to 1st] (Must Fill) (NMST @ HAW);CFB Showdown $310 Blitz [Single Entry] (NMST @ HAW)",195476961;195476957;195477828;195476965;195477831;195477827;195476958;195477835;195477829;195476959;195477834;195476960;195476962;195476963;195476964;195477944;195477943;195477942;195477941;195477940,9/13 12:00AM (NMST @ HAW)
Nick Delgadillo - Showdown Captain Mode (Captain),195476961;195476957;195477828;195476965;195477831;195477827;195476958;195477835;195477829;195476959;195477834;195476960;195476962;195476963;195476964;195477944;195477943;195477942;195477941;195477940,1456750,44095689,Nick Delgadillo,Nick,Delgadillo,1500,CPT,HAW,NMST @ HAW,09/13/2026 12:00 AM,https://dkn.gs/sports/images/cfb/teams/50/8316.png,NMST @ HAW,Showdown Captain Mode,CFB,9/13,Captain,"CFB Showdown $4K Air Raid [$1K to 1st] (NMST @ HAW);CFB Showdown $720 Kick Return [Single Entry, Top 2 Win] (NMST @ HAW);CFB Showdown $530 Winner Take All [Must Fill] (NMST @ HAW);CFB Showdown $200 Redshirt [Single Entry] (NMST @ HAW);CFB Showdown $408 Winner Take All [$1.5K to 1st, Must Fill] (NMST @ HAW);CFB Showdown $267 Winner Take All [Must Fill] (NMST @ HAW);CFB Showdown $155 White-Out [Single Entry] (NMST @ HAW);CFB Showdown Satellite to NHL 11-3 $555 Barn Burner [Must Fill] (NMST @ HAW);CFB Showdown $100 Winner Take All [$460 to 1st] (Must Fill) (NMST @ HAW);CFB Showdown $310 Blitz [Single Entry] (NMST @ HAW)",195476961;195476957;195477828;195476965;195477831;195477827;195476958;195477835;195477829;195476959;195477834;195476960;195476962;195476963;195476964;195477944;195477943;195477942;195477941;195477940,9/13 12:00AM (NMST @ HAW)
Koa Eldredge - Showdown Captain Mode (Captain),195476961;195476957;195477828;195476965;195477831;195477827;195476958;195477835;195477829;195476959;195477834;195476960;195476962;195476963;195476964;195477944;195477943;195477942;195477941;195477940,1441251,44095690,Koa Eldredge,Koa,Eldredge,1500,CPT,HAW,NMST @ HAW,09/13/2026 12:00 AM,https://dkn.gs/sports/images/cfb/teams/50/8316.png,NMST @ HAW,Showdown Captain Mode,CFB,9/13,Captain,"CFB Showdown $4K Air Raid [$1K to 1st] (NMST @ HAW);CFB Showdown $720 Kick Return [Single Entry, Top 2 Win] (NMST @ HAW);CFB Showdown $530 Winner Take All [Must Fill] (NMST @ HAW);CFB Showdown $200 Redshirt [Single Entry] (NMST @ HAW);CFB Showdown $408 Winner Take All [$1.5K to 1st, Must Fill] (NMST @ HAW);CFB Showdown $267 Winner Take All [Must Fill] (NMST @ HAW);CFB Showdown $155 White-Out [Single Entry] (NMST @ HAW);CFB Showdown Satellite to NHL 11-3 $555 Barn Burner [Must Fill] (NMST @ HAW);CFB Showdown $100 Winner Take All [$460 to 1st] (Must Fill) (NMST @ HAW);CFB Showdown $310 Blitz [Single Entry] (NMST @ HAW)",195476961;195476957;195477828;195476965;195477831;195477827;195476958;195477835;195477829;195476959;195477834;195476960;195476962;195476963;195476964;195477944;195477943;195477942;195477941;195477940,9/13 12:00AM (NMST @ HAW)
Anthony Hickman - Showdown Captain Mode (Captain),195476961;195476957;195477828;195476965;195477831;195477827;195476958;195477835;195477829;195476959;195477834;195476960;195476962;195476963;195476964;195477944;195477943;195477942;195477941;195477940,1654085,44095691,Anthony Hickman,Anthony,Hickman,1500,CPT,HAW,NMST @ HAW,09/13/2026 12:00 AM,https://dkn.gs/sports/images/cfb/teams/50/8316.png,NMST @ HAW,Showdown Captain Mode,CFB,9/13,Captain,"CFB Showdown $4K Air Raid [$1K to 1st] (NMST @ HAW);CFB Showdown $720 Kick Return [Single Entry, Top 2 Win] (NMST @ HAW);CFB Showdown $530 Winner Take All [Must Fill] (NMST @ HAW);CFB Showdown $200 Redshirt [Single Entry] (NMST @ HAW);CFB Showdown $408 Winner Take All [$1.5K to 1st, Must Fill] (NMST @ HAW);CFB Showdown $267 Winner Take All [Must Fill] (NMST @ HAW);CFB Showdown $155 White-Out [Single Entry] (NMST @ HAW);CFB Showdown Satellite to NHL 11-3 $555 Barn Burner [Must Fill] (NMST @ HAW);CFB Showdown $100 Winner Take All [$460 to 1st] (Must Fill) (NMST @ HAW);CFB Showdown $310 Blitz [Single Entry] (NMST @ HAW)",195476961;195476957;195477828;195476965;195477831;195477827;195476958;195477835;195477829;195476959;195477834;195476960;195476962;195476963;195476964;195477944;195477943;195477942;195477941;195477940,9/13 12:00AM (NMST @ HAW)
Frank Abreu - Showdown Captain Mode (Captain),195476961;195476957;195477828;195476965;195477831;195477827;195476958;195477835;195477829;195476959;195477834;195476960;195476962;195476963;195476964;195477944;195477943;195477942;195477941;195477940,1584519,44095692,Frank Abreu,Frank,Abreu,1500,CPT,HAW,NMST @ HAW,09/13/2026 12:00 AM,https://dkn.gs/sports/images/cfb/teams/50/8316.png,NMST @ HAW,Showdown Captain Mode,CFB,9/13,Captain,"CFB Showdown $4K Air Raid [$1K to 1st] (NMST @ HAW);CFB Showdown $720 Kick Return [Single Entry, Top 2 Win] (NMST @ HAW);CFB Showdown $530 Winner Take All [Must Fill] (NMST @ HAW);CFB Showdown $200 Redshirt [Single Entry] (NMST @ HAW);CFB Showdown $408 Winner Take All [$1.5K to 1st, Must Fill] (NMST @ HAW);CFB Showdown $267 Winner Take All [Must Fill] (NMST @ HAW);CFB Showdown $155 White-Out [Single Entry] (NMST @ HAW);CFB Showdown Satellite to NHL 11-3 $555 Barn Burner [Must Fill] (NMST @ HAW);CFB Showdown $100 Winner Take All [$460 to 1st] (Must Fill) (NMST @ HAW);CFB Showdown $310 Blitz [Single Entry] (NMST @ HAW)",195476961;195476957;195477828;195476965;195477831;195477827;195476958;195477835;195477829;195476959;195477834;195476960;195476962;195476963;195476964;195477944;195477943;195477942;195477941;195477940,9/13 12:00AM (NMST @ HAW)
Andrew Price - Showdown Captain Mode (Captain),195476961;195476957;195477828;195476965;195477831;195477827;195476958;195477835;195477829;195476959;195477834;195476960;195476962;195476963;195476964;195477944;195477943;195477942;195477941;195477940,1663678,44095693,Andrew Price,Andrew,Price,1500,CPT,HAW,NMST @ HAW,09/13/2026 12:00 AM,https://dkn.gs/sports/images/cfb/teams/50/8316.png,NMST @ HAW,Showdown Captain Mode,CFB,9/13,Captain,"CFB Showdown $4K Air Raid [$1K to 1st] (NMST @ HAW);CFB Showdown $720 Kick Return [Single Entry, Top 2 Win] (NMST @ HAW);CFB Showdown $530 Winner Take All [Must Fill] (NMST @ HAW);CFB Showdown $200 Redshirt [Single Entry] (NMST @ HAW);CFB Showdown $408 Winner Take All [$1.5K to 1st, Must Fill] (NMST @ HAW);CFB Showdown $267 Winner Take All [Must Fill] (NMST @ HAW);CFB Showdown $155 White-Out [Single Entry] (NMST @ HAW);CFB Showdown Satellite to NHL 11-3 $555 Barn Burner [Must Fill] (NMST @ HAW);CFB Showdown $100 Winner Take All [$460 to 1st] (Must Fill) (NMST @ HAW);CFB Showdown $310 Blitz [Single Entry] (NMST @ HAW)",195476961;195476957;195477828;195476965;195477831;195477827;195476958;195477835;195477829;195476959;195477834;195476960;195476962;195476963;195476964;195477944;195477943;195477942;195477941;195477940,9/13 12:00AM (NMST @ HAW)
Matthew Bailiff - Showdown Captain Mode (Captain),195476961;195476957;195477828;195476965;195477831;195477827;195476958;195477835;195477829;195476959;195477834;195476960;195476962;195476963;195476964;195477944;195477943;195477942;195477941;195477940,1456733,44095694,Matthew Bailiff,Matthew,Bailiff,1500,CPT,HAW,NMST @ HAW,09/13/2026 12:00 AM,https://dkn.gs/sports/images/cfb/teams/50/8316.png,NMST @ HAW,Showdown Captain Mode,CFB,9/13,Captain,"CFB Showdown $4K Air Raid [$1K to 1st] (NMST @ HAW);CFB Showdown $720 Kick Return [Single Entry, Top 2 Win] (NMST @ HAW);CFB Showdown $530 Winner Take All [Must Fill] (NMST @ HAW);CFB Showdown $200 Redshirt [Single Entry] (NMST @ HAW);CFB Showdown $408 Winner Take All [$1.5K to 1st, Must Fill] (NMST @ HAW);CFB Showdown $267 Winner Take All [Must Fill] (NMST @ HAW);CFB Showdown $155 White-Out [Single Entry] (NMST @ HAW);CFB Showdown Satellite to NHL 11-3 $555 Barn Burner [Must Fill] (NMST @ HAW);CFB Showdown $100 Winner Take All [$460 to 1st] (Must Fill) (NMST @ HAW);CFB Showdown $310 Blitz [Single Entry] (NMST @ HAW)",195476961;195476957;195477828;195476965;195477831;195477827;195476958;195477835;195477829;195476959;195477834;195476960;195476962;195476963;195476964;195477944;195477943;195477942;195477941;195477940,9/13 12:00AM (NMST @ HAW)
Jayden Bell - Showdown Captain Mode (Captain),195476961;195476957;195477828;195476965;195477831;195477827;195476958;195477835;195477829;195476959;195477834;195476960;195476962;195476963;195476964;195477944;195477943;195477942;195477941;195477940,1457683,44095695,Jayden Bell,Jayden,Bell,1500,CPT,NMST,NMST @ HAW,09/13/2026 12:00 AM,https://dkn.gs/sports/images/cfb/teams/50/7946.png,NMST @ HAW,Showdown Captain Mode,CFB,9/13,Captain,"CFB Showdown $4K Air Raid [$1K to 1st] (NMST @ HAW);CFB Showdown $720 Kick Return [Single Entry, Top 2 Win] (NMST @ HAW);CFB Showdown $530 Winner Take All [Must Fill] (NMST @ HAW);CFB Showdown $200 Redshirt [Single Entry] (NMST @ HAW);CFB Showdown $408 Winner Take All [$1.5K to 1st, Must Fill] (NMST @ HAW);CFB Showdown $267 Winner Take All [Must Fill] (NMST @ HAW);CFB Showdown $155 White-Out [Single Entry] (NMST @ HAW);CFB Showdown Satellite to NHL 11-3 $555 Barn Burner [Must Fill] (NMST @ HAW);CFB Showdown $100 Winner Take All [$460 to 1st] (Must Fill) (NMST @ HAW);CFB Showdown $310 Blitz [Single Entry] (NMST @ HAW)",195476961;195476957;195477828;195476965;195477831;195477827;195476958;195477835;195477829;195476959;195477834;195476960;195476962;195476963;195476964;195477944;195477943;195477942;195477941;195477940,9/13 12:00AM (NMST @ HAW)
Jarvis Heimuli - Showdown Captain Mode (Captain),195476961;195476957;195477828;195476965;195477831;195477827;195476958;195477835;195477829;195476959;195477834;195476960;195476962;195476963;195476964;195477944;195477943;195477942;195477941;195477940,1519563,44095696,Jarvis Heimuli,Jarvis,Heimuli,1500,CPT,HAW,NMST @ HAW,09/13/2026 12:00 AM,https://dkn.gs/sports/images/cfb/teams/50/8316.png,NMST @ HAW,Showdown Captain Mode,CFB,9/13,Captain,"CFB Showdown $4K Air Raid [$1K to 1st] (NMST @ HAW);CFB Showdown $720 Kick Return [Single Entry, Top 2 Win] (NMST @ HAW);CFB Showdown $530 Winner Take All [Must Fill] (NMST @ HAW);CFB Showdown $200 Redshirt [Single Entry] (NMST @ HAW);CFB Showdown $408 Winner Take All [$1.5K to 1st, Must Fill] (NMST @ HAW);CFB Showdown $267 Winner Take All [Must Fill] (NMST @ HAW);CFB Showdown $155 White-Out [Single Entry] (NMST @ HAW);CFB Showdown Satellite to NHL 11-3 $555 Barn Burner [Must Fill] (NMST @ HAW);CFB Showdown $100 Winner Take All [$460 to 1st] (Must Fill) (NMST @ HAW);CFB Showdown $310 Blitz [Single Entry] (NMST @ HAW)",195476961;195476957;195477828;195476965;195477831;195477827;195476958;195477835;195477829;195476959;195477834;195476960;195476962;195476963;195476964;195477944;195477943;195477942;195477941;195477940,9/13 12:00AM (NMST @ HAW)
Dillon Booth - Showdown Captain Mode (Captain),195476961;195476957;195477828;195476965;195477831;195477827;195476958;195477835;195477829;195476959;195477834;195476960;195476962;195476963;195476964;195477944;195477943;195477942;195477941;195477940,1651934,44095697,Dillon Booth,Dillon,Booth,1500,CPT,HAW,NMST @ HAW,09/13/2026 12:00 AM,https://dkn.gs/sports/images/cfb/teams/50/8316.png,NMST @ HAW,Showdown Captain Mode,CFB,9/13,Captain,"CFB Showdown $4K Air Raid [$1K to 1st] (NMST @ HAW);CFB Showdown $720 Kick Return [Single Entry, Top 2 Win] (NMST @ HAW);CFB Showdown $530 Winner Take All [Must Fill] (NMST @ HAW);CFB Showdown $200 Redshirt [Single Entry] (NMST @ HAW);CFB Showdown $408 Winner Take All [$1.5K to 1st, Must Fill] (NMST @ HAW);CFB Showdown $267 Winner Take All [Must Fill] (NMST @ HAW);CFB Showdown $155 White-Out [Single Entry] (NMST @ HAW);CFB Showdown Satellite to NHL 11-3 $555 Barn Burner [Must Fill] (NMST @ HAW);CFB Showdown $100 Winner Take All [$460 to 1st] (Must Fill) (NMST @ HAW);CFB Showdown $310 Blitz [Single Entry] (NMST @ HAW)",195476961;195476957;195477828;195476965;195477831;195477827;195476958;195477835;195477829;195476959;195477834;195476960;195476962;195476963;195476964;195477944;195477943;195477942;195477941;195477940,9/13 12:00AM (NMST @ HAW)
Kaden Trevino - Showdown Captain Mode (Captain),195476961;195476957;195477828;195476965;195477831;195477827;195476958;195477835;195477829;195476959;195477834;195476960;195476962;195476963;195476964;195477944;195477943;195477942;195477941;195477940,1458936,44095698,Kaden Trevino,Kaden,Trevino,1500,CPT,NMST,NMST @ HAW,09/13/2026 12:00 AM,https://dkn.gs/sports/images/cfb/teams/50/7946.png,NMST @ HAW,Showdown Captain Mode,CFB,9/13,Captain,"CFB Showdown $4K Air Raid [$1K to 1st] (NMST @ HAW);CFB Showdown $720 Kick Return [Single Entry, Top 2 Win] (NMST @ HAW);CFB Showdown $530 Winner Take All [Must Fill] (NMST @ HAW);CFB Showdown $200 Redshirt [Single Entry] (NMST @ HAW);CFB Showdown $408 Winner Take All [$1.5K to 1st, Must Fill] (NMST @ HAW);CFB Showdown $267 Winner Take All [Must Fill] (NMST @ HAW);CFB Showdown $155 White-Out [Single Entry] (NMST @ HAW);CFB Showdown Satellite to NHL 11-3 $555 Barn Burner [Must Fill] (NMST @ HAW);CFB Showdown $100 Winner Take All [$460 to 1st] (Must Fill) (NMST @ HAW);CFB Showdown $310 Blitz [Single Entry] (NMST @ HAW)",195476961;195476957;195477828;195476965;195477831;195477827;195476958;195477835;195477829;195476959;195477834;195476960;195476962;195476963;195476964;195477944;195477943;195477942;195477941;195477940,9/13 12:00AM (NMST @ HAW)
Titan Lacaden - Showdown Captain Mode (Captain),195476961;195476957;195477828;195476965;195477831;195477827;195476958;195477835;195477829;195476959;195477834;195476960;195476962;195476963;195476964;195477944;195477943;195477942;195477941;195477940,1596199,44095699,Titan Lacaden,Titan,Lacaden,1500,CPT,HAW,NMST @ HAW,09/13/2026 12:00 AM,https://dkn.gs/sports/images/cfb/teams/50/8316.png,NMST @ HAW,Showdown Captain Mode,CFB,9/13,Captain,"CFB Showdown $4K Air Raid [$1K to 1st] (NMST @ HAW);CFB Showdown $720 Kick Return [Single Entry, Top 2 Win] (NMST @ HAW);CFB Showdown $530 Winner Take All [Must Fill] (NMST @ HAW);CFB Showdown $200 Redshirt [Single Entry] (NMST @ HAW);CFB Showdown $408 Winner Take All [$1.5K to 1st, Must Fill] (NMST @ HAW);CFB Showdown $267 Winner Take All [Must Fill] (NMST @ HAW);CFB Showdown $155 White-Out [Single Entry] (NMST @ HAW);CFB Showdown Satellite to NHL 11-3 $555 Barn Burner [Must Fill] (NMST @ HAW);CFB Showdown $100 Winner Take All [$460 to 1st] (Must Fill) (NMST @ HAW);CFB Showdown $310 Blitz [Single Entry] (NMST @ HAW)",195476961;195476957;195477828;195476965;195477831;195477827;195476958;195477835;195477829;195476959;195477834;195476960;195476962;195476963;195476964;195477944;195477943;195477942;195477941;195477940,9/13 12:00AM (NMST @ HAW)
Joshua Goines - Showdown Captain Mode (Captain),195476961;195476957;195477828;195476965;195477831;195477827;195476958;195477835;195477829;195476959;195477834;195476960;195476962;195476963;195476964;195477944;195477943;195477942;195477941;195477940,1448273,44095700,Joshua Goines,Joshua,Goines,1500,CPT,NMST,NMST @ HAW,09/13/2026 12:00 AM,https://dkn.gs/sports/images/cfb/teams/50/7946.png,NMST @ HAW,Showdown Captain Mode,CFB,9/13,Captain,"CFB Showdown $4K Air Raid [$1K to 1st] (NMST @ HAW);CFB Showdown $720 Kick Return [Single Entry, Top 2 Win] (NMST @ HAW);CFB Showdown $530 Winner Take All [Must Fill] (NMST @ HAW);CFB Showdown $200 Redshirt [Single Entry] (NMST @ HAW);CFB Showdown $408 Winner Take All [$1.5K to 1st, Must Fill] (NMST @ HAW);CFB Showdown $267 Winner Take All [Must Fill] (NMST @ HAW);CFB Showdown $155 White-Out [Single Entry] (NMST @ HAW);CFB Showdown Satellite to NHL 11-3 $555 Barn Burner [Must Fill] (NMST @ HAW);CFB Showdown $100 Winner Take All [$460 to 1st] (Must Fill) (NMST @ HAW);CFB Showdown $310 Blitz [Single Entry] (NMST @ HAW)",195476961;195476957;195477828;195476965;195477831;195477827;195476958;195477835;195477829;195476959;195477834;195476960;195476962;195476963;195476964;195477944;195477943;195477942;195477941;195477940,9/13 12:00AM (NMST @ HAW)
Josiah Castillo - Showdown Captain Mode (Captain),195476961;195476957;195477828;195476965;195477831;195477827;195476958;195477835;195477829;195476959;195477834;195476960;195476962;195476963;195476964;195477944;195477943;195477942;195477941;195477940,1652695,44095701,Josiah Castillo,Josiah,Castillo,1500,CPT,NMST,NMST @ HAW,09/13/2026 12:00 AM,https://dkn.gs/sports/images/cfb/teams/50/7946.png,NMST @ HAW,Showdown Captain Mode,CFB,9/13,Captain,"CFB Showdown $4K Air Raid [$1K to 1st] (NMST @ HAW);CFB Showdown $720 Kick Return [Single Entry, Top 2 Win] (NMST @ HAW);CFB Showdown $530 Winner Take All [Must Fill] (NMST @ HAW);CFB Showdown $200 Redshirt [Single Entry] (NMST @ HAW);CFB Showdown $408 Winner Take All [$1.5K to 1st, Must Fill] (NMST @ HAW);CFB Showdown $267 Winner Take All [Must Fill] (NMST @ HAW);CFB Showdown $155 White-Out [Single Entry] (NMST @ HAW);CFB Showdown Satellite to NHL 11-3 $555 Barn Burner [Must Fill] (NMST @ HAW);CFB Showdown $100 Winner Take All [$460 to 1st] (Must Fill) (NMST @ HAW);CFB Showdown $310 Blitz [Single Entry] (NMST @ HAW)",195476961;195476957;195477828;195476965;195477831;195477827;195476958;195477835;195477829;195476959;195477834;195476960;195476962;195476963;195476964;195477944;195477943;195477942;195477941;195477940,9/13 12:00AM (NMST @ HAW)
Duke Frye - Showdown Captain Mode (Captain),195476961;195476957;195477828;195476965;195477831;195477827;195476958;195477835;195477829;195476959;195477834;195476960;195476962;195476963;195476964;195477944;195477943;195477942;195477941;195477940,1404413,44095702,Duke Frye,Duke,Frye,1500,CPT,NMST,NMST @ HAW,09/13/2026 12:00 AM,https://dkn.gs/sports/images/cfb/teams/50/7946.png,NMST @ HAW,Showdown Captain Mode,CFB,9/13,Captain,"CFB Showdown $4K Air Raid [$1K to 1st] (NMST @ HAW);CFB Showdown $720 Kick Return [Single Entry, Top 2 Win] (NMST @ HAW);CFB Showdown $530 Winner Take All [Must Fill] (NMST @ HAW);CFB Showdown $200 Redshirt [Single Entry] (NMST @ HAW);CFB Showdown $408 Winner Take All [$1.5K to 1st, Must Fill] (NMST @ HAW);CFB Showdown $267 Winner Take All [Must Fill] (NMST @ HAW);CFB Showdown $155 White-Out [Single Entry] (NMST @ HAW);CFB Showdown Satellite to NHL 11-3 $555 Barn Burner [Must Fill] (NMST @ HAW);CFB Showdown $100 Winner Take All [$460 to 1st] (Must Fill) (NMST @ HAW);CFB Showdown $310 Blitz [Single Entry] (NMST @ HAW)",195476961;195476957;195477828;195476965;195477831;195477827;195476958;195477835;195477829;195476959;195477834;195476960;195476962;195476963;195476964;195477944;195477943;195477942;195477941;195477940,9/13 12:00AM (NMST @ HAW)
Brandon Gaea - Showdown Captain Mode (Captain),195476961;195476957;195477828;195476965;195477831;195477827;195476958;195477835;195477829;195476959;195477834;195476960;195476962;195476963;195476964;195477944;195477943;195477942;195477941;195477940,1651935,44095703,Brandon Gaea,Brandon,Gaea,1500,CPT,HAW,NMST @ HAW,09/13/2026 12:00 AM,https://dkn.gs/sports/images/cfb/teams/50/8316.png,NMST @ HAW,Showdown Captain Mode,CFB,9/13,Captain,"CFB Showdown $4K Air Raid [$1K to 1st] (NMST @ HAW);CFB Showdown $720 Kick Return [Single Entry, Top 2 Win] (NMST @ HAW);CFB Showdown $530 Winner Take All [Must Fill] (NMST @ HAW);CFB Showdown $200 Redshirt [Single Entry] (NMST @ HAW);CFB Showdown $408 Winner Take All [$1.5K to 1st, Must Fill] (NMST @ HAW);CFB Showdown $267 Winner Take All [Must Fill] (NMST @ HAW);CFB Showdown $155 White-Out [Single Entry] (NMST @ HAW);CFB Showdown Satellite to NHL 11-3 $555 Barn Burner [Must Fill] (NMST @ HAW);CFB Showdown $100 Winner Take All [$460 to 1st] (Must Fill) (NMST @ HAW);CFB Showdown $310 Blitz [Single Entry] (NMST @ HAW)",195476961;195476957;195477828;195476965;195477831;195477827;195476958;195477835;195477829;195476959;195477834;195476960;195476962;195476963;195476964;195477944;195477943;195477942;195477941;195477940,9/13 12:00AM (NMST @ HAW)
Micah Kaonohi-Kaihenui - Showdown Captain Mode (Captain),195476961;195476957;195477828;195476965;195477831;195477827;195476958;195477835;195477829;195476959;195477834;195476960;195476962;195476963;195476964;195477944;195477943;195477942;195477941;195477940,1442291,44095704,Micah Kaonohi-Kaihenui,Micah,Kaonohi-Kaihenui,1500,CPT,HAW,NMST @ HAW,09/13/2026 12:00 AM,https://dkn.gs/sports/images/cfb/teams/50/8316.png,NMST @ HAW,Showdown Captain Mode,CFB,9/13,Captain,"CFB Showdown $4K Air Raid [$1K to 1st] (NMST @ HAW);CFB Showdown $720 Kick Return [Single Entry, Top 2 Win] (NMST @ HAW);CFB Showdown $530 Winner Take All [Must Fill] (NMST @ HAW);CFB Showdown $200 Redshirt [Single Entry] (NMST @ HAW);CFB Showdown $408 Winner Take All [$1.5K to 1st, Must Fill] (NMST @ HAW);CFB Showdown $267 Winner Take All [Must Fill] (NMST @ HAW);CFB Showdown $155 White-Out [Single Entry] (NMST @ HAW);CFB Showdown Satellite to NHL 11-3 $555 Barn Burner [Must Fill] (NMST @ HAW);CFB Showdown $100 Winner Take All [$460 to 1st] (Must Fill) (NMST @ HAW);CFB Showdown $310 Blitz [Single Entry] (NMST @ HAW)",195476961;195476957;195477828;195476965;195477831;195477827;195476958;195477835;195477829;195476959;195477834;195476960;195476962;195476963;195476964;195477944;195477943;195477942;195477941;195477940,9/13 12:00AM (NMST @ HAW)
Diezel Kamoku - Showdown Captain Mode (Captain),195476961;195476957;195477828;195476965;195477831;195477827;195476958;195477835;195477829;195476959;195477834;195476960;195476962;195476963;195476964;195477944;195477943;195477942;195477941;195477940,1530610,44095705,Diezel Kamoku,Diezel,Kamoku,1500,CPT,HAW,NMST @ HAW,09/13/2026 12:00 AM,https://dkn.gs/sports/images/cfb/teams/50/8316.png,NMST @ HAW,Showdown Captain Mode,CFB,9/13,Captain,"CFB Showdown $4K Air Raid [$1K to 1st] (NMST @ HAW);CFB Showdown $720 Kick Return [Single Entry, Top 2 Win] (NMST @ HAW);CFB Showdown $530 Winner Take All [Must Fill] (NMST @ HAW);CFB Showdown $200 Redshirt [Single Entry] (NMST @ HAW);CFB Showdown $408 Winner Take All [$1.5K to 1st, Must Fill] (NMST @ HAW);CFB Showdown $267 Winner Take All [Must Fill] (NMST @ HAW);CFB Showdown $155 White-Out [Single Entry] (NMST @ HAW);CFB Showdown Satellite to NHL 11-3 $555 Barn Burner [Must Fill] (NMST @ HAW);CFB Showdown $100 Winner Take All [$460 to 1st] (Must Fill) (NMST @ HAW);CFB Showdown $310 Blitz [Single Entry] (NMST @ HAW)",195476961;195476957;195477828;195476965;195477831;195477827;195476958;195477835;195477829;195476959;195477834;195476960;195476962;195476963;195476964;195477944;195477943;195477942;195477941;195477940,9/13 12:00AM (NMST @ HAW)
Luke Lopez - Showdown Captain Mode (Captain),195476961;195476957;195477828;195476965;195477831;195477827;195476958;195477835;195477829;195476959;195477834;195476960;195476962;195476963;195476964;195477944;195477943;195477942;195477941;195477940,1652694,44095706,Luke Lopez,Luke,Lopez,1500,CPT,NMST,NMST @ HAW,09/13/2026 12:00 AM,https://dkn.gs/sports/images/cfb/teams/50/7946.png,NMST @ HAW,Showdown Captain Mode,CFB,9/13,Captain,"CFB Showdown $4K Air Raid [$1K to 1st] (NMST @ HAW);CFB Showdown $720 Kick Return [Single Entry, Top 2 Win] (NMST @ HAW);CFB Showdown $530 Winner Take All [Must Fill] (NMST @ HAW);CFB Showdown $200 Redshirt [Single Entry] (NMST @ HAW);CFB Showdown $408 Winner Take All [$1.5K to 1st, Must Fill] (NMST @ HAW);CFB Showdown $267 Winner Take All [Must Fill] (NMST @ HAW);CFB Showdown $155 White-Out [Single Entry] (NMST @ HAW);CFB Showdown Satellite to NHL 11-3 $555 Barn Burner [Must Fill] (NMST @ HAW);CFB Showdown $100 Winner Take All [$460 to 1st] (Must Fill) (NMST @ HAW);CFB Showdown $310 Blitz [Single Entry] (NMST @ HAW)",195476961;195476957;195477828;195476965;195477831;195477827;195476958;195477835;195477829;195476959;195477834;195476960;195476962;195476963;195476964;195477944;195477943;195477942;195477941;195477940,9/13 12:00AM (NMST @ HAW)
Oakie Salave'a - Showdown Captain Mode (Captain),195476961;195476957;195477828;195476965;195477831;195477827;195476958;195477835;195477829;195476959;195477834;195476960;195476962;195476963;195476964;195477944;195477943;195477942;195477941;195477940,1381384,44095707,Oakie Salave'a,Oakie,Salave'a,1500,CPT,HAW,NMST @ HAW,09/13/2026 12:00 AM,https://dkn.gs/sports/images/cfb/teams/50/8316.png,NMST @ HAW,Showdown Captain Mode,CFB,9/13,Captain,"CFB Showdown $4K Air Raid [$1K to 1st] (NMST @ HAW);CFB Showdown $720 Kick Return [Single Entry, Top 2 Win] (NMST @ HAW);CFB Showdown $530 Winner Take All [Must Fill] (NMST @ HAW);CFB Showdown $200 Redshirt [Single Entry] (NMST @ HAW);CFB Showdown $408 Winner Take All [$1.5K to 1st, Must Fill] (NMST @ HAW);CFB Showdown $267 Winner Take All [Must Fill] (NMST @ HAW);CFB Showdown $155 White-Out [Single Entry] (NMST @ HAW);CFB Showdown Satellite to NHL 11-3 $555 Barn Burner [Must Fill] (NMST @ HAW);CFB Showdown $100 Winner Take All [$460 to 1st] (Must Fill) (NMST @ HAW);CFB Showdown $310 Blitz [Single Entry] (NMST @ HAW)",195476961;195476957;195477828;195476965;195477831;195477827;195476958;195477835;195477829;195476959;195477834;195476960;195476962;195476963;195476964;195477944;195477943;195477942;195477941;195477940,9/13 12:00AM (NMST @ HAW)
Ray Lotten - Showdown Captain Mode (Captain),195476961;195476957;195477828;195476965;195477831;195477827;195476958;195477835;195477829;195476959;195477834;195476960;195476962;195476963;195476964;195477944;195477943;195477942;195477941;195477940,1456564,44095708,Ray Lotten,Ray,Lotten,1500,CPT,NMST,NMST @ HAW,09/13/2026 12:00 AM,https://dkn.gs/sports/images/cfb/teams/50/7946.png,NMST @ HAW,Showdown Captain Mode,CFB,9/13,Captain,"CFB Showdown $4K Air Raid [$1K to 1st] (NMST @ HAW);CFB Showdown $720 Kick Return [Single Entry, Top 2 Win] (NMST @ HAW);CFB Showdown $530 Winner Take All [Must Fill] (NMST @ HAW);CFB Showdown $200 Redshirt [Single Entry] (NMST @ HAW);CFB Showdown $408 Winner Take All [$1.5K to 1st, Must Fill] (NMST @ HAW);CFB Showdown $267 Winner Take All [Must Fill] (NMST @ HAW);CFB Showdown $155 White-Out [Single Entry] (NMST @ HAW);CFB Showdown Satellite to NHL 11-3 $555 Barn Burner [Must Fill] (NMST @ HAW);CFB Showdown $100 Winner Take All [$460 to 1st] (Must Fill) (NMST @ HAW);CFB Showdown $310 Blitz [Single Entry] (NMST @ HAW)",195476961;195476957;195477828;195476965;195477831;195477827;195476958;195477835;195477829;195476959;195477834;195476960;195476962;195476963;195476964;195477944;195477943;195477942;195477941;195477940,9/13 12:00AM (NMST @ HAW)
Izeyah Wright - Showdown Captain Mode (Captain),195476961;195476957;195477828;195476965;195477831;195477827;195476958;195477835;195477829;195476959;195477834;195476960;195476962;195476963;195476964;195477944;195477943;195477942;195477941;195477940,1516959,44095709,Izeyah Wright,Izeyah,Wright,1500,CPT,NMST,NMST @ HAW,09/13/2026 12:00 AM,https://dkn.gs/sports/images/cfb/teams/50/7946.png,NMST @ HAW,Showdown Captain Mode,CFB,9/13,Captain,"CFB Showdown $4K Air Raid [$1K to 1st] (NMST @ HAW);CFB Showdown $720 Kick Return [Single Entry, Top 2 Win] (NMST @ HAW);CFB Showdown $530 Winner Take All [Must Fill] (NMST @ HAW);CFB Showdown $200 Redshirt [Single Entry] (NMST @ HAW);CFB Showdown $408 Winner Take All [$1.5K to 1st, Must Fill] (NMST @ HAW);CFB Showdown $267 Winner Take All [Must Fill] (NMST @ HAW);CFB Showdown $155 White-Out [Single Entry] (NMST @ HAW);CFB Showdown Satellite to NHL 11-3 $555 Barn Burner [Must Fill] (NMST @ HAW);CFB Showdown $100 Winner Take All [$460 to 1st] (Must Fill) (NMST @ HAW);CFB Showdown $310 Blitz [Single Entry] (NMST @ HAW)",195476961;195476957;195477828;195476965;195477831;195477827;195476958;195477835;195477829;195476959;195477834;195476960;195476962;195476963;195476964;195477944;195477943;195477942;195477941;195477940,9/13 12:00AM (NMST @ HAW)
Tre' Griffiths - Showdown Captain Mode (Captain),195476961;195476957;195477828;195476965;195477831;195477827;195476958;195477835;195477829;195476959;195477834;195476960;195476962;195476963;195476964;195477944;195477943;195477942;195477941;195477940,1507216,44095710,Tre' Griffiths,Tre',Griffiths,1500,CPT,HAW,NMST @ HAW,09/13/2026 12:00 AM,https://dkn.gs/sports/images/cfb/teams/50/8316.png,NMST @ HAW,Showdown Captain Mode,CFB,9/13,Captain,"CFB Showdown $4K Air Raid [$1K to 1st] (NMST @ HAW);CFB Showdown $720 Kick Return [Single Entry, Top 2 Win] (NMST @ HAW);CFB Showdown $530 Winner Take All [Must Fill] (NMST @ HAW);CFB Showdown $200 Redshirt [Single Entry] (NMST @ HAW);CFB Showdown $408 Winner Take All [$1.5K to 1st, Must Fill] (NMST @ HAW);CFB Showdown $267 Winner Take All [Must Fill] (NMST @ HAW);CFB Showdown $155 White-Out [Single Entry] (NMST @ HAW);CFB Showdown Satellite to NHL 11-3 $555 Barn Burner [Must Fill] (NMST @ HAW);CFB Showdown $100 Winner Take All [$460 to 1st] (Must Fill) (NMST @ HAW);CFB Showdown $310 Blitz [Single Entry] (NMST @ HAW)",195476961;195476957;195477828;195476965;195477831;195477827;195476958;195477835;195477829;195476959;195477834;195476960;195476962;195476963;195476964;195477944;195477943;195477942;195477941;195477940,9/13 12:00AM (NMST @ HAW)
JaDarius Sanders - Showdown Captain Mode (Captain),195476961;195476957;195477828;195476965;195477831;195477827;195476958;195477835;195477829;195476959;195477834;195476960;195476962;195476963;195476964;195477944;195477943;195477942;195477941;195477940,1652692,44095711,JaDarius Sanders,JaDarius,Sanders,1500,CPT,NMST,NMST @ HAW,09/13/2026 12:00 AM,https://dkn.gs/sports/images/cfb/teams/50/7946.png,NMST @ HAW,Showdown Captain Mode,CFB,9/13,Captain,"CFB Showdown $4K Air Raid [$1K to 1st] (NMST @ HAW);CFB Showdown $720 Kick Return [Single Entry, Top 2 Win] (NMST @ HAW);CFB Showdown $530 Winner Take All [Must Fill] (NMST @ HAW);CFB Showdown $200 Redshirt [Single Entry] (NMST @ HAW);CFB Showdown $408 Winner Take All [$1.5K to 1st, Must Fill] (NMST @ HAW);CFB Showdown $267 Winner Take All [Must Fill] (NMST @ HAW);CFB Showdown $155 White-Out [Single Entry] (NMST @ HAW);CFB Showdown Satellite to NHL 11-3 $555 Barn Burner [Must Fill] (NMST @ HAW);CFB Showdown $100 Winner Take All [$460 to 1st] (Must Fill) (NMST @ HAW);CFB Showdown $310 Blitz [Single Entry] (NMST @ HAW)",195476961;195476957;195477828;195476965;195477831;195477827;195476958;195477835;195477829;195476959;195477834;195476960;195476962;195476963;195476964;195477944;195477943;195477942;195477941;195477940,9/13 12:00AM (NMST @ HAW)
Robert Haynes IV - Showdown Captain Mode (Captain),195476961;195476957;195477828;195476965;195477831;195477827;195476958;195477835;195477829;195476959;195477834;195476960;195476962;195476963;195476964;195477944;195477943;195477942;195477941;195477940,1651933,44095712,Robert Haynes IV,Robert,Haynes IV,1500,CPT,HAW,NMST @ HAW,09/13/2026 12:00 AM,https://dkn.gs/sports/images/cfb/teams/50/8316.png,NMST @ HAW,Showdown Captain Mode,CFB,9/13,Captain,"CFB Showdown $4K Air Raid [$1K to 1st] (NMST @ HAW);CFB Showdown $720 Kick Return [Single Entry, Top 2 Win] (NMST @ HAW);CFB Showdown $530 Winner Take All [Must Fill] (NMST @ HAW);CFB Showdown $200 Redshirt [Single Entry] (NMST @ HAW);CFB Showdown $408 Winner Take All [$1.5K to 1st, Must Fill] (NMST @ HAW);CFB Showdown $267 Winner Take All [Must Fill] (NMST @ HAW);CFB Showdown $155 White-Out [Single Entry] (NMST @ HAW);CFB Showdown Satellite to NHL 11-3 $555 Barn Burner [Must Fill] (NMST @ HAW);CFB Showdown $100 Winner Take All [$460 to 1st] (Must Fill) (NMST @ HAW);CFB Showdown $310 Blitz [Single Entry] (NMST @ HAW)",195476961;195476957;195477828;195476965;195477831;195477827;195476958;195477835;195477829;195476959;195477834;195476960;195476962;195476963;195476964;195477944;195477943;195477942;195477941;195477940,9/13 12:00AM (NMST @ HAW)
AJ Carey - Showdown Captain Mode (Captain),195476961;195476957;195477828;195476965;195477831;195477827;195476958;195477835;195477829;195476959;195477834;195476960;195476962;195476963;195476964;195477944;195477943;195477942;195477941;195477940,1652693,44095713,AJ Carey,AJ,Carey,1500,CPT,NMST,NMST @ HAW,09/13/2026 12:00 AM,https://dkn.gs/sports/images/cfb/teams/50/7946.png,NMST @ HAW,Showdown Captain Mode,CFB,9/13,Captain,"CFB Showdown $4K Air Raid [$1K to 1st] (NMST @ HAW);CFB Showdown $720 Kick Return [Single Entry, Top 2 Win] (NMST @ HAW);CFB Showdown $530 Winner Take All [Must Fill] (NMST @ HAW);CFB Showdown $200 Redshirt [Single Entry] (NMST @ HAW);CFB Showdown $408 Winner Take All [$1.5K to 1st, Must Fill] (NMST @ HAW);CFB Showdown $267 Winner Take All [Must Fill] (NMST @ HAW);CFB Showdown $155 White-Out [Single Entry] (NMST @ HAW);CFB Showdown Satellite to NHL 11-3 $555 Barn Burner [Must Fill] (NMST @ HAW);CFB Showdown $100 Winner Take All [$460 to 1st] (Must Fill) (NMST @ HAW);CFB Showdown $310 Blitz [Single Entry] (NMST @ HAW)",195476961;195476957;195477828;195476965;195477831;195477827;195476958;195477835;195477829;195476959;195477834;195476960;195476962;195476963;195476964;195477944;195477943;195477942;195477941;195477940,9/13 12:00AM (NMST @ HAW)
Josiah Fetui - Showdown Captain Mode (Captain),195476961;195476957;195477828;195476965;195477831;195477827;195476958;195477835;195477829;195476959;195477834;195476960;195476962;195476963;195476964;195477944;195477943;195477942;195477941;195477940,1519622,44095714,Josiah Fetui,Josiah,Fetui,1500,CPT,HAW,NMST @ HAW,09/13/2026 12:00 AM,https://dkn.gs/sports/images/cfb/teams/50/8316.png,NMST @ HAW,Showdown Captain Mode,CFB,9/13,Captain,"CFB Showdown $4K Air Raid [$1K to 1st] (NMST @ HAW);CFB Showdown $720 Kick Return [Single Entry, Top 2 Win] (NMST @ HAW);CFB Showdown $530 Winner Take All [Must Fill] (NMST @ HAW);CFB Showdown $200 Redshirt [Single Entry] (NMST @ HAW);CFB Showdown $408 Winner Take All [$1.5K to 1st, Must Fill] (NMST @ HAW);CFB Showdown $267 Winner Take All [Must Fill] (NMST @ HAW);CFB Showdown $155 White-Out [Single Entry] (NMST @ HAW);CFB Showdown Satellite to NHL 11-3 $555 Barn Burner [Must Fill] (NMST @ HAW);CFB Showdown $100 Winner Take All [$460 to 1st] (Must Fill) (NMST @ HAW);CFB Showdown $310 Blitz [Single Entry] (NMST @ HAW)",195476961;195476957;195477828;195476965;195477831;195477827;195476958;195477835;195477829;195476959;195477834;195476960;195476962;195476963;195476964;195477944;195477943;195477942;195477941;195477940,9/13 12:00AM (NMST @ HAW)
Carson Su'esu'e - Showdown Captain Mode (Captain),195476961;195476957;195477828;195476965;195477831;195477827;195476958;195477835;195477829;195476959;195477834;195476960;195476962;195476963;195476964;195477944;195477943;195477942;195477941;195477940,1593718,44095715,Carson Su'esu'e,Carson,Su'esu'e,1500,CPT,NMST,NMST @ HAW,09/13/2026 12:00 AM,https://dkn.gs/sports/images/cfb/teams/50/7946.png,NMST @ HAW,Showdown Captain Mode,CFB,9/13,Captain,"CFB Showdown $4K Air Raid [$1K to 1st] (NMST @ HAW);CFB Showdown $720 Kick Return [Single Entry, Top 2 Win] (NMST @ HAW);CFB Showdown $530 Winner Take All [Must Fill] (NMST @ HAW);CFB Showdown $200 Redshirt [Single Entry] (NMST @ HAW);CFB Showdown $408 Winner Take All [$1.5K to 1st, Must Fill] (NMST @ HAW);CFB Showdown $267 Winner Take All [Must Fill] (NMST @ HAW);CFB Showdown $155 White-Out [Single Entry] (NMST @ HAW);CFB Showdown Satellite to NHL 11-3 $555 Barn Burner [Must Fill] (NMST @ HAW);CFB Showdown $100 Winner Take All [$460 to 1st] (Must Fill) (NMST @ HAW);CFB Showdown $310 Blitz [Single Entry] (NMST @ HAW)",195476961;195476957;195477828;195476965;195477831;195477827;195476958;195477835;195477829;195476959;195477834;195476960;195476962;195476963;195476964;195477944;195477943;195477942;195477941;195477940,9/13 12:00AM (NMST @ HAW)
Jaylen Stokes - Showdown Captain Mode (Captain),195476961;195476957;195477828;195476965;195477831;195477827;195476958;195477835;195477829;195476959;195477834;195476960;195476962;195476963;195476964;195477944;195477943;195477942;195477941;195477940,1652651,44095716,Jaylen Stokes,Jaylen,Stokes,1500,CPT,NMST,NMST @ HAW,09/13/2026 12:00 AM,https://dkn.gs/sports/images/cfb/teams/50/7946.png,NMST @ HAW,Showdown Captain Mode,CFB,9/13,Captain,"CFB Showdown $4K Air Raid [$1K to 1st] (NMST @ HAW);CFB Showdown $720 Kick Return [Single Entry, Top 2 Win] (NMST @ HAW);CFB Showdown $530 Winner Take All [Must Fill] (NMST @ HAW);CFB Showdown $200 Redshirt [Single Entry] (NMST @ HAW);CFB Showdown $408 Winner Take All [$1.5K to 1st, Must Fill] (NMST @ HAW);CFB Showdown $267 Winner Take All [Must Fill] (NMST @ HAW);CFB Showdown $155 White-Out [Single Entry] (NMST @ HAW);CFB Showdown Satellite to NHL 11-3 $555 Barn Burner [Must Fill] (NMST @ HAW);CFB Showdown $100 Winner Take All [$460 to 1st] (Must Fill) (NMST @ HAW);CFB Showdown $310 Blitz [Single Entry] (NMST @ HAW)",195476961;195476957;195477828;195476965;195477831;195477827;195476958;195477835;195477829;195476959;195477834;195476960;195476962;195476963;195476964;195477944;195477943;195477942;195477941;195477940,9/13 12:00AM (NMST @ HAW)
Kaliq Lockett - Showdown Captain Mode (Flex),195582379;195582460;195580463;195582104;195581991;195582352;195477619;195477613;195581177;195478126;195478125;195478124;195478123;195478122;195478121;195478120;195477985;195477986;195478032;195478034,1582499,44095754,Kaliq Lockett,Kaliq,Lockett,1400,WR,TEX,OSU @ TEX,09/12/2026 07:30 PM,https://dkn.gs/sports/images/cfb/teams/50/8240.png,OSU @ TEX,Showdown Captain Mode,CFB,9/12,Flex,"CFB Showdown $240 Huddle [Single Entry] (OSU @ TEX);CFB Showdown $100 Redshirt [Single Entry] (OSU @ TEX);CFB Showdown $408 Winner Take All [$1.5K to 1st, Must Fill] (OSU @ TEX);CFB Showdown $530 Winner Take All [Must Fill] (OSU @ TEX);CFB Showdown $50 Quarter Jukebox [Just $0.25!] (OSU @ TEX);CFB Showdown $267 Winner Take All [Must Fill] (OSU @ TEX);CFB Showdown Satellite to NHL 11-3 $555 Barn Burner [Must Fill] (OSU @ TEX);CFB Showdown $100 Winner Take All [$460 to 1st] (Must Fill) (OSU @ TEX);CFB Showdown Satellite to NHL 9-29 $15 Opening Night Puck Drop [Must Fill] (OSU @ TEX);CFB Showdown Satellite to CFB $555 Mid-Season Main Event (10-10) (OSU @ TEX)",195582379;195582460;195580463;195582104;195581991;195582352;195477619;195477613;195581177;195478126;195478125;195478124;195478123;195478122;195478121;195478120;195477985;195477986;195478032;195478034,9/12 7:30PM (OSU @ TEX)
Donovan Faupel - Showdown Captain Mode (Flex),195476951;195476948;195476952;195477720;195477723;195476956;195477719;195477727;195477721;195476955;195477726;195476949;195476950;195476953;195476954;195567364;195477928;195477927;195477926;195477925,1457676,44095459,Donovan Faupel,Donovan,Faupel,1400,WR,ARK,ARK @ UTAH,09/12/2026 10:15 PM,https://dkn.gs/sports/images/cfb/teams/50/8175.png,ARK @ UTAH,Showdown Captain Mode,CFB,9/12,Flex,"CFB Showdown $6K Air Raid [$2K to 1st] (ARK @ UTAH);CFB Showdown $720 Kick Return [Single Entry, Top 2 Win] (ARK @ UTAH);CFB Showdown $750 First Down (ARK @ UTAH);CFB Showdown $530 Winner Take All [Must Fill] (ARK @ UTAH);CFB Showdown $408 Winner Take All [$1.5K to 1st, Must Fill] (ARK @ UTAH);CFB Showdown $400 Coffin Corner [Single Entry] (ARK @ UTAH);CFB Showdown $267 Winner Take All [Must Fill] (ARK @ UTAH);CFB Showdown Satellite to NHL 11-3 $555 Barn Burner [Must Fill] (ARK @ UTAH);CFB Showdown $100 Winner Take All [$460 to 1st] (Must Fill) (ARK @ UTAH);CFB Showdown $155 White-Out [Single Entry] (ARK @ UTAH)",195476951;195476948;195476952;195477720;195477723;195476956;195477719;195477727;195477721;195476955;195477726;195476949;195476950;195476953;195476954;195567364;195477928;195477927;195477926;195477925,9/12 10:15PM (ARK @ UTAH)
Josiah Thomas - Showdown Captain Mode (Flex),195476961;195476957;195477828;195476965;195477831;195477827;195476958;195477835;195477829;195476959;195477834;195476960;195476962;195476963;195476964;195477944;195477943;195477942;195477941;195477940,1595600,44095606,Josiah Thomas,Josiah,Thomas,1400,WR,NMST,NMST @ HAW,09/13/2026 12:00 AM,https://dkn.gs/sports/images/cfb/teams/50/7946.png,NMST @ HAW,Showdown Captain Mode,CFB,9/13,Flex,"CFB Showdown $4K Air Raid [$1K to 1st] (NMST @ HAW);CFB Showdown $720 Kick Return [Single Entry, Top 2 Win] (NMST @ HAW);CFB Showdown $530 Winner Take All [Must Fill] (NMST @ HAW);CFB Showdown $200 Redshirt [Single Entry] (NMST @ HAW);CFB Showdown $408 Winner Take All [$1.5K to 1st, Must Fill] (NMST @ HAW);CFB Showdown $267 Winner Take All [Must Fill] (NMST @ HAW);CFB Showdown $155 White-Out [Single Entry] (NMST @ HAW);CFB Showdown Satellite to NHL 11-3 $555 Barn Burner [Must Fill] (NMST @ HAW);CFB Showdown $100 Winner Take All [$460 to 1st] (Must Fill) (NMST @ HAW);CFB Showdown $310 Blitz [Single Entry] (NMST @ HAW)",195476961;195476957;195477828;195476965;195477831;195477827;195476958;195477835;195477829;195476959;195477834;195476960;195476962;195476963;195476964;195477944;195477943;195477942;195477941;195477940,9/13 12:00AM (NMST @ HAW)
Michael Masunas - Showdown Captain Mode (Flex),195582379;195582460;195580463;195582104;195581991;195582352;195477619;195477613;195581177;195478126;195478125;195478124;195478123;195478122;195478121;195478120;195477985;195477986;195478032;195478034,1400933,44095755,Michael Masunas,Michael,Masunas,1200,WR,TEX,OSU @ TEX,09/12/2026 07:30 PM,https://dkn.gs/sports/images/cfb/teams/50/8240.png,OSU @ TEX,Showdown Captain Mode,CFB,9/12,Flex,"CFB Showdown $240 Huddle [Single Entry] (OSU @ TEX);CFB Showdown $100 Redshirt [Single Entry] (OSU @ TEX);CFB Showdown $408 Winner Take All [$1.5K to 1st, Must Fill] (OSU @ TEX);CFB Showdown $530 Winner Take All [Must Fill] (OSU @ TEX);CFB Showdown $50 Quarter Jukebox [Just $0.25!] (OSU @ TEX);CFB Showdown $267 Winner Take All [Must Fill] (OSU @ TEX);CFB Showdown Satellite to NHL 11-3 $555 Barn Burner [Must Fill] (OSU @ TEX);CFB Showdown $100 Winner Take All [$460 to 1st] (Must Fill) (OSU @ TEX);CFB Showdown Satellite to NHL 9-29 $15 Opening Night Puck Drop [Must Fill] (OSU @ TEX);CFB Showdown Satellite to CFB $555 Mid-Season Main Event (10-10) (OSU @ TEX)",195582379;195582460;195580463;195582104;195581991;195582352;195477619;195477613;195581177;195478126;195478125;195478124;195478123;195478122;195478121;195478120;195477985;195477986;195478032;195478034,9/12 7:30PM (OSU @ TEX)
Tobias Merriweather - Showdown Captain Mode (Flex),195476951;195476948;195476952;195477720;195477723;195476956;195477719;195477727;195477721;195476955;195477726;195476949;195476950;195476953;195476954;195567364;195477928;195477927;195477926;195477925,1403976,44095460,Tobias Merriweather,Tobias,Merriweather,1200,WR,UTAH,ARK @ UTAH,09/12/2026 10:15 PM,https://dkn.gs/sports/images/cfb/teams/50/8341.png,ARK @ UTAH,Showdown Captain Mode,CFB,9/12,Flex,"CFB Showdown $6K Air Raid [$2K to 1st] (ARK @ UTAH);CFB Showdown $720 Kick Return [Single Entry, Top 2 Win] (ARK @ UTAH);CFB Showdown $750 First Down (ARK @ UTAH);CFB Showdown $530 Winner Take All [Must Fill] (ARK @ UTAH);CFB Showdown $408 Winner Take All [$1.5K to 1st, Must Fill] (ARK @ UTAH);CFB Showdown $400 Coffin Corner [Single Entry] (ARK @ UTAH);CFB Showdown $267 Winner Take All [Must Fill] (ARK @ UTAH);CFB Showdown Satellite to NHL 11-3 $555 Barn Burner [Must Fill] (ARK @ UTAH);CFB Showdown $100 Winner Take All [$460 to 1st] (Must Fill) (ARK @ UTAH);CFB Showdown $155 White-Out [Single Entry] (ARK @ UTAH)",195476951;195476948;195476952;195477720;195477723;195476956;195477719;195477727;195477721;195476955;195477726;195476949;195476950;195476953;195476954;195567364;195477928;195477927;195477926;195477925,9/12 10:15PM (ARK @ UTAH)
Jerry Lydiatt - Showdown Captain Mode (Flex),195476961;195476957;195477828;195476965;195477831;195477827;195476958;195477835;195477829;195476959;195477834;195476960;195476962;195476963;195476964;195477944;195477943;195477942;195477941;195477940,1458949,44095607,Jerry Lydiatt,Jerry,Lydiatt,1200,WR,NMST,NMST @ HAW,09/13/2026 12:00 AM,https://dkn.gs/sports/images/cfb/teams/50/7946.png,NMST @ HAW,Showdown Captain Mode,CFB,9/13,Flex,"CFB Showdown $4K Air Raid [$1K to 1st] (NMST @ HAW);CFB Showdown $720 Kick Return [Single Entry, Top 2 Win] (NMST @ HAW);CFB Showdown $530 Winner Take All [Must Fill] (NMST @ HAW);CFB Showdown $200 Redshirt [Single Entry] (NMST @ HAW);CFB Showdown $408 Winner Take All [$1.5K to 1st, Must Fill] (NMST @ HAW);CFB Showdown $267 Winner Take All [Must Fill] (NMST @ HAW);CFB Showdown $155 White-Out [Single Entry] (NMST @ HAW);CFB Showdown Satellite to NHL 11-3 $555 Barn Burner [Must Fill] (NMST @ HAW);CFB Showdown $100 Winner Take All [$460 to 1st] (Must Fill) (NMST @ HAW);CFB Showdown $310 Blitz [Single Entry] (NMST @ HAW)",195476961;195476957;195477828;195476965;195477831;195477827;195476958;195477835;195477829;195476959;195477834;195476960;195476962;195476963;195476964;195477944;195477943;195477942;195477941;195477940,9/13 12:00AM (NMST @ HAW)
Favour Akih - Showdown Captain Mode (Flex),195582379;195582460;195580463;195582104;195581991;195582352;195477619;195477613;195581177;195478126;195478125;195478124;195478123;195478122;195478121;195478120;195477985;195477986;195478032;195478034,1649774,44095756,Favour Akih,Favour,Akih,1000,RB,OSU,OSU @ TEX,09/12/2026 07:30 PM,https://dkn.gs/sports/images/cfb/teams/50/7874.png,OSU @ TEX,Showdown Captain Mode,CFB,9/12,Flex,"CFB Showdown $240 Huddle [Single Entry] (OSU @ TEX);CFB Showdown $100 Redshirt [Single Entry] (OSU @ TEX);CFB Showdown $408 Winner Take All [$1.5K to 1st, Must Fill] (OSU @ TEX);CFB Showdown $530 Winner Take All [Must Fill] (OSU @ TEX);CFB Showdown $50 Quarter Jukebox [Just $0.25!] (OSU @ TEX);CFB Showdown $267 Winner Take All [Must Fill] (OSU @ TEX);CFB Showdown Satellite to NHL 11-3 $555 Barn Burner [Must Fill] (OSU @ TEX);CFB Showdown $100 Winner Take All [$460 to 1st] (Must Fill) (OSU @ TEX);CFB Showdown Satellite to NHL 9-29 $15 Opening Night Puck Drop [Must Fill] (OSU @ TEX);CFB Showdown Satellite to CFB $555 Mid-Season Main Event (10-10) (OSU @ TEX)",195582379;195582460;195580463;195582104;195581991;195582352;195477619;195477613;195581177;195478126;195478125;195478124;195478123;195478122;195478121;195478120;195477985;195477986;195478032;195478034,9/12 7:30PM (OSU @ TEX)
Jett Walker - Showdown Captain Mode (Flex),195582379;195582460;195580463;195582104;195581991;195582352;195477619;195477613;195581177;195478126;195478125;195478124;195478123;195478122;195478121;195478120;195477985;195477986;195478032;195478034,1645948,44095757,Jett Walker,Jett,Walker,1000,RB,TEX,OSU @ TEX,09/12/2026 07:30 PM,https://dkn.gs/sports/images/cfb/teams/50/8240.png,OSU @ TEX,Showdown Captain Mode,CFB,9/12,Flex,"CFB Showdown $240 Huddle [Single Entry] (OSU @ TEX);CFB Showdown $100 Redshirt [Single Entry] (OSU @ TEX);CFB Showdown $408 Winner Take All [$1.5K to 1st, Must Fill] (OSU @ TEX);CFB Showdown $530 Winner Take All [Must Fill] (OSU @ TEX);CFB Showdown $50 Quarter Jukebox [Just $0.25!] (OSU @ TEX);CFB Showdown $267 Winner Take All [Must Fill] (OSU @ TEX);CFB Showdown Satellite to NHL 11-3 $555 Barn Burner [Must Fill] (OSU @ TEX);CFB Showdown $100 Winner Take All [$460 to 1st] (Must Fill) (OSU @ TEX);CFB Showdown Satellite to NHL 9-29 $15 Opening Night Puck Drop [Must Fill] (OSU @ TEX);CFB Showdown Satellite to CFB $555 Mid-Season Main Event (10-10) (OSU @ TEX)",195582379;195582460;195580463;195582104;195581991;195582352;195477619;195477613;195581177;195478126;195478125;195478124;195478123;195478122;195478121;195478120;195477985;195477986;195478032;195478034,9/12 7:30PM (OSU @ TEX)
Stanley Jackson Jr. - Showdown Captain Mode (Flex),195582379;195582460;195580463;195582104;195581991;195582352;195477619;195477613;195581177;195478126;195478125;195478124;195478123;195478122;195478121;195478120;195477985;195477986;195478032;195478034,1529919,44095758,Stanley Jackson Jr.,Stanley,Jackson Jr.,1000,RB,OSU,OSU @ TEX,09/12/2026 07:30 PM,https://dkn.gs/sports/images/cfb/teams/50/7874.png,OSU @ TEX,Showdown Captain Mode,CFB,9/12,Flex,"CFB Showdown $240 Huddle [Single Entry] (OSU @ TEX);CFB Showdown $100 Redshirt [Single Entry] (OSU @ TEX);CFB Showdown $408 Winner Take All [$1.5K to 1st, Must Fill] (OSU @ TEX);CFB Showdown $530 Winner Take All [Must Fill] (OSU @ TEX);CFB Showdown $50 Quarter Jukebox [Just $0.25!] (OSU @ TEX);CFB Showdown $267 Winner Take All [Must Fill] (OSU @ TEX);CFB Showdown Satellite to NHL 11-3 $555 Barn Burner [Must Fill] (OSU @ TEX);CFB Showdown $100 Winner Take All [$460 to 1st] (Must Fill) (OSU @ TEX);CFB Showdown Satellite to NHL 9-29 $15 Opening Night Puck Drop [Must Fill] (OSU @ TEX);CFB Showdown Satellite to CFB $555 Mid-Season Main Event (10-10) (OSU @ TEX)",195582379;195582460;195580463;195582104;195581991;195582352;195477619;195477613;195581177;195478126;195478125;195478124;195478123;195478122;195478121;195478120;195477985;195477986;195478032;195478034,9/12 7:30PM (OSU @ TEX)
Anthony Rogers - Showdown Captain Mode (Flex),195582379;195582460;195580463;195582104;195581991;195582352;195477619;195477613;195581177;195478126;195478125;195478124;195478123;195478122;195478121;195478120;195477985;195477986;195478032;195478034,1601188,44095759,Anthony Rogers,Anthony,Rogers,1000,RB,OSU,OSU @ TEX,09/12/2026 07:30 PM,https://dkn.gs/sports/images/cfb/teams/50/7874.png,OSU @ TEX,Showdown Captain Mode,CFB,9/12,Flex,"CFB Showdown $240 Huddle [Single Entry] (OSU @ TEX);CFB Showdown $100 Redshirt [Single Entry] (OSU @ TEX);CFB Showdown $408 Winner Take All [$1.5K to 1st, Must Fill] (OSU @ TEX);CFB Showdown $530 Winner Take All [Must Fill] (OSU @ TEX);CFB Showdown $50 Quarter Jukebox [Just $0.25!] (OSU @ TEX);CFB Showdown $267 Winner Take All [Must Fill] (OSU @ TEX);CFB Showdown Satellite to NHL 11-3 $555 Barn Burner [Must Fill] (OSU @ TEX);CFB Showdown $100 Winner Take All [$460 to 1st] (Must Fill) (OSU @ TEX);CFB Showdown Satellite to NHL 9-29 $15 Opening Night Puck Drop [Must Fill] (OSU @ TEX);CFB Showdown Satellite to CFB $555 Mid-Season Main Event (10-10) (OSU @ TEX)",195582379;195582460;195580463;195582104;195581991;195582352;195477619;195477613;195581177;195478126;195478125;195478124;195478123;195478122;195478121;195478120;195477985;195477986;195478032;195478034,9/12 7:30PM (OSU @ TEX)
James Simon - Showdown Captain Mode (Flex),195582379;195582460;195580463;195582104;195581991;195582352;195477619;195477613;195581177;195478126;195478125;195478124;195478123;195478122;195478121;195478120;195477985;195477986;195478032;195478034,1582524,44095760,James Simon,James,Simon,1000,RB,TEX,OSU @ TEX,09/12/2026 07:30 PM,https://dkn.gs/sports/images/cfb/teams/50/8240.png,OSU @ TEX,Showdown Captain Mode,CFB,9/12,Flex,"CFB Showdown $240 Huddle [Single Entry] (OSU @ TEX);CFB Showdown $100 Redshirt [Single Entry] (OSU @ TEX);CFB Showdown $408 Winner Take All [$1.5K to 1st, Must Fill] (OSU @ TEX);CFB Showdown $530 Winner Take All [Must Fill] (OSU @ TEX);CFB Showdown $50 Quarter Jukebox [Just $0.25!] (OSU @ TEX);CFB Showdown $267 Winner Take All [Must Fill] (OSU @ TEX);CFB Showdown Satellite to NHL 11-3 $555 Barn Burner [Must Fill] (OSU @ TEX);CFB Showdown $100 Winner Take All [$460 to 1st] (Must Fill) (OSU @ TEX);CFB Showdown Satellite to NHL 9-29 $15 Opening Night Puck Drop [Must Fill] (OSU @ TEX);CFB Showdown Satellite to CFB $555 Mid-Season Main Event (10-10) (OSU @ TEX)",195582379;195582460;195580463;195582104;195581991;195582352;195477619;195477613;195581177;195478126;195478125;195478124;195478123;195478122;195478121;195478120;195477985;195477986;195478032;195478034,9/12 7:30PM (OSU @ TEX)
Chris Henry Jr. - Showdown Captain Mode (Flex),195582379;195582460;195580463;195582104;195581991;195582352;195477619;195477613;195581177;195478126;195478125;195478124;195478123;195478122;195478121;195478120;195477985;195477986;195478032;195478034,1649756,44095761,Chris Henry Jr.,Chris,Henry Jr.,1000,WR,OSU,OSU @ TEX,09/12/2026 07:30 PM,https://dkn.gs/sports/images/cfb/teams/50/7874.png,OSU @ TEX,Showdown Captain Mode,CFB,9/12,Flex,"CFB Showdown $240 Huddle [Single Entry] (OSU @ TEX);CFB Showdown $100 Redshirt [Single Entry] (OSU @ TEX);CFB Showdown $408 Winner Take All [$1.5K to 1st, Must Fill] (OSU @ TEX);CFB Showdown $530 Winner Take All [Must Fill] (OSU @ TEX);CFB Showdown $50 Quarter Jukebox [Just $0.25!] (OSU @ TEX);CFB Showdown $267 Winner Take All [Must Fill] (OSU @ TEX);CFB Showdown Satellite to NHL 11-3 $555 Barn Burner [Must Fill] (OSU @ TEX);CFB Showdown $100 Winner Take All [$460 to 1st] (Must Fill) (OSU @ TEX);CFB Showdown Satellite to NHL 9-29 $15 Opening Night Puck Drop [Must Fill] (OSU @ TEX);CFB Showdown Satellite to CFB $555 Mid-Season Main Event (10-10) (OSU @ TEX)",195582379;195582460;195580463;195582104;195581991;195582352;195477619;195477613;195581177;195478126;195478125;195478124;195478123;195478122;195478121;195478120;195477985;195477986;195478032;195478034,9/12 7:30PM (OSU @ TEX)
Carson Berger - Showdown Captain Mode (Flex),195582379;195582460;195580463;195582104;195581991;195582352;195477619;195477613;195581177;195478126;195478125;195478124;195478123;195478122;195478121;195478120;195477985;195477986;195478032;195478034,1462696,44095762,Carson Berger,Carson,Berger,1000,RB,TEX,OSU @ TEX,09/12/2026 07:30 PM,https://dkn.gs/sports/images/cfb/teams/50/8240.png,OSU @ TEX,Showdown Captain Mode,CFB,9/12,Flex,"CFB Showdown $240 Huddle [Single Entry] (OSU @ TEX);CFB Showdown $100 Redshirt [Single Entry] (OSU @ TEX);CFB Showdown $408 Winner Take All [$1.5K to 1st, Must Fill] (OSU @ TEX);CFB Showdown $530 Winner Take All [Must Fill] (OSU @ TEX);CFB Showdown $50 Quarter Jukebox [Just $0.25!] (OSU @ TEX);CFB Showdown $267 Winner Take All [Must Fill] (OSU @ TEX);CFB Showdown Satellite to NHL 11-3 $555 Barn Burner [Must Fill] (OSU @ TEX);CFB Showdown $100 Winner Take All [$460 to 1st] (Must Fill) (OSU @ TEX);CFB Showdown Satellite to NHL 9-29 $15 Opening Night Puck Drop [Must Fill] (OSU @ TEX);CFB Showdown Satellite to CFB $555 Mid-Season Main Event (10-10) (OSU @ TEX)",195582379;195582460;195580463;195582104;195581991;195582352;195477619;195477613;195581177;195478126;195478125;195478124;195478123;195478122;195478121;195478120;195477985;195477986;195478032;195478034,9/12 7:30PM (OSU @ TEX)
Derrek Cooper - Showdown Captain Mode (Flex),195582379;195582460;195580463;195582104;195581991;195582352;195477619;195477613;195581177;195478126;195478125;195478124;195478123;195478122;195478121;195478120;195477985;195477986;195478032;195478034,1645899,44095763,Derrek Cooper,Derrek,Cooper,1000,RB,TEX,OSU @ TEX,09/12/2026 07:30 PM,https://dkn.gs/sports/images/cfb/teams/50/8240.png,OSU @ TEX,Showdown Captain Mode,CFB,9/12,Flex,"CFB Showdown $240 Huddle [Single Entry] (OSU @ TEX);CFB Showdown $100 Redshirt [Single Entry] (OSU @ TEX);CFB Showdown $408 Winner Take All [$1.5K to 1st, Must Fill] (OSU @ TEX);CFB Showdown $530 Winner Take All [Must Fill] (OSU @ TEX);CFB Showdown $50 Quarter Jukebox [Just $0.25!] (OSU @ TEX);CFB Showdown $267 Winner Take All [Must Fill] (OSU @ TEX);CFB Showdown Satellite to NHL 11-3 $555 Barn Burner [Must Fill] (OSU @ TEX);CFB Showdown $100 Winner Take All [$460 to 1st] (Must Fill) (OSU @ TEX);CFB Showdown Satellite to NHL 9-29 $15 Opening Night Puck Drop [Must Fill] (OSU @ TEX);CFB Showdown Satellite to CFB $555 Mid-Season Main Event (10-10) (OSU @ TEX)",195582379;195582460;195580463;195582104;195581991;195582352;195477619;195477613;195581177;195478126;195478125;195478124;195478123;195478122;195478121;195478120;195477985;195477986;195478032;195478034,9/12 7:30PM (OSU @ TEX)
Michael Terry III - Showdown Captain Mode (Flex),195582379;195582460;195580463;195582104;195581991;195582352;195477619;195477613;195581177;195478126;195478125;195478124;195478123;195478122;195478121;195478120;195477985;195477986;195478032;195478034,1582508,44095764,Michael Terry III,Michael,Terry III,1000,RB,TEX,OSU @ TEX,09/12/2026 07:30 PM,https://dkn.gs/sports/images/cfb/teams/50/8240.png,OSU @ TEX,Showdown Captain Mode,CFB,9/12,Flex,"CFB Showdown $240 Huddle [Single Entry] (OSU @ TEX);CFB Showdown $100 Redshirt [Single Entry] (OSU @ TEX);CFB Showdown $408 Winner Take All [$1.5K to 1st, Must Fill] (OSU @ TEX);CFB Showdown $530 Winner Take All [Must Fill] (OSU @ TEX);CFB Showdown $50 Quarter Jukebox [Just $0.25!] (OSU @ TEX);CFB Showdown $267 Winner Take All [Must Fill] (OSU @ TEX);CFB Showdown Satellite to NHL 11-3 $555 Barn Burner [Must Fill] (OSU @ TEX);CFB Showdown $100 Winner Take All [$460 to 1st] (Must Fill) (OSU @ TEX);CFB Showdown Satellite to NHL 9-29 $15 Opening Night Puck Drop [Must Fill] (OSU @ TEX);CFB Showdown Satellite to CFB $555 Mid-Season Main Event (10-10) (OSU @ TEX)",195582379;195582460;195580463;195582104;195581991;195582352;195477619;195477613;195581177;195478126;195478125;195478124;195478123;195478122;195478121;195478120;195477985;195477986;195478032;195478034,9/12 7:30PM (OSU @ TEX)
Hunter Welcing - Showdown Captain Mode (Flex),195582379;195582460;195580463;195582104;195581991;195582352;195477619;195477613;195581177;195478126;195478125;195478124;195478123;195478122;195478121;195478120;195477985;195477986;195478032;195478034,1214039,44095765,Hunter Welcing,Hunter,Welcing,1000,WR,OSU,OSU @ TEX,09/12/2026 07:30 PM,https://dkn.gs/sports/images/cfb/teams/50/7874.png,OSU @ TEX,Showdown Captain Mode,CFB,9/12,Flex,"CFB Showdown $240 Huddle [Single Entry] (OSU @ TEX);CFB Showdown $100 Redshirt [Single Entry] (OSU @ TEX);CFB Showdown $408 Winner Take All [$1.5K to 1st, Must Fill] (OSU @ TEX);CFB Showdown $530 Winner Take All [Must Fill] (OSU @ TEX);CFB Showdown $50 Quarter Jukebox [Just $0.25!] (OSU @ TEX);CFB Showdown $267 Winner Take All [Must Fill] (OSU @ TEX);CFB Showdown Satellite to NHL 11-3 $555 Barn Burner [Must Fill] (OSU @ TEX);CFB Showdown $100 Winner Take All [$460 to 1st] (Must Fill) (OSU @ TEX);CFB Showdown Satellite to NHL 9-29 $15 Opening Night Puck Drop [Must Fill] (OSU @ TEX);CFB Showdown Satellite to CFB $555 Mid-Season Main Event (10-10) (OSU @ TEX)",195582379;195582460;195580463;195582104;195581991;195582352;195477619;195477613;195581177;195478126;195478125;195478124;195478123;195478122;195478121;195478120;195477985;195477986;195478032;195478034,9/12 7:30PM (OSU @ TEX)
Ty Boatright - Showdown Captain Mode (Flex),195582379;195582460;195580463;195582104;195581991;195582352;195477619;195477613;195581177;195478126;195478125;195478124;195478123;195478122;195478121;195478120;195477985;195477986;195478032;195478034,1455730,44095766,Ty Boatright,Ty,Boatright,1000,WR,TEX,OSU @ TEX,09/12/2026 07:30 PM,https://dkn.gs/sports/images/cfb/teams/50/8240.png,OSU @ TEX,Showdown Captain Mode,CFB,9/12,Flex,"CFB Showdown $240 Huddle [Single Entry] (OSU @ TEX);CFB Showdown $100 Redshirt [Single Entry] (OSU @ TEX);CFB Showdown $408 Winner Take All [$1.5K to 1st, Must Fill] (OSU @ TEX);CFB Showdown $530 Winner Take All [Must Fill] (OSU @ TEX);CFB Showdown $50 Quarter Jukebox [Just $0.25!] (OSU @ TEX);CFB Showdown $267 Winner Take All [Must Fill] (OSU @ TEX);CFB Showdown Satellite to NHL 11-3 $555 Barn Burner [Must Fill] (OSU @ TEX);CFB Showdown $100 Winner Take All [$460 to 1st] (Must Fill) (OSU @ TEX);CFB Showdown Satellite to NHL 9-29 $15 Opening Night Puck Drop [Must Fill] (OSU @ TEX);CFB Showdown Satellite to CFB $555 Mid-Season Main Event (10-10) (OSU @ TEX)",195582379;195582460;195580463;195582104;195581991;195582352;195477619;195477613;195581177;195478126;195478125;195478124;195478123;195478122;195478121;195478120;195477985;195477986;195478032;195478034,9/12 7:30PM (OSU @ TEX)
Jerquaden Guilford - Showdown Captain Mode (Flex),195582379;195582460;195580463;195582104;195581991;195582352;195477619;195477613;195581177;195478126;195478125;195478124;195478123;195478122;195478121;195478120;195477985;195477986;195478032;195478034,1649752,44095767,Jerquaden Guilford,Jerquaden,Guilford,1000,WR,OSU,OSU @ TEX,09/12/2026 07:30 PM,https://dkn.gs/sports/images/cfb/teams/50/7874.png,OSU @ TEX,Showdown Captain Mode,CFB,9/12,Flex,"CFB Showdown $240 Huddle [Single Entry] (OSU @ TEX);CFB Showdown $100 Redshirt [Single Entry] (OSU @ TEX);CFB Showdown $408 Winner Take All [$1.5K to 1st, Must Fill] (OSU @ TEX);CFB Showdown $530 Winner Take All [Must Fill] (OSU @ TEX);CFB Showdown $50 Quarter Jukebox [Just $0.25!] (OSU @ TEX);CFB Showdown $267 Winner Take All [Must Fill] (OSU @ TEX);CFB Showdown Satellite to NHL 11-3 $555 Barn Burner [Must Fill] (OSU @ TEX);CFB Showdown $100 Winner Take All [$460 to 1st] (Must Fill) (OSU @ TEX);CFB Showdown Satellite to NHL 9-29 $15 Opening Night Puck Drop [Must Fill] (OSU @ TEX);CFB Showdown Satellite to CFB $555 Mid-Season Main Event (10-10) (OSU @ TEX)",195582379;195582460;195580463;195582104;195581991;195582352;195477619;195477613;195581177;195478126;195478125;195478124;195478123;195478122;195478121;195478120;195477985;195477986;195478032;195478034,9/12 7:30PM (OSU @ TEX)
Brennen Schramm - Showdown Captain Mode (Flex),195582379;195582460;195580463;195582104;195581991;195582352;195477619;195477613;195581177;195478126;195478125;195478124;195478123;195478122;195478121;195478120;195477985;195477986;195478032;195478034,1452648,44095768,Brennen Schramm,Brennen,Schramm,1000,WR,OSU,OSU @ TEX,09/12/2026 07:30 PM,https://dkn.gs/sports/images/cfb/teams/50/7874.png,OSU @ TEX,Showdown Captain Mode,CFB,9/12,Flex,"CFB Showdown $240 Huddle [Single Entry] (OSU @ TEX);CFB Showdown $100 Redshirt [Single Entry] (OSU @ TEX);CFB Showdown $408 Winner Take All [$1.5K to 1st, Must Fill] (OSU @ TEX);CFB Showdown $530 Winner Take All [Must Fill] (OSU @ TEX);CFB Showdown $50 Quarter Jukebox [Just $0.25!] (OSU @ TEX);CFB Showdown $267 Winner Take All [Must Fill] (OSU @ TEX);CFB Showdown Satellite to NHL 11-3 $555 Barn Burner [Must Fill] (OSU @ TEX);CFB Showdown $100 Winner Take All [$460 to 1st] (Must Fill) (OSU @ TEX);CFB Showdown Satellite to NHL 9-29 $15 Opening Night Puck Drop [Must Fill] (OSU @ TEX);CFB Showdown Satellite to CFB $555 Mid-Season Main Event (10-10) (OSU @ TEX)",195582379;195582460;195580463;195582104;195581991;195582352;195477619;195477613;195581177;195478126;195478125;195478124;195478123;195478122;195478121;195478120;195477985;195477986;195478032;195478034,9/12 7:30PM (OSU @ TEX)
Frankie McAllister - Showdown Captain Mode (Flex),195582379;195582460;195580463;195582104;195581991;195582352;195477619;195477613;195581177;195478126;195478125;195478124;195478123;195478122;195478121;195478120;195477985;195477986;195478032;195478034,1653719,44095769,Frankie McAllister,Frankie,McAllister,1000,WR,OSU,OSU @ TEX,09/12/2026 07:30 PM,https://dkn.gs/sports/images/cfb/teams/50/7874.png,OSU @ TEX,Showdown Captain Mode,CFB,9/12,Flex,"CFB Showdown $240 Huddle [Single Entry] (OSU @ TEX);CFB Showdown $100 Redshirt [Single Entry] (OSU @ TEX);CFB Showdown $408 Winner Take All [$1.5K to 1st, Must Fill] (OSU @ TEX);CFB Showdown $530 Winner Take All [Must Fill] (OSU @ TEX);CFB Showdown $50 Quarter Jukebox [Just $0.25!] (OSU @ TEX);CFB Showdown $267 Winner Take All [Must Fill] (OSU @ TEX);CFB Showdown Satellite to NHL 11-3 $555 Barn Burner [Must Fill] (OSU @ TEX);CFB Showdown $100 Winner Take All [$460 to 1st] (Must Fill) (OSU @ TEX);CFB Showdown Satellite to NHL 9-29 $15 Opening Night Puck Drop [Must Fill] (OSU @ TEX);CFB Showdown Satellite to CFB $555 Mid-Season Main Event (10-10) (OSU @ TEX)",195582379;195582460;195580463;195582104;195581991;195582352;195477619;195477613;195581177;195478126;195478125;195478124;195478123;195478122;195478121;195478120;195477985;195477986;195478032;195478034,9/12 7:30PM (OSU @ TEX)
Chris Stewart - Showdown Captain Mode (Flex),195582379;195582460;195580463;195582104;195581991;195582352;195477619;195477613;195581177;195478126;195478125;195478124;195478123;195478122;195478121;195478120;195477985;195477986;195478032;195478034,1645912,44095770,Chris Stewart,Chris,Stewart,1000,WR,TEX,OSU @ TEX,09/12/2026 07:30 PM,https://dkn.gs/sports/images/cfb/teams/50/8240.png,OSU @ TEX,Showdown Captain Mode,CFB,9/12,Flex,"CFB Showdown $240 Huddle [Single Entry] (OSU @ TEX);CFB Showdown $100 Redshirt [Single Entry] (OSU @ TEX);CFB Showdown $408 Winner Take All [$1.5K to 1st, Must Fill] (OSU @ TEX);CFB Showdown $530 Winner Take All [Must Fill] (OSU @ TEX);CFB Showdown $50 Quarter Jukebox [Just $0.25!] (OSU @ TEX);CFB Showdown $267 Winner Take All [Must Fill] (OSU @ TEX);CFB Showdown Satellite to NHL 11-3 $555 Barn Burner [Must Fill] (OSU @ TEX);CFB Showdown $100 Winner Take All [$460 to 1st] (Must Fill) (OSU @ TEX);CFB Showdown Satellite to NHL 9-29 $15 Opening Night Puck Drop [Must Fill] (OSU @ TEX);CFB Showdown Satellite to CFB $555 Mid-Season Main Event (10-10) (OSU @ TEX)",195582379;195582460;195580463;195582104;195581991;195582352;195477619;195477613;195581177;195478126;195478125;195478124;195478123;195478122;195478121;195478120;195477985;195477986;195478032;195478034,9/12 7:30PM (OSU @ TEX)
De'Zie Jones - Showdown Captain Mode (Flex),195582379;195582460;195580463;195582104;195581991;195582352;195477619;195477613;195581177;195478126;195478125;195478124;195478123;195478122;195478121;195478120;195477985;195477986;195478032;195478034,1583917,44095771,De'Zie Jones,De'Zie,Jones,1000,WR,OSU,OSU @ TEX,09/12/2026 07:30 PM,https://dkn.gs/sports/images/cfb/teams/50/7874.png,OSU @ TEX,Showdown Captain Mode,CFB,9/12,Flex,"CFB Showdown $240 Huddle [Single Entry] (OSU @ TEX);CFB Showdown $100 Redshirt [Single Entry] (OSU @ TEX);CFB Showdown $408 Winner Take All [$1.5K to 1st, Must Fill] (OSU @ TEX);CFB Showdown $530 Winner Take All [Must Fill] (OSU @ TEX);CFB Showdown $50 Quarter Jukebox [Just $0.25!] (OSU @ TEX);CFB Showdown $267 Winner Take All [Must Fill] (OSU @ TEX);CFB Showdown Satellite to NHL 11-3 $555 Barn Burner [Must Fill] (OSU @ TEX);CFB Showdown $100 Winner Take All [$460 to 1st] (Must Fill) (OSU @ TEX);CFB Showdown Satellite to NHL 9-29 $15 Opening Night Puck Drop [Must Fill] (OSU @ TEX);CFB Showdown Satellite to CFB $555 Mid-Season Main Event (10-10) (OSU @ TEX)",195582379;195582460;195580463;195582104;195581991;195582352;195477619;195477613;195581177;195478126;195478125;195478124;195478123;195478122;195478121;195478120;195477985;195477986;195478032;195478034,9/12 7:30PM (OSU @ TEX)
Nolan Baudo - Showdown Captain Mode (Flex),195582379;195582460;195580463;195582104;195581991;195582352;195477619;195477613;195581177;195478126;195478125;195478124;195478123;195478122;195478121;195478120;195477985;195477986;195478032;195478034,1451075,44095772,Nolan Baudo,Nolan,Baudo,1000,WR,OSU,OSU @ TEX,09/12/2026 07:30 PM,https://dkn.gs/sports/images/cfb/teams/50/7874.png,OSU @ TEX,Showdown Captain Mode,CFB,9/12,Flex,"CFB Showdown $240 Huddle [Single Entry] (OSU @ TEX);CFB Showdown $100 Redshirt [Single Entry] (OSU @ TEX);CFB Showdown $408 Winner Take All [$1.5K to 1st, Must Fill] (OSU @ TEX);CFB Showdown $530 Winner Take All [Must Fill] (OSU @ TEX);CFB Showdown $50 Quarter Jukebox [Just $0.25!] (OSU @ TEX);CFB Showdown $267 Winner Take All [Must Fill] (OSU @ TEX);CFB Showdown Satellite to NHL 11-3 $555 Barn Burner [Must Fill] (OSU @ TEX);CFB Showdown $100 Winner Take All [$460 to 1st] (Must Fill) (OSU @ TEX);CFB Showdown Satellite to NHL 9-29 $15 Opening Night Puck Drop [Must Fill] (OSU @ TEX);CFB Showdown Satellite to CFB $555 Mid-Season Main Event (10-10) (OSU @ TEX)",195582379;195582460;195580463;195582104;195581991;195582352;195477619;195477613;195581177;195478126;195478125;195478124;195478123;195478122;195478121;195478120;195477985;195477986;195478032;195478034,9/12 7:30PM (OSU @ TEX)
Kyle Parker - Showdown Captain Mode (Flex),195582379;195582460;195580463;195582104;195581991;195582352;195477619;195477613;195581177;195478126;195478125;195478124;195478123;195478122;195478121;195478120;195477985;195477986;195478032;195478034,1441027,44095773,Kyle Parker,Kyle,Parker,1000,WR,OSU,OSU @ TEX,09/12/2026 07:30 PM,https://dkn.gs/sports/images/cfb/teams/50/7874.png,OSU @ TEX,Showdown Captain Mode,CFB,9/12,Flex,"CFB Showdown $240 Huddle [Single Entry] (OSU @ TEX);CFB Showdown $100 Redshirt [Single Entry] (OSU @ TEX);CFB Showdown $408 Winner Take All [$1.5K to 1st, Must Fill] (OSU @ TEX);CFB Showdown $530 Winner Take All [Must Fill] (OSU @ TEX);CFB Showdown $50 Quarter Jukebox [Just $0.25!] (OSU @ TEX);CFB Showdown $267 Winner Take All [Must Fill] (OSU @ TEX);CFB Showdown Satellite to NHL 11-3 $555 Barn Burner [Must Fill] (OSU @ TEX);CFB Showdown $100 Winner Take All [$460 to 1st] (Must Fill) (OSU @ TEX);CFB Showdown Satellite to NHL 9-29 $15 Opening Night Puck Drop [Must Fill] (OSU @ TEX);CFB Showdown Satellite to CFB $555 Mid-Season Main Event (10-10) (OSU @ TEX)",195582379;195582460;195580463;195582104;195581991;195582352;195477619;195477613;195581177;195478126;195478125;195478124;195478123;195478122;195478121;195478120;195477985;195477986;195478032;195478034,9/12 7:30PM (OSU @ TEX)
Spencer Shannon - Showdown Captain Mode (Flex),195582379;195582460;195580463;195582104;195581991;195582352;195477619;195477613;195581177;195478126;195478125;195478124;195478123;195478122;195478121;195478120;195477985;195477986;195478032;195478034,1455728,44095774,Spencer Shannon,Spencer,Shannon,1000,WR,TEX,OSU @ TEX,09/12/2026 07:30 PM,https://dkn.gs/sports/images/cfb/teams/50/8240.png,OSU @ TEX,Showdown Captain Mode,CFB,9/12,Flex,"CFB Showdown $240 Huddle [Single Entry] (OSU @ TEX);CFB Showdown $100 Redshirt [Single Entry] (OSU @ TEX);CFB Showdown $408 Winner Take All [$1.5K to 1st, Must Fill] (OSU @ TEX);CFB Showdown $530 Winner Take All [Must Fill] (OSU @ TEX);CFB Showdown $50 Quarter Jukebox [Just $0.25!] (OSU @ TEX);CFB Showdown $267 Winner Take All [Must Fill] (OSU @ TEX);CFB Showdown Satellite to NHL 11-3 $555 Barn Burner [Must Fill] (OSU @ TEX);CFB Showdown $100 Winner Take All [$460 to 1st] (Must Fill) (OSU @ TEX);CFB Showdown Satellite to NHL 9-29 $15 Opening Night Puck Drop [Must Fill] (OSU @ TEX);CFB Showdown Satellite to CFB $555 Mid-Season Main Event (10-10) (OSU @ TEX)",195582379;195582460;195580463;195582104;195581991;195582352;195477619;195477613;195581177;195478126;195478125;195478124;195478123;195478122;195478121;195478120;195477985;195477986;195478032;195478034,9/12 7:30PM (OSU @ TEX)
Bennett Christian - Showdown Captain Mode (Flex),195582379;195582460;195580463;195582104;195581991;195582352;195477619;195477613;195581177;195478126;195478125;195478124;195478123;195478122;195478121;195478120;195477985;195477986;195478032;195478034,1379231,44095775,Bennett Christian,Bennett,Christian,1000,WR,OSU,OSU @ TEX,09/12/2026 07:30 PM,https://dkn.gs/sports/images/cfb/teams/50/7874.png,OSU @ TEX,Showdown Captain Mode,CFB,9/12,Flex,"CFB Showdown $240 Huddle [Single Entry] (OSU @ TEX);CFB Showdown $100 Redshirt [Single Entry] (OSU @ TEX);CFB Showdown $408 Winner Take All [$1.5K to 1st, Must Fill] (OSU @ TEX);CFB Showdown $530 Winner Take All [Must Fill] (OSU @ TEX);CFB Showdown $50 Quarter Jukebox [Just $0.25!] (OSU @ TEX);CFB Showdown $267 Winner Take All [Must Fill] (OSU @ TEX);CFB Showdown Satellite to NHL 11-3 $555 Barn Burner [Must Fill] (OSU @ TEX);CFB Showdown $100 Winner Take All [$460 to 1st] (Must Fill) (OSU @ TEX);CFB Showdown Satellite to NHL 9-29 $15 Opening Night Puck Drop [Must Fill] (OSU @ TEX);CFB Showdown Satellite to CFB $555 Mid-Season Main Event (10-10) (OSU @ TEX)",195582379;195582460;195580463;195582104;195581991;195582352;195477619;195477613;195581177;195478126;195478125;195478124;195478123;195478122;195478121;195478120;195477985;195477986;195478032;195478034,9/12 7:30PM (OSU @ TEX)
Bryce Chambers - Showdown Captain Mode (Flex),195582379;195582460;195580463;195582104;195581991;195582352;195477619;195477613;195581177;195478126;195478125;195478124;195478123;195478122;195478121;195478120;195477985;195477986;195478032;195478034,1455722,44095776,Bryce Chambers,Bryce,Chambers,1000,WR,TEX,OSU @ TEX,09/12/2026 07:30 PM,https://dkn.gs/sports/images/cfb/teams/50/8240.png,OSU @ TEX,Showdown Captain Mode,CFB,9/12,Flex,"CFB Showdown $240 Huddle [Single Entry] (OSU @ TEX);CFB Showdown $100 Redshirt [Single Entry] (OSU @ TEX);CFB Showdown $408 Winner Take All [$1.5K to 1st, Must Fill] (OSU @ TEX);CFB Showdown $530 Winner Take All [Must Fill] (OSU @ TEX);CFB Showdown $50 Quarter Jukebox [Just $0.25!] (OSU @ TEX);CFB Showdown $267 Winner Take All [Must Fill] (OSU @ TEX);CFB Showdown Satellite to NHL 11-3 $555 Barn Burner [Must Fill] (OSU @ TEX);CFB Showdown $100 Winner Take All [$460 to 1st] (Must Fill) (OSU @ TEX);CFB Showdown Satellite to NHL 9-29 $15 Opening Night Puck Drop [Must Fill] (OSU @ TEX);CFB Showdown Satellite to CFB $555 Mid-Season Main Event (10-10) (OSU @ TEX)",195582379;195582460;195580463;195582104;195581991;195582352;195477619;195477613;195581177;195478126;195478125;195478124;195478123;195478122;195478121;195478120;195477985;195477986;195478032;195478034,9/12 7:30PM (OSU @ TEX)
Ryan Seimetz - Showdown Captain Mode (Flex),195582379;195582460;195580463;195582104;195581991;195582352;195477619;195477613;195581177;195478126;195478125;195478124;195478123;195478122;195478121;195478120;195477985;195477986;195478032;195478034,1653717,44095777,Ryan Seimetz,Ryan,Seimetz,1000,WR,OSU,OSU @ TEX,09/12/2026 07:30 PM,https://dkn.gs/sports/images/cfb/teams/50/7874.png,OSU @ TEX,Showdown Captain Mode,CFB,9/12,Flex,"CFB Showdown $240 Huddle [Single Entry] (OSU @ TEX);CFB Showdown $100 Redshirt [Single Entry] (OSU @ TEX);CFB Showdown $408 Winner Take All [$1.5K to 1st, Must Fill] (OSU @ TEX);CFB Showdown $530 Winner Take All [Must Fill] (OSU @ TEX);CFB Showdown $50 Quarter Jukebox [Just $0.25!] (OSU @ TEX);CFB Showdown $267 Winner Take All [Must Fill] (OSU @ TEX);CFB Showdown Satellite to NHL 11-3 $555 Barn Burner [Must Fill] (OSU @ TEX);CFB Showdown $100 Winner Take All [$460 to 1st] (Must Fill) (OSU @ TEX);CFB Showdown Satellite to NHL 9-29 $15 Opening Night Puck Drop [Must Fill] (OSU @ TEX);CFB Showdown Satellite to CFB $555 Mid-Season Main Event (10-10) (OSU @ TEX)",195582379;195582460;195580463;195582104;195581991;195582352;195477619;195477613;195581177;195478126;195478125;195478124;195478123;195478122;195478121;195478120;195477985;195477986;195478032;195478034,9/12 7:30PM (OSU @ TEX)
Brody Lennon - Showdown Captain Mode (Flex),195582379;195582460;195580463;195582104;195581991;195582352;195477619;195477613;195581177;195478126;195478125;195478124;195478123;195478122;195478121;195478120;195477985;195477986;195478032;195478034,1601202,44095778,Brody Lennon,Brody,Lennon,1000,WR,OSU,OSU @ TEX,09/12/2026 07:30 PM,https://dkn.gs/sports/images/cfb/teams/50/7874.png,OSU @ TEX,Showdown Captain Mode,CFB,9/12,Flex,"CFB Showdown $240 Huddle [Single Entry] (OSU @ TEX);CFB Showdown $100 Redshirt [Single Entry] (OSU @ TEX);CFB Showdown $408 Winner Take All [$1.5K to 1st, Must Fill] (OSU @ TEX);CFB Showdown $530 Winner Take All [Must Fill] (OSU @ TEX);CFB Showdown $50 Quarter Jukebox [Just $0.25!] (OSU @ TEX);CFB Showdown $267 Winner Take All [Must Fill] (OSU @ TEX);CFB Showdown Satellite to NHL 11-3 $555 Barn Burner [Must Fill] (OSU @ TEX);CFB Showdown $100 Winner Take All [$460 to 1st] (Must Fill) (OSU @ TEX);CFB Showdown Satellite to NHL 9-29 $15 Opening Night Puck Drop [Must Fill] (OSU @ TEX);CFB Showdown Satellite to CFB $555 Mid-Season Main Event (10-10) (OSU @ TEX)",195582379;195582460;195580463;195582104;195581991;195582352;195477619;195477613;195581177;195478126;195478125;195478124;195478123;195478122;195478121;195478120;195477985;195477986;195478032;195478034,9/12 7:30PM (OSU @ TEX)
David Adolph - Showdown Captain Mode (Flex),195582379;195582460;195580463;195582104;195581991;195582352;195477619;195477613;195581177;195478126;195478125;195478124;195478123;195478122;195478121;195478120;195477985;195477986;195478032;195478034,1398685,44095779,David Adolph,David,Adolph,1000,WR,OSU,OSU @ TEX,09/12/2026 07:30 PM,https://dkn.gs/sports/images/cfb/teams/50/7874.png,OSU @ TEX,Showdown Captain Mode,CFB,9/12,Flex,"CFB Showdown $240 Huddle [Single Entry] (OSU @ TEX);CFB Showdown $100 Redshirt [Single Entry] (OSU @ TEX);CFB Showdown $408 Winner Take All [$1.5K to 1st, Must Fill] (OSU @ TEX);CFB Showdown $530 Winner Take All [Must Fill] (OSU @ TEX);CFB Showdown $50 Quarter Jukebox [Just $0.25!] (OSU @ TEX);CFB Showdown $267 Winner Take All [Must Fill] (OSU @ TEX);CFB Showdown Satellite to NHL 11-3 $555 Barn Burner [Must Fill] (OSU @ TEX);CFB Showdown $100 Winner Take All [$460 to 1st] (Must Fill) (OSU @ TEX);CFB Showdown Satellite to NHL 9-29 $15 Opening Night Puck Drop [Must Fill] (OSU @ TEX);CFB Showdown Satellite to CFB $555 Mid-Season Main Event (10-10) (OSU @ TEX)",195582379;195582460;195580463;195582104;195581991;195582352;195477619;195477613;195581177;195478126;195478125;195478124;195478123;195478122;195478121;195478120;195477985;195477986;195478032;195478034,9/12 7:30PM (OSU @ TEX)
Daylan McCutcheon - Showdown Captain Mode (Flex),195582379;195582460;195580463;195582104;195581991;195582352;195477619;195477613;195581177;195478126;195478125;195478124;195478123;195478122;195478121;195478120;195477985;195477986;195478032;195478034,1582518,44095780,Daylan McCutcheon,Daylan,McCutcheon,1000,WR,TEX,OSU @ TEX,09/12/2026 07:30 PM,https://dkn.gs/sports/images/cfb/teams/50/8240.png,OSU @ TEX,Showdown Captain Mode,CFB,9/12,Flex,"CFB Showdown $240 Huddle [Single Entry] (OSU @ TEX);CFB Showdown $100 Redshirt [Single Entry] (OSU @ TEX);CFB Showdown $408 Winner Take All [$1.5K to 1st, Must Fill] (OSU @ TEX);CFB Showdown $530 Winner Take All [Must Fill] (OSU @ TEX);CFB Showdown $50 Quarter Jukebox [Just $0.25!] (OSU @ TEX);CFB Showdown $267 Winner Take All [Must Fill] (OSU @ TEX);CFB Showdown Satellite to NHL 11-3 $555 Barn Burner [Must Fill] (OSU @ TEX);CFB Showdown $100 Winner Take All [$460 to 1st] (Must Fill) (OSU @ TEX);CFB Showdown Satellite to NHL 9-29 $15 Opening Night Puck Drop [Must Fill] (OSU @ TEX);CFB Showdown Satellite to CFB $555 Mid-Season Main Event (10-10) (OSU @ TEX)",195582379;195582460;195580463;195582104;195581991;195582352;195477619;195477613;195581177;195478126;195478125;195478124;195478123;195478122;195478121;195478120;195477985;195477986;195478032;195478034,9/12 7:30PM (OSU @ TEX)
Phillip Bell - Showdown Captain Mode (Flex),195582379;195582460;195580463;195582104;195581991;195582352;195477619;195477613;195581177;195478126;195478125;195478124;195478123;195478122;195478121;195478120;195477985;195477986;195478032;195478034,1583914,44095781,Phillip Bell,Phillip,Bell,1000,WR,OSU,OSU @ TEX,09/12/2026 07:30 PM,https://dkn.gs/sports/images/cfb/teams/50/7874.png,OSU @ TEX,Showdown Captain Mode,CFB,9/12,Flex,"CFB Showdown $240 Huddle [Single Entry] (OSU @ TEX);CFB Showdown $100 Redshirt [Single Entry] (OSU @ TEX);CFB Showdown $408 Winner Take All [$1.5K to 1st, Must Fill] (OSU @ TEX);CFB Showdown $530 Winner Take All [Must Fill] (OSU @ TEX);CFB Showdown $50 Quarter Jukebox [Just $0.25!] (OSU @ TEX);CFB Showdown $267 Winner Take All [Must Fill] (OSU @ TEX);CFB Showdown Satellite to NHL 11-3 $555 Barn Burner [Must Fill] (OSU @ TEX);CFB Showdown $100 Winner Take All [$460 to 1st] (Must Fill) (OSU @ TEX);CFB Showdown Satellite to NHL 9-29 $15 Opening Night Puck Drop [Must Fill] (OSU @ TEX);CFB Showdown Satellite to CFB $555 Mid-Season Main Event (10-10) (OSU @ TEX)",195582379;195582460;195580463;195582104;195581991;195582352;195477619;195477613;195581177;195478126;195478125;195478124;195478123;195478122;195478121;195478120;195477985;195477986;195478032;195478034,9/12 7:30PM (OSU @ TEX)
Will Randle - Showdown Captain Mode (Flex),195582379;195582460;195580463;195582104;195581991;195582352;195477619;195477613;195581177;195478126;195478125;195478124;195478123;195478122;195478121;195478120;195477985;195477986;195478032;195478034,1455729,44095782,Will Randle,Will,Randle,1000,WR,TEX,OSU @ TEX,09/12/2026 07:30 PM,https://dkn.gs/sports/images/cfb/teams/50/8240.png,OSU @ TEX,Showdown Captain Mode,CFB,9/12,Flex,"CFB Showdown $240 Huddle [Single Entry] (OSU @ TEX);CFB Showdown $100 Redshirt [Single Entry] (OSU @ TEX);CFB Showdown $408 Winner Take All [$1.5K to 1st, Must Fill] (OSU @ TEX);CFB Showdown $530 Winner Take All [Must Fill] (OSU @ TEX);CFB Showdown $50 Quarter Jukebox [Just $0.25!] (OSU @ TEX);CFB Showdown $267 Winner Take All [Must Fill] (OSU @ TEX);CFB Showdown Satellite to NHL 11-3 $555 Barn Burner [Must Fill] (OSU @ TEX);CFB Showdown $100 Winner Take All [$460 to 1st] (Must Fill) (OSU @ TEX);CFB Showdown Satellite to NHL 9-29 $15 Opening Night Puck Drop [Must Fill] (OSU @ TEX);CFB Showdown Satellite to CFB $555 Mid-Season Main Event (10-10) (OSU @ TEX)",195582379;195582460;195580463;195582104;195581991;195582352;195477619;195477613;195581177;195478126;195478125;195478124;195478123;195478122;195478121;195478120;195477985;195477986;195478032;195478034,9/12 7:30PM (OSU @ TEX)
Charlie Jilek - Showdown Captain Mode (Flex),195582379;195582460;195580463;195582104;195581991;195582352;195477619;195477613;195581177;195478126;195478125;195478124;195478123;195478122;195478121;195478120;195477985;195477986;195478032;195478034,1645965,44095783,Charlie Jilek,Charlie,Jilek,1000,WR,TEX,OSU @ TEX,09/12/2026 07:30 PM,https://dkn.gs/sports/images/cfb/teams/50/8240.png,OSU @ TEX,Showdown Captain Mode,CFB,9/12,Flex,"CFB Showdown $240 Huddle [Single Entry] (OSU @ TEX);CFB Showdown $100 Redshirt [Single Entry] (OSU @ TEX);CFB Showdown $408 Winner Take All [$1.5K to 1st, Must Fill] (OSU @ TEX);CFB Showdown $530 Winner Take All [Must Fill] (OSU @ TEX);CFB Showdown $50 Quarter Jukebox [Just $0.25!] (OSU @ TEX);CFB Showdown $267 Winner Take All [Must Fill] (OSU @ TEX);CFB Showdown Satellite to NHL 11-3 $555 Barn Burner [Must Fill] (OSU @ TEX);CFB Showdown $100 Winner Take All [$460 to 1st] (Must Fill) (OSU @ TEX);CFB Showdown Satellite to NHL 9-29 $15 Opening Night Puck Drop [Must Fill] (OSU @ TEX);CFB Showdown Satellite to CFB $555 Mid-Season Main Event (10-10) (OSU @ TEX)",195582379;195582460;195580463;195582104;195581991;195582352;195477619;195477613;195581177;195478126;195478125;195478124;195478123;195478122;195478121;195478120;195477985;195477986;195478032;195478034,9/12 7:30PM (OSU @ TEX)
Nick Lautar - Showdown Captain Mode (Flex),195582379;195582460;195580463;195582104;195581991;195582352;195477619;195477613;195581177;195478126;195478125;195478124;195478123;195478122;195478121;195478120;195477985;195477986;195478032;195478034,1649794,44095784,Nick Lautar,Nick,Lautar,1000,WR,OSU,OSU @ TEX,09/12/2026 07:30 PM,https://dkn.gs/sports/images/cfb/teams/50/7874.png,OSU @ TEX,Showdown Captain Mode,CFB,9/12,Flex,"CFB Showdown $240 Huddle [Single Entry] (OSU @ TEX);CFB Showdown $100 Redshirt [Single Entry] (OSU @ TEX);CFB Showdown $408 Winner Take All [$1.5K to 1st, Must Fill] (OSU @ TEX);CFB Showdown $530 Winner Take All [Must Fill] (OSU @ TEX);CFB Showdown $50 Quarter Jukebox [Just $0.25!] (OSU @ TEX);CFB Showdown $267 Winner Take All [Must Fill] (OSU @ TEX);CFB Showdown Satellite to NHL 11-3 $555 Barn Burner [Must Fill] (OSU @ TEX);CFB Showdown $100 Winner Take All [$460 to 1st] (Must Fill) (OSU @ TEX);CFB Showdown Satellite to NHL 9-29 $15 Opening Night Puck Drop [Must Fill] (OSU @ TEX);CFB Showdown Satellite to CFB $555 Mid-Season Main Event (10-10) (OSU @ TEX)",195582379;195582460;195580463;195582104;195581991;195582352;195477619;195477613;195581177;195478126;195478125;195478124;195478123;195478122;195478121;195478120;195477985;195477986;195478032;195478034,9/12 7:30PM (OSU @ TEX)
Maxence LeBlanc - Showdown Captain Mode (Flex),195582379;195582460;195580463;195582104;195581991;195582352;195477619;195477613;195581177;195478126;195478125;195478124;195478123;195478122;195478121;195478120;195477985;195477986;195478032;195478034,1519340,44095785,Maxence LeBlanc,Maxence,LeBlanc,1000,WR,OSU,OSU @ TEX,09/12/2026 07:30 PM,https://dkn.gs/sports/images/cfb/teams/50/7874.png,OSU @ TEX,Showdown Captain Mode,CFB,9/12,Flex,"CFB Showdown $240 Huddle [Single Entry] (OSU @ TEX);CFB Showdown $100 Redshirt [Single Entry] (OSU @ TEX);CFB Showdown $408 Winner Take All [$1.5K to 1st, Must Fill] (OSU @ TEX);CFB Showdown $530 Winner Take All [Must Fill] (OSU @ TEX);CFB Showdown $50 Quarter Jukebox [Just $0.25!] (OSU @ TEX);CFB Showdown $267 Winner Take All [Must Fill] (OSU @ TEX);CFB Showdown Satellite to NHL 11-3 $555 Barn Burner [Must Fill] (OSU @ TEX);CFB Showdown $100 Winner Take All [$460 to 1st] (Must Fill) (OSU @ TEX);CFB Showdown Satellite to NHL 9-29 $15 Opening Night Puck Drop [Must Fill] (OSU @ TEX);CFB Showdown Satellite to CFB $555 Mid-Season Main Event (10-10) (OSU @ TEX)",195582379;195582460;195580463;195582104;195581991;195582352;195477619;195477613;195581177;195478126;195478125;195478124;195478123;195478122;195478121;195478120;195477985;195477986;195478032;195478034,9/12 7:30PM (OSU @ TEX)
Amari Valerio-Hudson - Showdown Captain Mode (Flex),195582379;195582460;195580463;195582104;195581991;195582352;195477619;195477613;195581177;195478126;195478125;195478124;195478123;195478122;195478121;195478120;195477985;195477986;195478032;195478034,1649776,44095786,Amari Valerio-Hudson,Amari,Valerio-Hudson,1000,WR,OSU,OSU @ TEX,09/12/2026 07:30 PM,https://dkn.gs/sports/images/cfb/teams/50/7874.png,OSU @ TEX,Showdown Captain Mode,CFB,9/12,Flex,"CFB Showdown $240 Huddle [Single Entry] (OSU @ TEX);CFB Showdown $100 Redshirt [Single Entry] (OSU @ TEX);CFB Showdown $408 Winner Take All [$1.5K to 1st, Must Fill] (OSU @ TEX);CFB Showdown $530 Winner Take All [Must Fill] (OSU @ TEX);CFB Showdown $50 Quarter Jukebox [Just $0.25!] (OSU @ TEX);CFB Showdown $267 Winner Take All [Must Fill] (OSU @ TEX);CFB Showdown Satellite to NHL 11-3 $555 Barn Burner [Must Fill] (OSU @ TEX);CFB Showdown $100 Winner Take All [$460 to 1st] (Must Fill) (OSU @ TEX);CFB Showdown Satellite to NHL 9-29 $15 Opening Night Puck Drop [Must Fill] (OSU @ TEX);CFB Showdown Satellite to CFB $555 Mid-Season Main Event (10-10) (OSU @ TEX)",195582379;195582460;195580463;195582104;195581991;195582352;195477619;195477613;195581177;195478126;195478125;195478124;195478123;195478122;195478121;195478120;195477985;195477986;195478032;195478034,9/12 7:30PM (OSU @ TEX)
Hudson Powell - Showdown Captain Mode (Flex),195582379;195582460;195580463;195582104;195581991;195582352;195477619;195477613;195581177;195478126;195478125;195478124;195478123;195478122;195478121;195478120;195477985;195477986;195478032;195478034,1537550,44095787,Hudson Powell,Hudson,Powell,1000,WR,TEX,OSU @ TEX,09/12/2026 07:30 PM,https://dkn.gs/sports/images/cfb/teams/50/8240.png,OSU @ TEX,Showdown Captain Mode,CFB,9/12,Flex,"CFB Showdown $240 Huddle [Single Entry] (OSU @ TEX);CFB Showdown $100 Redshirt [Single Entry] (OSU @ TEX);CFB Showdown $408 Winner Take All [$1.5K to 1st, Must Fill] (OSU @ TEX);CFB Showdown $530 Winner Take All [Must Fill] (OSU @ TEX);CFB Showdown $50 Quarter Jukebox [Just $0.25!] (OSU @ TEX);CFB Showdown $267 Winner Take All [Must Fill] (OSU @ TEX);CFB Showdown Satellite to NHL 11-3 $555 Barn Burner [Must Fill] (OSU @ TEX);CFB Showdown $100 Winner Take All [$460 to 1st] (Must Fill) (OSU @ TEX);CFB Showdown Satellite to NHL 9-29 $15 Opening Night Puck Drop [Must Fill] (OSU @ TEX);CFB Showdown Satellite to CFB $555 Mid-Season Main Event (10-10) (OSU @ TEX)",195582379;195582460;195580463;195582104;195581991;195582352;195477619;195477613;195581177;195478126;195478125;195478124;195478123;195478122;195478121;195478120;195477985;195477986;195478032;195478034,9/12 7:30PM (OSU @ TEX)
Kohen Brown - Showdown Captain Mode (Flex),195582379;195582460;195580463;195582104;195581991;195582352;195477619;195477613;195581177;195478126;195478125;195478124;195478123;195478122;195478121;195478120;195477985;195477986;195478032;195478034,1645910,44095788,Kohen Brown,Kohen,Brown,1000,WR,TEX,OSU @ TEX,09/12/2026 07:30 PM,https://dkn.gs/sports/images/cfb/teams/50/8240.png,OSU @ TEX,Showdown Captain Mode,CFB,9/12,Flex,"CFB Showdown $240 Huddle [Single Entry] (OSU @ TEX);CFB Showdown $100 Redshirt [Single Entry] (OSU @ TEX);CFB Showdown $408 Winner Take All [$1.5K to 1st, Must Fill] (OSU @ TEX);CFB Showdown $530 Winner Take All [Must Fill] (OSU @ TEX);CFB Showdown $50 Quarter Jukebox [Just $0.25!] (OSU @ TEX);CFB Showdown $267 Winner Take All [Must Fill] (OSU @ TEX);CFB Showdown Satellite to NHL 11-3 $555 Barn Burner [Must Fill] (OSU @ TEX);CFB Showdown $100 Winner Take All [$460 to 1st] (Must Fill) (OSU @ TEX);CFB Showdown Satellite to NHL 9-29 $15 Opening Night Puck Drop [Must Fill] (OSU @ TEX);CFB Showdown Satellite to CFB $555 Mid-Season Main Event (10-10) (OSU @ TEX)",195582379;195582460;195580463;195582104;195581991;195582352;195477619;195477613;195581177;195478126;195478125;195478124;195478123;195478122;195478121;195478120;195477985;195477986;195478032;195478034,9/12 7:30PM (OSU @ TEX)
Ridge Barker - Showdown Captain Mode (Flex),195582379;195582460;195580463;195582104;195581991;195582352;195477619;195477613;195581177;195478126;195478125;195478124;195478123;195478122;195478121;195478120;195477985;195477986;195478032;195478034,1521580,44095789,Ridge Barker,Ridge,Barker,1000,WR,TEX,OSU @ TEX,09/12/2026 07:30 PM,https://dkn.gs/sports/images/cfb/teams/50/8240.png,OSU @ TEX,Showdown Captain Mode,CFB,9/12,Flex,"CFB Showdown $240 Huddle [Single Entry] (OSU @ TEX);CFB Showdown $100 Redshirt [Single Entry] (OSU @ TEX);CFB Showdown $408 Winner Take All [$1.5K to 1st, Must Fill] (OSU @ TEX);CFB Showdown $530 Winner Take All [Must Fill] (OSU @ TEX);CFB Showdown $50 Quarter Jukebox [Just $0.25!] (OSU @ TEX);CFB Showdown $267 Winner Take All [Must Fill] (OSU @ TEX);CFB Showdown Satellite to NHL 11-3 $555 Barn Burner [Must Fill] (OSU @ TEX);CFB Showdown $100 Winner Take All [$460 to 1st] (Must Fill) (OSU @ TEX);CFB Showdown Satellite to NHL 9-29 $15 Opening Night Puck Drop [Must Fill] (OSU @ TEX);CFB Showdown Satellite to CFB $555 Mid-Season Main Event (10-10) (OSU @ TEX)",195582379;195582460;195580463;195582104;195581991;195582352;195477619;195477613;195581177;195478126;195478125;195478124;195478123;195478122;195478121;195478120;195477985;195477986;195478032;195478034,9/12 7:30PM (OSU @ TEX)
Jaeden Ricketts - Showdown Captain Mode (Flex),195582379;195582460;195580463;195582104;195581991;195582352;195477619;195477613;195581177;195478126;195478125;195478124;195478123;195478122;195478121;195478120;195477985;195477986;195478032;195478034,1649792,44095790,Jaeden Ricketts,Jaeden,Ricketts,1000,WR,OSU,OSU @ TEX,09/12/2026 07:30 PM,https://dkn.gs/sports/images/cfb/teams/50/7874.png,OSU @ TEX,Showdown Captain Mode,CFB,9/12,Flex,"CFB Showdown $240 Huddle [Single Entry] (OSU @ TEX);CFB Showdown $100 Redshirt [Single Entry] (OSU @ TEX);CFB Showdown $408 Winner Take All [$1.5K to 1st, Must Fill] (OSU @ TEX);CFB Showdown $530 Winner Take All [Must Fill] (OSU @ TEX);CFB Showdown $50 Quarter Jukebox [Just $0.25!] (OSU @ TEX);CFB Showdown $267 Winner Take All [Must Fill] (OSU @ TEX);CFB Showdown Satellite to NHL 11-3 $555 Barn Burner [Must Fill] (OSU @ TEX);CFB Showdown $100 Winner Take All [$460 to 1st] (Must Fill) (OSU @ TEX);CFB Showdown Satellite to NHL 9-29 $15 Opening Night Puck Drop [Must Fill] (OSU @ TEX);CFB Showdown Satellite to CFB $555 Mid-Season Main Event (10-10) (OSU @ TEX)",195582379;195582460;195580463;195582104;195581991;195582352;195477619;195477613;195581177;195478126;195478125;195478124;195478123;195478122;195478121;195478120;195477985;195477986;195478032;195478034,9/12 7:30PM (OSU @ TEX)
Evan Enderlin - Showdown Captain Mode (Flex),195582379;195582460;195580463;195582104;195581991;195582352;195477619;195477613;195581177;195478126;195478125;195478124;195478123;195478122;195478121;195478120;195477985;195477986;195478032;195478034,1660945,44095791,Evan Enderlin,Evan,Enderlin,1000,WR,TEX,OSU @ TEX,09/12/2026 07:30 PM,https://dkn.gs/sports/images/cfb/teams/50/8240.png,OSU @ TEX,Showdown Captain Mode,CFB,9/12,Flex,"CFB Showdown $240 Huddle [Single Entry] (OSU @ TEX);CFB Showdown $100 Redshirt [Single Entry] (OSU @ TEX);CFB Showdown $408 Winner Take All [$1.5K to 1st, Must Fill] (OSU @ TEX);CFB Showdown $530 Winner Take All [Must Fill] (OSU @ TEX);CFB Showdown $50 Quarter Jukebox [Just $0.25!] (OSU @ TEX);CFB Showdown $267 Winner Take All [Must Fill] (OSU @ TEX);CFB Showdown Satellite to NHL 11-3 $555 Barn Burner [Must Fill] (OSU @ TEX);CFB Showdown $100 Winner Take All [$460 to 1st] (Must Fill) (OSU @ TEX);CFB Showdown Satellite to NHL 9-29 $15 Opening Night Puck Drop [Must Fill] (OSU @ TEX);CFB Showdown Satellite to CFB $555 Mid-Season Main Event (10-10) (OSU @ TEX)",195582379;195582460;195580463;195582104;195581991;195582352;195477619;195477613;195581177;195478126;195478125;195478124;195478123;195478122;195478121;195478120;195477985;195477986;195478032;195478034,9/12 7:30PM (OSU @ TEX)
Rett Andersen - Showdown Captain Mode (Flex),195582379;195582460;195580463;195582104;195581991;195582352;195477619;195477613;195581177;195478126;195478125;195478124;195478123;195478122;195478121;195478120;195477985;195477986;195478032;195478034,1455721,44095792,Rett Andersen,Rett,Andersen,1000,WR,TEX,OSU @ TEX,09/12/2026 07:30 PM,https://dkn.gs/sports/images/cfb/teams/50/8240.png,OSU @ TEX,Showdown Captain Mode,CFB,9/12,Flex,"CFB Showdown $240 Huddle [Single Entry] (OSU @ TEX);CFB Showdown $100 Redshirt [Single Entry] (OSU @ TEX);CFB Showdown $408 Winner Take All [$1.5K to 1st, Must Fill] (OSU @ TEX);CFB Showdown $530 Winner Take All [Must Fill] (OSU @ TEX);CFB Showdown $50 Quarter Jukebox [Just $0.25!] (OSU @ TEX);CFB Showdown $267 Winner Take All [Must Fill] (OSU @ TEX);CFB Showdown Satellite to NHL 11-3 $555 Barn Burner [Must Fill] (OSU @ TEX);CFB Showdown $100 Winner Take All [$460 to 1st] (Must Fill) (OSU @ TEX);CFB Showdown Satellite to NHL 9-29 $15 Opening Night Puck Drop [Must Fill] (OSU @ TEX);CFB Showdown Satellite to CFB $555 Mid-Season Main Event (10-10) (OSU @ TEX)",195582379;195582460;195580463;195582104;195581991;195582352;195477619;195477613;195581177;195478126;195478125;195478124;195478123;195478122;195478121;195478120;195477985;195477986;195478032;195478034,9/12 7:30PM (OSU @ TEX)
Mateaki Helu - Showdown Captain Mode (Flex),195476951;195476948;195476952;195477720;195477723;195476956;195477719;195477727;195477721;195476955;195477726;195476949;195476950;195476953;195476954;195567364;195477928;195477927;195477926;195477925,1582981,44095461,Mateaki Helu,Mateaki,Helu,1000,RB,UTAH,ARK @ UTAH,09/12/2026 10:15 PM,https://dkn.gs/sports/images/cfb/teams/50/8341.png,ARK @ UTAH,Showdown Captain Mode,CFB,9/12,Flex,"CFB Showdown $6K Air Raid [$2K to 1st] (ARK @ UTAH);CFB Showdown $720 Kick Return [Single Entry, Top 2 Win] (ARK @ UTAH);CFB Showdown $750 First Down (ARK @ UTAH);CFB Showdown $530 Winner Take All [Must Fill] (ARK @ UTAH);CFB Showdown $408 Winner Take All [$1.5K to 1st, Must Fill] (ARK @ UTAH);CFB Showdown $400 Coffin Corner [Single Entry] (ARK @ UTAH);CFB Showdown $267 Winner Take All [Must Fill] (ARK @ UTAH);CFB Showdown Satellite to NHL 11-3 $555 Barn Burner [Must Fill] (ARK @ UTAH);CFB Showdown $100 Winner Take All [$460 to 1st] (Must Fill) (ARK @ UTAH);CFB Showdown $155 White-Out [Single Entry] (ARK @ UTAH)",195476951;195476948;195476952;195477720;195477723;195476956;195477719;195477727;195477721;195476955;195477726;195476949;195476950;195476953;195476954;195567364;195477928;195477927;195477926;195477925,9/12 10:15PM (ARK @ UTAH)
Jojo Ward - Showdown Captain Mode (Flex),195476951;195476948;195476952;195477720;195477723;195476956;195477719;195477727;195477721;195476955;195477726;195476949;195476950;195476953;195476954;195567364;195477928;195477927;195477926;195477925,1672544,44095462,Jojo Ward,Jojo,Ward,1000,RB,UTAH,ARK @ UTAH,09/12/2026 10:15 PM,https://dkn.gs/sports/images/cfb/teams/50/8341.png,ARK @ UTAH,Showdown Captain Mode,CFB,9/12,Flex,"CFB Showdown $6K Air Raid [$2K to 1st] (ARK @ UTAH);CFB Showdown $720 Kick Return [Single Entry, Top 2 Win] (ARK @ UTAH);CFB Showdown $750 First Down (ARK @ UTAH);CFB Showdown $530 Winner Take All [Must Fill] (ARK @ UTAH);CFB Showdown $408 Winner Take All [$1.5K to 1st, Must Fill] (ARK @ UTAH);CFB Showdown $400 Coffin Corner [Single Entry] (ARK @ UTAH);CFB Showdown $267 Winner Take All [Must Fill] (ARK @ UTAH);CFB Showdown Satellite to NHL 11-3 $555 Barn Burner [Must Fill] (ARK @ UTAH);CFB Showdown $100 Winner Take All [$460 to 1st] (Must Fill) (ARK @ UTAH);CFB Showdown $155 White-Out [Single Entry] (ARK @ UTAH)",195476951;195476948;195476952;195477720;195477723;195476956;195477719;195477727;195477721;195476955;195477726;195476949;195476950;195476953;195476954;195567364;195477928;195477927;195477926;195477925,9/12 10:15PM (ARK @ UTAH)
TJ Hodges - Showdown Captain Mode (Flex),195476951;195476948;195476952;195477720;195477723;195476956;195477719;195477727;195477721;195476955;195477726;195476949;195476950;195476953;195476954;195567364;195477928;195477927;195477926;195477925,1645617,44095463,TJ Hodges,TJ,Hodges,1000,RB,ARK,ARK @ UTAH,09/12/2026 10:15 PM,https://dkn.gs/sports/images/cfb/teams/50/8175.png,ARK @ UTAH,Showdown Captain Mode,CFB,9/12,Flex,"CFB Showdown $6K Air Raid [$2K to 1st] (ARK @ UTAH);CFB Showdown $720 Kick Return [Single Entry, Top 2 Win] (ARK @ UTAH);CFB Showdown $750 First Down (ARK @ UTAH);CFB Showdown $530 Winner Take All [Must Fill] (ARK @ UTAH);CFB Showdown $408 Winner Take All [$1.5K to 1st, Must Fill] (ARK @ UTAH);CFB Showdown $400 Coffin Corner [Single Entry] (ARK @ UTAH);CFB Showdown $267 Winner Take All [Must Fill] (ARK @ UTAH);CFB Showdown Satellite to NHL 11-3 $555 Barn Burner [Must Fill] (ARK @ UTAH);CFB Showdown $100 Winner Take All [$460 to 1st] (Must Fill) (ARK @ UTAH);CFB Showdown $155 White-Out [Single Entry] (ARK @ UTAH)",195476951;195476948;195476952;195477720;195477723;195476956;195477719;195477727;195477721;195476955;195477726;195476949;195476950;195476953;195476954;195567364;195477928;195477927;195477926;195477925,9/12 10:15PM (ARK @ UTAH)
Anthony Hernandez - Showdown Captain Mode (Flex),195476951;195476948;195476952;195477720;195477723;195476956;195477719;195477727;195477721;195476955;195477726;195476949;195476950;195476953;195476954;195567364;195477928;195477927;195477926;195477925,1532367,44095464,Anthony Hernandez,Anthony,Hernandez,1000,RB,UTAH,ARK @ UTAH,09/12/2026 10:15 PM,https://dkn.gs/sports/images/cfb/teams/50/8341.png,ARK @ UTAH,Showdown Captain Mode,CFB,9/12,Flex,"CFB Showdown $6K Air Raid [$2K to 1st] (ARK @ UTAH);CFB Showdown $720 Kick Return [Single Entry, Top 2 Win] (ARK @ UTAH);CFB Showdown $750 First Down (ARK @ UTAH);CFB Showdown $530 Winner Take All [Must Fill] (ARK @ UTAH);CFB Showdown $408 Winner Take All [$1.5K to 1st, Must Fill] (ARK @ UTAH);CFB Showdown $400 Coffin Corner [Single Entry] (ARK @ UTAH);CFB Showdown $267 Winner Take All [Must Fill] (ARK @ UTAH);CFB Showdown Satellite to NHL 11-3 $555 Barn Burner [Must Fill] (ARK @ UTAH);CFB Showdown $100 Winner Take All [$460 to 1st] (Must Fill) (ARK @ UTAH);CFB Showdown $155 White-Out [Single Entry] (ARK @ UTAH)",195476951;195476948;195476952;195477720;195477723;195476956;195477719;195477727;195477721;195476955;195477726;195476949;195476950;195476953;195476954;195567364;195477928;195477927;195477926;195477925,9/12 10:15PM (ARK @ UTAH)
Kevin Young - Showdown Captain Mode (Flex),195476951;195476948;195476952;195477720;195477723;195476956;195477719;195477727;195477721;195476955;195477726;195476949;195476950;195476953;195476954;195567364;195477928;195477927;195477926;195477925,1651909,44095465,Kevin Young,Kevin,Young,1000,RB,ARK,ARK @ UTAH,09/12/2026 10:15 PM,https://dkn.gs/sports/images/cfb/teams/50/8175.png,ARK @ UTAH,Showdown Captain Mode,CFB,9/12,Flex,"CFB Showdown $6K Air Raid [$2K to 1st] (ARK @ UTAH);CFB Showdown $720 Kick Return [Single Entry, Top 2 Win] (ARK @ UTAH);CFB Showdown $750 First Down (ARK @ UTAH);CFB Showdown $530 Winner Take All [Must Fill] (ARK @ UTAH);CFB Showdown $408 Winner Take All [$1.5K to 1st, Must Fill] (ARK @ UTAH);CFB Showdown $400 Coffin Corner [Single Entry] (ARK @ UTAH);CFB Showdown $267 Winner Take All [Must Fill] (ARK @ UTAH);CFB Showdown Satellite to NHL 11-3 $555 Barn Burner [Must Fill] (ARK @ UTAH);CFB Showdown $100 Winner Take All [$460 to 1st] (Must Fill) (ARK @ UTAH);CFB Showdown $155 White-Out [Single Entry] (ARK @ UTAH)",195476951;195476948;195476952;195477720;195477723;195476956;195477719;195477727;195477721;195476955;195477726;195476949;195476950;195476953;195476954;195567364;195477928;195477927;195477926;195477925,9/12 10:15PM (ARK @ UTAH)
Mario Robinson - Showdown Captain Mode (Flex),195476951;195476948;195476952;195477720;195477723;195476956;195477719;195477727;195477721;195476955;195477726;195476949;195476950;195476953;195476954;195567364;195477928;195477927;195477926;195477925,1511165,44095466,Mario Robinson,Mario,Robinson,1000,RB,ARK,ARK @ UTAH,09/12/2026 10:15 PM,https://dkn.gs/sports/images/cfb/teams/50/8175.png,ARK @ UTAH,Showdown Captain Mode,CFB,9/12,Flex,"CFB Showdown $6K Air Raid [$2K to 1st] (ARK @ UTAH);CFB Showdown $720 Kick Return [Single Entry, Top 2 Win] (ARK @ UTAH);CFB Showdown $750 First Down (ARK @ UTAH);CFB Showdown $530 Winner Take All [Must Fill] (ARK @ UTAH);CFB Showdown $408 Winner Take All [$1.5K to 1st, Must Fill] (ARK @ UTAH);CFB Showdown $400 Coffin Corner [Single Entry] (ARK @ UTAH);CFB Showdown $267 Winner Take All [Must Fill] (ARK @ UTAH);CFB Showdown Satellite to NHL 11-3 $555 Barn Burner [Must Fill] (ARK @ UTAH);CFB Showdown $100 Winner Take All [$460 to 1st] (Must Fill) (ARK @ UTAH);CFB Showdown $155 White-Out [Single Entry] (ARK @ UTAH)",195476951;195476948;195476952;195477720;195477723;195476956;195477719;195477727;195477721;195476955;195477726;195476949;195476950;195476953;195476954;195567364;195477928;195477927;195477926;195477925,9/12 10:15PM (ARK @ UTAH)
Markeylin Batton - Showdown Captain Mode (Flex),195476951;195476948;195476952;195477720;195477723;195476956;195477719;195477727;195477721;195476955;195477726;195476949;195476950;195476953;195476954;195567364;195477928;195477927;195477926;195477925,1589448,44095467,Markeylin Batton,Markeylin,Batton,1000,RB,ARK,ARK @ UTAH,09/12/2026 10:15 PM,https://dkn.gs/sports/images/cfb/teams/50/8175.png,ARK @ UTAH,Showdown Captain Mode,CFB,9/12,Flex,"CFB Showdown $6K Air Raid [$2K to 1st] (ARK @ UTAH);CFB Showdown $720 Kick Return [Single Entry, Top 2 Win] (ARK @ UTAH);CFB Showdown $750 First Down (ARK @ UTAH);CFB Showdown $530 Winner Take All [Must Fill] (ARK @ UTAH);CFB Showdown $408 Winner Take All [$1.5K to 1st, Must Fill] (ARK @ UTAH);CFB Showdown $400 Coffin Corner [Single Entry] (ARK @ UTAH);CFB Showdown $267 Winner Take All [Must Fill] (ARK @ UTAH);CFB Showdown Satellite to NHL 11-3 $555 Barn Burner [Must Fill] (ARK @ UTAH);CFB Showdown $100 Winner Take All [$460 to 1st] (Must Fill) (ARK @ UTAH);CFB Showdown $155 White-Out [Single Entry] (ARK @ UTAH)",195476951;195476948;195476952;195477720;195477723;195476956;195477719;195477727;195477721;195476955;195477726;195476949;195476950;195476953;195476954;195567364;195477928;195477927;195477926;195477925,9/12 10:15PM (ARK @ UTAH)
Braxton Scriber - Showdown Captain Mode (Flex),195476951;195476948;195476952;195477720;195477723;195476956;195477719;195477727;195477721;195476955;195477726;195476949;195476950;195476953;195476954;195567364;195477928;195477927;195477926;195477925,1595839,44095468,Braxton Scriber,Braxton,Scriber,1000,WR,ARK,ARK @ UTAH,09/12/2026 10:15 PM,https://dkn.gs/sports/images/cfb/teams/50/8175.png,ARK @ UTAH,Showdown Captain Mode,CFB,9/12,Flex,"CFB Showdown $6K Air Raid [$2K to 1st] (ARK @ UTAH);CFB Showdown $720 Kick Return [Single Entry, Top 2 Win] (ARK @ UTAH);CFB Showdown $750 First Down (ARK @ UTAH);CFB Showdown $530 Winner Take All [Must Fill] (ARK @ UTAH);CFB Showdown $408 Winner Take All [$1.5K to 1st, Must Fill] (ARK @ UTAH);CFB Showdown $400 Coffin Corner [Single Entry] (ARK @ UTAH);CFB Showdown $267 Winner Take All [Must Fill] (ARK @ UTAH);CFB Showdown Satellite to NHL 11-3 $555 Barn Burner [Must Fill] (ARK @ UTAH);CFB Showdown $100 Winner Take All [$460 to 1st] (Must Fill) (ARK @ UTAH);CFB Showdown $155 White-Out [Single Entry] (ARK @ UTAH)",195476951;195476948;195476952;195477720;195477723;195476956;195477719;195477727;195477721;195476955;195477726;195476949;195476950;195476953;195476954;195567364;195477928;195477927;195477926;195477925,9/12 10:15PM (ARK @ UTAH)
Hutson Hendrix - Showdown Captain Mode (Flex),195476951;195476948;195476952;195477720;195477723;195476956;195477719;195477727;195477721;195476955;195477726;195476949;195476950;195476953;195476954;195567364;195477928;195477927;195477926;195477925,1589449,44095469,Hutson Hendrix,Hutson,Hendrix,1000,WR,ARK,ARK @ UTAH,09/12/2026 10:15 PM,https://dkn.gs/sports/images/cfb/teams/50/8175.png,ARK @ UTAH,Showdown Captain Mode,CFB,9/12,Flex,"CFB Showdown $6K Air Raid [$2K to 1st] (ARK @ UTAH);CFB Showdown $720 Kick Return [Single Entry, Top 2 Win] (ARK @ UTAH);CFB Showdown $750 First Down (ARK @ UTAH);CFB Showdown $530 Winner Take All [Must Fill] (ARK @ UTAH);CFB Showdown $408 Winner Take All [$1.5K to 1st, Must Fill] (ARK @ UTAH);CFB Showdown $400 Coffin Corner [Single Entry] (ARK @ UTAH);CFB Showdown $267 Winner Take All [Must Fill] (ARK @ UTAH);CFB Showdown Satellite to NHL 11-3 $555 Barn Burner [Must Fill] (ARK @ UTAH);CFB Showdown $100 Winner Take All [$460 to 1st] (Must Fill) (ARK @ UTAH);CFB Showdown $155 White-Out [Single Entry] (ARK @ UTAH)",195476951;195476948;195476952;195477720;195477723;195476956;195477719;195477727;195477721;195476955;195477726;195476949;195476950;195476953;195476954;195567364;195477928;195477927;195477926;195477925,9/12 10:15PM (ARK @ UTAH)
Bryson Baker - Showdown Captain Mode (Flex),195476951;195476948;195476952;195477720;195477723;195476956;195477719;195477727;195477721;195476955;195477726;195476949;195476950;195476953;195476954;195567364;195477928;195477927;195477926;195477925,1592501,44095470,Bryson Baker,Bryson,Baker,1000,WR,UTAH,ARK @ UTAH,09/12/2026 10:15 PM,https://dkn.gs/sports/images/cfb/teams/50/8341.png,ARK @ UTAH,Showdown Captain Mode,CFB,9/12,Flex,"CFB Showdown $6K Air Raid [$2K to 1st] (ARK @ UTAH);CFB Showdown $720 Kick Return [Single Entry, Top 2 Win] (ARK @ UTAH);CFB Showdown $750 First Down (ARK @ UTAH);CFB Showdown $530 Winner Take All [Must Fill] (ARK @ UTAH);CFB Showdown $408 Winner Take All [$1.5K to 1st, Must Fill] (ARK @ UTAH);CFB Showdown $400 Coffin Corner [Single Entry] (ARK @ UTAH);CFB Showdown $267 Winner Take All [Must Fill] (ARK @ UTAH);CFB Showdown Satellite to NHL 11-3 $555 Barn Burner [Must Fill] (ARK @ UTAH);CFB Showdown $100 Winner Take All [$460 to 1st] (Must Fill) (ARK @ UTAH);CFB Showdown $155 White-Out [Single Entry] (ARK @ UTAH)",195476951;195476948;195476952;195477720;195477723;195476956;195477719;195477727;195477721;195476955;195477726;195476949;195476950;195476953;195476954;195567364;195477928;195477927;195477926;195477925,9/12 10:15PM (ARK @ UTAH)
Will Monney - Showdown Captain Mode (Flex),195476951;195476948;195476952;195477720;195477723;195476956;195477719;195477727;195477721;195476955;195477726;195476949;195476950;195476953;195476954;195567364;195477928;195477927;195477926;195477925,1443178,44095471,Will Monney,Will,Monney,1000,WR,UTAH,ARK @ UTAH,09/12/2026 10:15 PM,https://dkn.gs/sports/images/cfb/teams/50/8341.png,ARK @ UTAH,Showdown Captain Mode,CFB,9/12,Flex,"CFB Showdown $6K Air Raid [$2K to 1st] (ARK @ UTAH);CFB Showdown $720 Kick Return [Single Entry, Top 2 Win] (ARK @ UTAH);CFB Showdown $750 First Down (ARK @ UTAH);CFB Showdown $530 Winner Take All [Must Fill] (ARK @ UTAH);CFB Showdown $408 Winner Take All [$1.5K to 1st, Must Fill] (ARK @ UTAH);CFB Showdown $400 Coffin Corner [Single Entry] (ARK @ UTAH);CFB Showdown $267 Winner Take All [Must Fill] (ARK @ UTAH);CFB Showdown Satellite to NHL 11-3 $555 Barn Burner [Must Fill] (ARK @ UTAH);CFB Showdown $100 Winner Take All [$460 to 1st] (Must Fill) (ARK @ UTAH);CFB Showdown $155 White-Out [Single Entry] (ARK @ UTAH)",195476951;195476948;195476952;195477720;195477723;195476956;195477719;195477727;195477721;195476955;195477726;195476949;195476950;195476953;195476954;195567364;195477928;195477927;195477926;195477925,9/12 10:15PM (ARK @ UTAH)
Jude Hall - Showdown Captain Mode (Flex),195476951;195476948;195476952;195477720;195477723;195476956;195477719;195477727;195477721;195476955;195477726;195476949;195476950;195476953;195476954;195567364;195477928;195477927;195477926;195477925,1653389,44095472,Jude Hall,Jude,Hall,1000,WR,ARK,ARK @ UTAH,09/12/2026 10:15 PM,https://dkn.gs/sports/images/cfb/teams/50/8175.png,ARK @ UTAH,Showdown Captain Mode,CFB,9/12,Flex,"CFB Showdown $6K Air Raid [$2K to 1st] (ARK @ UTAH);CFB Showdown $720 Kick Return [Single Entry, Top 2 Win] (ARK @ UTAH);CFB Showdown $750 First Down (ARK @ UTAH);CFB Showdown $530 Winner Take All [Must Fill] (ARK @ UTAH);CFB Showdown $408 Winner Take All [$1.5K to 1st, Must Fill] (ARK @ UTAH);CFB Showdown $400 Coffin Corner [Single Entry] (ARK @ UTAH);CFB Showdown $267 Winner Take All [Must Fill] (ARK @ UTAH);CFB Showdown Satellite to NHL 11-3 $555 Barn Burner [Must Fill] (ARK @ UTAH);CFB Showdown $100 Winner Take All [$460 to 1st] (Must Fill) (ARK @ UTAH);CFB Showdown $155 White-Out [Single Entry] (ARK @ UTAH)",195476951;195476948;195476952;195477720;195477723;195476956;195477719;195477727;195477721;195476955;195477726;195476949;195476950;195476953;195476954;195567364;195477928;195477927;195477926;195477925,9/12 10:15PM (ARK @ UTAH)
Bear Fisher - Showdown Captain Mode (Flex),195476951;195476948;195476952;195477720;195477723;195476956;195477719;195477727;195477721;195476955;195477726;195476949;195476950;195476953;195476954;195567364;195477928;195477927;195477926;195477925,1648313,44095473,Bear Fisher,Bear,Fisher,1000,WR,UTAH,ARK @ UTAH,09/12/2026 10:15 PM,https://dkn.gs/sports/images/cfb/teams/50/8341.png,ARK @ UTAH,Showdown Captain Mode,CFB,9/12,Flex,"CFB Showdown $6K Air Raid [$2K to 1st] (ARK @ UTAH);CFB Showdown $720 Kick Return [Single Entry, Top 2 Win] (ARK @ UTAH);CFB Showdown $750 First Down (ARK @ UTAH);CFB Showdown $530 Winner Take All [Must Fill] (ARK @ UTAH);CFB Showdown $408 Winner Take All [$1.5K to 1st, Must Fill] (ARK @ UTAH);CFB Showdown $400 Coffin Corner [Single Entry] (ARK @ UTAH);CFB Showdown $267 Winner Take All [Must Fill] (ARK @ UTAH);CFB Showdown Satellite to NHL 11-3 $555 Barn Burner [Must Fill] (ARK @ UTAH);CFB Showdown $100 Winner Take All [$460 to 1st] (Must Fill) (ARK @ UTAH);CFB Showdown $155 White-Out [Single Entry] (ARK @ UTAH)",195476951;195476948;195476952;195477720;195477723;195476956;195477719;195477727;195477721;195476955;195477726;195476949;195476950;195476953;195476954;195567364;195477928;195477927;195477926;195477925,9/12 10:15PM (ARK @ UTAH)
Sione Motuapuaka - Showdown Captain Mode (Flex),195476951;195476948;195476952;195477720;195477723;195476956;195477719;195477727;195477721;195476955;195477726;195476949;195476950;195476953;195476954;195567364;195477928;195477927;195477926;195477925,1582989,44095474,Sione Motuapuaka,Sione,Motuapuaka,1000,WR,UTAH,ARK @ UTAH,09/12/2026 10:15 PM,https://dkn.gs/sports/images/cfb/teams/50/8341.png,ARK @ UTAH,Showdown Captain Mode,CFB,9/12,Flex,"CFB Showdown $6K Air Raid [$2K to 1st] (ARK @ UTAH);CFB Showdown $720 Kick Return [Single Entry, Top 2 Win] (ARK @ UTAH);CFB Showdown $750 First Down (ARK @ UTAH);CFB Showdown $530 Winner Take All [Must Fill] (ARK @ UTAH);CFB Showdown $408 Winner Take All [$1.5K to 1st, Must Fill] (ARK @ UTAH);CFB Showdown $400 Coffin Corner [Single Entry] (ARK @ UTAH);CFB Showdown $267 Winner Take All [Must Fill] (ARK @ UTAH);CFB Showdown Satellite to NHL 11-3 $555 Barn Burner [Must Fill] (ARK @ UTAH);CFB Showdown $100 Winner Take All [$460 to 1st] (Must Fill) (ARK @ UTAH);CFB Showdown $155 White-Out [Single Entry] (ARK @ UTAH)",195476951;195476948;195476952;195477720;195477723;195476956;195477719;195477727;195477721;195476955;195477726;195476949;195476950;195476953;195476954;195567364;195477928;195477927;195477926;195477925,9/12 10:15PM (ARK @ UTAH)
Courtney Crutchfield - Showdown Captain Mode (Flex),195476951;195476948;195476952;195477720;195477723;195476956;195477719;195477727;195477721;195476955;195477726;195476949;195476950;195476953;195476954;195567364;195477928;195477927;195477926;195477925,1514628,44095475,Courtney Crutchfield,Courtney,Crutchfield,1000,WR,ARK,ARK @ UTAH,09/12/2026 10:15 PM,https://dkn.gs/sports/images/cfb/teams/50/8175.png,ARK @ UTAH,Showdown Captain Mode,CFB,9/12,Flex,"CFB Showdown $6K Air Raid [$2K to 1st] (ARK @ UTAH);CFB Showdown $720 Kick Return [Single Entry, Top 2 Win] (ARK @ UTAH);CFB Showdown $750 First Down (ARK @ UTAH);CFB Showdown $530 Winner Take All [Must Fill] (ARK @ UTAH);CFB Showdown $408 Winner Take All [$1.5K to 1st, Must Fill] (ARK @ UTAH);CFB Showdown $400 Coffin Corner [Single Entry] (ARK @ UTAH);CFB Showdown $267 Winner Take All [Must Fill] (ARK @ UTAH);CFB Showdown Satellite to NHL 11-3 $555 Barn Burner [Must Fill] (ARK @ UTAH);CFB Showdown $100 Winner Take All [$460 to 1st] (Must Fill) (ARK @ UTAH);CFB Showdown $155 White-Out [Single Entry] (ARK @ UTAH)",195476951;195476948;195476952;195477720;195477723;195476956;195477719;195477727;195477721;195476955;195477726;195476949;195476950;195476953;195476954;195567364;195477928;195477927;195477926;195477925,9/12 10:15PM (ARK @ UTAH)
Ben Pupplo - Showdown Captain Mode (Flex),195476951;195476948;195476952;195477720;195477723;195476956;195477719;195477727;195477721;195476955;195477726;195476949;195476950;195476953;195476954;195567364;195477928;195477927;195477926;195477925,1463606,44095476,Ben Pupplo,Ben,Pupplo,1000,WR,ARK,ARK @ UTAH,09/12/2026 10:15 PM,https://dkn.gs/sports/images/cfb/teams/50/8175.png,ARK @ UTAH,Showdown Captain Mode,CFB,9/12,Flex,"CFB Showdown $6K Air Raid [$2K to 1st] (ARK @ UTAH);CFB Showdown $720 Kick Return [Single Entry, Top 2 Win] (ARK @ UTAH);CFB Showdown $750 First Down (ARK @ UTAH);CFB Showdown $530 Winner Take All [Must Fill] (ARK @ UTAH);CFB Showdown $408 Winner Take All [$1.5K to 1st, Must Fill] (ARK @ UTAH);CFB Showdown $400 Coffin Corner [Single Entry] (ARK @ UTAH);CFB Showdown $267 Winner Take All [Must Fill] (ARK @ UTAH);CFB Showdown Satellite to NHL 11-3 $555 Barn Burner [Must Fill] (ARK @ UTAH);CFB Showdown $100 Winner Take All [$460 to 1st] (Must Fill) (ARK @ UTAH);CFB Showdown $155 White-Out [Single Entry] (ARK @ UTAH)",195476951;195476948;195476952;195477720;195477723;195476956;195477719;195477727;195477721;195476955;195477726;195476949;195476950;195476953;195476954;195567364;195477928;195477927;195477926;195477925,9/12 10:15PM (ARK @ UTAH)
Peyton Rice - Showdown Captain Mode (Flex),195476951;195476948;195476952;195477720;195477723;195476956;195477719;195477727;195477721;195476955;195477726;195476949;195476950;195476953;195476954;195567364;195477928;195477927;195477926;195477925,1461615,44095477,Peyton Rice,Peyton,Rice,1000,WR,UTAH,ARK @ UTAH,09/12/2026 10:15 PM,https://dkn.gs/sports/images/cfb/teams/50/8341.png,ARK @ UTAH,Showdown Captain Mode,CFB,9/12,Flex,"CFB Showdown $6K Air Raid [$2K to 1st] (ARK @ UTAH);CFB Showdown $720 Kick Return [Single Entry, Top 2 Win] (ARK @ UTAH);CFB Showdown $750 First Down (ARK @ UTAH);CFB Showdown $530 Winner Take All [Must Fill] (ARK @ UTAH);CFB Showdown $408 Winner Take All [$1.5K to 1st, Must Fill] (ARK @ UTAH);CFB Showdown $400 Coffin Corner [Single Entry] (ARK @ UTAH);CFB Showdown $267 Winner Take All [Must Fill] (ARK @ UTAH);CFB Showdown Satellite to NHL 11-3 $555 Barn Burner [Must Fill] (ARK @ UTAH);CFB Showdown $100 Winner Take All [$460 to 1st] (Must Fill) (ARK @ UTAH);CFB Showdown $155 White-Out [Single Entry] (ARK @ UTAH)",195476951;195476948;195476952;195477720;195477723;195476956;195477719;195477727;195477721;195476955;195477726;195476949;195476950;195476953;195476954;195567364;195477928;195477927;195477926;195477925,9/12 10:15PM (ARK @ UTAH)
Teague Matthews - Showdown Captain Mode (Flex),195476951;195476948;195476952;195477720;195477723;195476956;195477719;195477727;195477721;195476955;195477726;195476949;195476950;195476953;195476954;195567364;195477928;195477927;195477926;195477925,1672541,44095478,Teague Matthews,Teague,Matthews,1000,WR,UTAH,ARK @ UTAH,09/12/2026 10:15 PM,https://dkn.gs/sports/images/cfb/teams/50/8341.png,ARK @ UTAH,Showdown Captain Mode,CFB,9/12,Flex,"CFB Showdown $6K Air Raid [$2K to 1st] (ARK @ UTAH);CFB Showdown $720 Kick Return [Single Entry, Top 2 Win] (ARK @ UTAH);CFB Showdown $750 First Down (ARK @ UTAH);CFB Showdown $530 Winner Take All [Must Fill] (ARK @ UTAH);CFB Showdown $408 Winner Take All [$1.5K to 1st, Must Fill] (ARK @ UTAH);CFB Showdown $400 Coffin Corner [Single Entry] (ARK @ UTAH);CFB Showdown $267 Winner Take All [Must Fill] (ARK @ UTAH);CFB Showdown Satellite to NHL 11-3 $555 Barn Burner [Must Fill] (ARK @ UTAH);CFB Showdown $100 Winner Take All [$460 to 1st] (Must Fill) (ARK @ UTAH);CFB Showdown $155 White-Out [Single Entry] (ARK @ UTAH)",195476951;195476948;195476952;195477720;195477723;195476956;195477719;195477727;195477721;195476955;195477726;195476949;195476950;195476953;195476954;195567364;195477928;195477927;195477926;195477925,9/12 10:15PM (ARK @ UTAH)
Kana'i Lopes - Showdown Captain Mode (Flex),195476951;195476948;195476952;195477720;195477723;195476956;195477719;195477727;195477721;195476955;195477726;195476949;195476950;195476953;195476954;195567364;195477928;195477927;195477926;195477925,1507265,44095479,Kana'i Lopes,Kana'i,Lopes,1000,WR,UTAH,ARK @ UTAH,09/12/2026 10:15 PM,https://dkn.gs/sports/images/cfb/teams/50/8341.png,ARK @ UTAH,Showdown Captain Mode,CFB,9/12,Flex,"CFB Showdown $6K Air Raid [$2K to 1st] (ARK @ UTAH);CFB Showdown $720 Kick Return [Single Entry, Top 2 Win] (ARK @ UTAH);CFB Showdown $750 First Down (ARK @ UTAH);CFB Showdown $530 Winner Take All [Must Fill] (ARK @ UTAH);CFB Showdown $408 Winner Take All [$1.5K to 1st, Must Fill] (ARK @ UTAH);CFB Showdown $400 Coffin Corner [Single Entry] (ARK @ UTAH);CFB Showdown $267 Winner Take All [Must Fill] (ARK @ UTAH);CFB Showdown Satellite to NHL 11-3 $555 Barn Burner [Must Fill] (ARK @ UTAH);CFB Showdown $100 Winner Take All [$460 to 1st] (Must Fill) (ARK @ UTAH);CFB Showdown $155 White-Out [Single Entry] (ARK @ UTAH)",195476951;195476948;195476952;195477720;195477723;195476956;195477719;195477727;195477721;195476955;195477726;195476949;195476950;195476953;195476954;195567364;195477928;195477927;195477926;195477925,9/12 10:15PM (ARK @ UTAH)
Gavin Garretson - Showdown Captain Mode (Flex),195476951;195476948;195476952;195477720;195477723;195476956;195477719;195477727;195477721;195476955;195477726;195476949;195476950;195476953;195476954;195567364;195477928;195477927;195477926;195477925,1582211,44095480,Gavin Garretson,Gavin,Garretson,1000,WR,ARK,ARK @ UTAH,09/12/2026 10:15 PM,https://dkn.gs/sports/images/cfb/teams/50/8175.png,ARK @ UTAH,Showdown Captain Mode,CFB,9/12,Flex,"CFB Showdown $6K Air Raid [$2K to 1st] (ARK @ UTAH);CFB Showdown $720 Kick Return [Single Entry, Top 2 Win] (ARK @ UTAH);CFB Showdown $750 First Down (ARK @ UTAH);CFB Showdown $530 Winner Take All [Must Fill] (ARK @ UTAH);CFB Showdown $408 Winner Take All [$1.5K to 1st, Must Fill] (ARK @ UTAH);CFB Showdown $400 Coffin Corner [Single Entry] (ARK @ UTAH);CFB Showdown $267 Winner Take All [Must Fill] (ARK @ UTAH);CFB Showdown Satellite to NHL 11-3 $555 Barn Burner [Must Fill] (ARK @ UTAH);CFB Showdown $100 Winner Take All [$460 to 1st] (Must Fill) (ARK @ UTAH);CFB Showdown $155 White-Out [Single Entry] (ARK @ UTAH)",195476951;195476948;195476952;195477720;195477723;195476956;195477719;195477727;195477721;195476955;195477726;195476949;195476950;195476953;195476954;195567364;195477928;195477927;195477926;195477925,9/12 10:15PM (ARK @ UTAH)
Jelani Watkins - Showdown Captain Mode (Flex),195476951;195476948;195476952;195477720;195477723;195476956;195477719;195477727;195477721;195476955;195477726;195476949;195476950;195476953;195476954;195567364;195477928;195477927;195477926;195477925,1506361,44095481,Jelani Watkins,Jelani,Watkins,1000,WR,ARK,ARK @ UTAH,09/12/2026 10:15 PM,https://dkn.gs/sports/images/cfb/teams/50/8175.png,ARK @ UTAH,Showdown Captain Mode,CFB,9/12,Flex,"CFB Showdown $6K Air Raid [$2K to 1st] (ARK @ UTAH);CFB Showdown $720 Kick Return [Single Entry, Top 2 Win] (ARK @ UTAH);CFB Showdown $750 First Down (ARK @ UTAH);CFB Showdown $530 Winner Take All [Must Fill] (ARK @ UTAH);CFB Showdown $408 Winner Take All [$1.5K to 1st, Must Fill] (ARK @ UTAH);CFB Showdown $400 Coffin Corner [Single Entry] (ARK @ UTAH);CFB Showdown $267 Winner Take All [Must Fill] (ARK @ UTAH);CFB Showdown Satellite to NHL 11-3 $555 Barn Burner [Must Fill] (ARK @ UTAH);CFB Showdown $100 Winner Take All [$460 to 1st] (Must Fill) (ARK @ UTAH);CFB Showdown $155 White-Out [Single Entry] (ARK @ UTAH)",195476951;195476948;195476952;195477720;195477723;195476956;195477719;195477727;195477721;195476955;195477726;195476949;195476950;195476953;195476954;195567364;195477928;195477927;195477926;195477925,9/12 10:15PM (ARK @ UTAH)
Antonio Jordan - Showdown Captain Mode (Flex),195476951;195476948;195476952;195477720;195477723;195476956;195477719;195477727;195477721;195476955;195477726;195476949;195476950;195476953;195476954;195567364;195477928;195477927;195477926;195477925,1589446,44095482,Antonio Jordan,Antonio,Jordan,1000,WR,ARK,ARK @ UTAH,09/12/2026 10:15 PM,https://dkn.gs/sports/images/cfb/teams/50/8175.png,ARK @ UTAH,Showdown Captain Mode,CFB,9/12,Flex,"CFB Showdown $6K Air Raid [$2K to 1st] (ARK @ UTAH);CFB Showdown $720 Kick Return [Single Entry, Top 2 Win] (ARK @ UTAH);CFB Showdown $750 First Down (ARK @ UTAH);CFB Showdown $530 Winner Take All [Must Fill] (ARK @ UTAH);CFB Showdown $408 Winner Take All [$1.5K to 1st, Must Fill] (ARK @ UTAH);CFB Showdown $400 Coffin Corner [Single Entry] (ARK @ UTAH);CFB Showdown $267 Winner Take All [Must Fill] (ARK @ UTAH);CFB Showdown Satellite to NHL 11-3 $555 Barn Burner [Must Fill] (ARK @ UTAH);CFB Showdown $100 Winner Take All [$460 to 1st] (Must Fill) (ARK @ UTAH);CFB Showdown $155 White-Out [Single Entry] (ARK @ UTAH)",195476951;195476948;195476952;195477720;195477723;195476956;195477719;195477727;195477721;195476955;195477726;195476949;195476950;195476953;195476954;195567364;195477928;195477927;195477926;195477925,9/12 10:15PM (ARK @ UTAH)
Cory Henderson Jr. - Showdown Captain Mode (Flex),195476951;195476948;195476952;195477720;195477723;195476956;195477719;195477727;195477721;195476955;195477726;195476949;195476950;195476953;195476954;195567364;195477928;195477927;195477926;195477925,1656026,44095483,Cory Henderson Jr.,Cory,Henderson Jr.,1000,WR,ARK,ARK @ UTAH,09/12/2026 10:15 PM,https://dkn.gs/sports/images/cfb/teams/50/8175.png,ARK @ UTAH,Showdown Captain Mode,CFB,9/12,Flex,"CFB Showdown $6K Air Raid [$2K to 1st] (ARK @ UTAH);CFB Showdown $720 Kick Return [Single Entry, Top 2 Win] (ARK @ UTAH);CFB Showdown $750 First Down (ARK @ UTAH);CFB Showdown $530 Winner Take All [Must Fill] (ARK @ UTAH);CFB Showdown $408 Winner Take All [$1.5K to 1st, Must Fill] (ARK @ UTAH);CFB Showdown $400 Coffin Corner [Single Entry] (ARK @ UTAH);CFB Showdown $267 Winner Take All [Must Fill] (ARK @ UTAH);CFB Showdown Satellite to NHL 11-3 $555 Barn Burner [Must Fill] (ARK @ UTAH);CFB Showdown $100 Winner Take All [$460 to 1st] (Must Fill) (ARK @ UTAH);CFB Showdown $155 White-Out [Single Entry] (ARK @ UTAH)",195476951;195476948;195476952;195477720;195477723;195476956;195477719;195477727;195477721;195476955;195477726;195476949;195476950;195476953;195476954;195567364;195477928;195477927;195477926;195477925,9/12 10:15PM (ARK @ UTAH)
Semi Taulanga - Showdown Captain Mode (Flex),195476951;195476948;195476952;195477720;195477723;195476956;195477719;195477727;195477721;195476955;195477726;195476949;195476950;195476953;195476954;195567364;195477928;195477927;195477926;195477925,1592506,44095484,Semi Taulanga,Semi,Taulanga,1000,WR,UTAH,ARK @ UTAH,09/12/2026 10:15 PM,https://dkn.gs/sports/images/cfb/teams/50/8341.png,ARK @ UTAH,Showdown Captain Mode,CFB,9/12,Flex,"CFB Showdown $6K Air Raid [$2K to 1st] (ARK @ UTAH);CFB Showdown $720 Kick Return [Single Entry, Top 2 Win] (ARK @ UTAH);CFB Showdown $750 First Down (ARK @ UTAH);CFB Showdown $530 Winner Take All [Must Fill] (ARK @ UTAH);CFB Showdown $408 Winner Take All [$1.5K to 1st, Must Fill] (ARK @ UTAH);CFB Showdown $400 Coffin Corner [Single Entry] (ARK @ UTAH);CFB Showdown $267 Winner Take All [Must Fill] (ARK @ UTAH);CFB Showdown Satellite to NHL 11-3 $555 Barn Burner [Must Fill] (ARK @ UTAH);CFB Showdown $100 Winner Take All [$460 to 1st] (Must Fill) (ARK @ UTAH);CFB Showdown $155 White-Out [Single Entry] (ARK @ UTAH)",195476951;195476948;195476952;195477720;195477723;195476956;195477719;195477727;195477721;195476955;195477726;195476949;195476950;195476953;195476954;195567364;195477928;195477927;195477926;195477925,9/12 10:15PM (ARK @ UTAH)
Maddox Lassiter - Showdown Captain Mode (Flex),195476951;195476948;195476952;195477720;195477723;195476956;195477719;195477727;195477721;195476955;195477726;195476949;195476950;195476953;195476954;195567364;195477928;195477927;195477926;195477925,1451010,44095485,Maddox Lassiter,Maddox,Lassiter,1000,WR,ARK,ARK @ UTAH,09/12/2026 10:15 PM,https://dkn.gs/sports/images/cfb/teams/50/8175.png,ARK @ UTAH,Showdown Captain Mode,CFB,9/12,Flex,"CFB Showdown $6K Air Raid [$2K to 1st] (ARK @ UTAH);CFB Showdown $720 Kick Return [Single Entry, Top 2 Win] (ARK @ UTAH);CFB Showdown $750 First Down (ARK @ UTAH);CFB Showdown $530 Winner Take All [Must Fill] (ARK @ UTAH);CFB Showdown $408 Winner Take All [$1.5K to 1st, Must Fill] (ARK @ UTAH);CFB Showdown $400 Coffin Corner [Single Entry] (ARK @ UTAH);CFB Showdown $267 Winner Take All [Must Fill] (ARK @ UTAH);CFB Showdown Satellite to NHL 11-3 $555 Barn Burner [Must Fill] (ARK @ UTAH);CFB Showdown $100 Winner Take All [$460 to 1st] (Must Fill) (ARK @ UTAH);CFB Showdown $155 White-Out [Single Entry] (ARK @ UTAH)",195476951;195476948;195476952;195477720;195477723;195476956;195477719;195477727;195477721;195476955;195477726;195476949;195476950;195476953;195476954;195567364;195477928;195477927;195477926;195477925,9/12 10:15PM (ARK @ UTAH)
Matt Clark - Showdown Captain Mode (Flex),195476951;195476948;195476952;195477720;195477723;195476956;195477719;195477727;195477721;195476955;195477726;195476949;195476950;195476953;195476954;195567364;195477928;195477927;195477926;195477925,1519180,44095486,Matt Clark,Matt,Clark,1000,WR,UTAH,ARK @ UTAH,09/12/2026 10:15 PM,https://dkn.gs/sports/images/cfb/teams/50/8341.png,ARK @ UTAH,Showdown Captain Mode,CFB,9/12,Flex,"CFB Showdown $6K Air Raid [$2K to 1st] (ARK @ UTAH);CFB Showdown $720 Kick Return [Single Entry, Top 2 Win] (ARK @ UTAH);CFB Showdown $750 First Down (ARK @ UTAH);CFB Showdown $530 Winner Take All [Must Fill] (ARK @ UTAH);CFB Showdown $408 Winner Take All [$1.5K to 1st, Must Fill] (ARK @ UTAH);CFB Showdown $400 Coffin Corner [Single Entry] (ARK @ UTAH);CFB Showdown $267 Winner Take All [Must Fill] (ARK @ UTAH);CFB Showdown Satellite to NHL 11-3 $555 Barn Burner [Must Fill] (ARK @ UTAH);CFB Showdown $100 Winner Take All [$460 to 1st] (Must Fill) (ARK @ UTAH);CFB Showdown $155 White-Out [Single Entry] (ARK @ UTAH)",195476951;195476948;195476952;195477720;195477723;195476956;195477719;195477727;195477721;195476955;195477726;195476949;195476950;195476953;195476954;195567364;195477928;195477927;195477926;195477925,9/12 10:15PM (ARK @ UTAH)
Monte Harrison - Showdown Captain Mode (Flex),195476951;195476948;195476952;195477720;195477723;195476956;195477719;195477727;195477721;195476955;195477726;195476949;195476950;195476953;195476954;195567364;195477928;195477927;195477926;195477925,1514443,44095487,Monte Harrison,Monte,Harrison,1000,WR,ARK,ARK @ UTAH,09/12/2026 10:15 PM,https://dkn.gs/sports/images/cfb/teams/50/8175.png,ARK @ UTAH,Showdown Captain Mode,CFB,9/12,Flex,"CFB Showdown $6K Air Raid [$2K to 1st] (ARK @ UTAH);CFB Showdown $720 Kick Return [Single Entry, Top 2 Win] (ARK @ UTAH);CFB Showdown $750 First Down (ARK @ UTAH);CFB Showdown $530 Winner Take All [Must Fill] (ARK @ UTAH);CFB Showdown $408 Winner Take All [$1.5K to 1st, Must Fill] (ARK @ UTAH);CFB Showdown $400 Coffin Corner [Single Entry] (ARK @ UTAH);CFB Showdown $267 Winner Take All [Must Fill] (ARK @ UTAH);CFB Showdown Satellite to NHL 11-3 $555 Barn Burner [Must Fill] (ARK @ UTAH);CFB Showdown $100 Winner Take All [$460 to 1st] (Must Fill) (ARK @ UTAH);CFB Showdown $155 White-Out [Single Entry] (ARK @ UTAH)",195476951;195476948;195476952;195477720;195477723;195476956;195477719;195477727;195477721;195476955;195477726;195476949;195476950;195476953;195476954;195567364;195477928;195477927;195477926;195477925,9/12 10:15PM (ARK @ UTAH)
Junior Coughlin - Showdown Captain Mode (Flex),195476951;195476948;195476952;195477720;195477723;195476956;195477719;195477727;195477721;195476955;195477726;195476949;195476950;195476953;195476954;195567364;195477928;195477927;195477926;195477925,1582986,44095488,Junior Coughlin,Junior,Coughlin,1000,WR,UTAH,ARK @ UTAH,09/12/2026 10:15 PM,https://dkn.gs/sports/images/cfb/teams/50/8341.png,ARK @ UTAH,Showdown Captain Mode,CFB,9/12,Flex,"CFB Showdown $6K Air Raid [$2K to 1st] (ARK @ UTAH);CFB Showdown $720 Kick Return [Single Entry, Top 2 Win] (ARK @ UTAH);CFB Showdown $750 First Down (ARK @ UTAH);CFB Showdown $530 Winner Take All [Must Fill] (ARK @ UTAH);CFB Showdown $408 Winner Take All [$1.5K to 1st, Must Fill] (ARK @ UTAH);CFB Showdown $400 Coffin Corner [Single Entry] (ARK @ UTAH);CFB Showdown $267 Winner Take All [Must Fill] (ARK @ UTAH);CFB Showdown Satellite to NHL 11-3 $555 Barn Burner [Must Fill] (ARK @ UTAH);CFB Showdown $100 Winner Take All [$460 to 1st] (Must Fill) (ARK @ UTAH);CFB Showdown $155 White-Out [Single Entry] (ARK @ UTAH)",195476951;195476948;195476952;195477720;195477723;195476956;195477719;195477727;195477721;195476955;195477726;195476949;195476950;195476953;195476954;195567364;195477928;195477927;195477926;195477925,9/12 10:15PM (ARK @ UTAH)
Dequane Prevo - Showdown Captain Mode (Flex),195476951;195476948;195476952;195477720;195477723;195476956;195477719;195477727;195477721;195476955;195477726;195476949;195476950;195476953;195476954;195567364;195477928;195477927;195477926;195477925,1645633,44095489,Dequane Prevo,Dequane,Prevo,1000,WR,ARK,ARK @ UTAH,09/12/2026 10:15 PM,https://dkn.gs/sports/images/cfb/teams/50/8175.png,ARK @ UTAH,Showdown Captain Mode,CFB,9/12,Flex,"CFB Showdown $6K Air Raid [$2K to 1st] (ARK @ UTAH);CFB Showdown $720 Kick Return [Single Entry, Top 2 Win] (ARK @ UTAH);CFB Showdown $750 First Down (ARK @ UTAH);CFB Showdown $530 Winner Take All [Must Fill] (ARK @ UTAH);CFB Showdown $408 Winner Take All [$1.5K to 1st, Must Fill] (ARK @ UTAH);CFB Showdown $400 Coffin Corner [Single Entry] (ARK @ UTAH);CFB Showdown $267 Winner Take All [Must Fill] (ARK @ UTAH);CFB Showdown Satellite to NHL 11-3 $555 Barn Burner [Must Fill] (ARK @ UTAH);CFB Showdown $100 Winner Take All [$460 to 1st] (Must Fill) (ARK @ UTAH);CFB Showdown $155 White-Out [Single Entry] (ARK @ UTAH)",195476951;195476948;195476952;195477720;195477723;195476956;195477719;195477727;195477721;195476955;195477726;195476949;195476950;195476953;195476954;195567364;195477928;195477927;195477926;195477925,9/12 10:15PM (ARK @ UTAH)
Blair Irvin III - Showdown Captain Mode (Flex),195476951;195476948;195476952;195477720;195477723;195476956;195477719;195477727;195477721;195476955;195477726;195476949;195476950;195476953;195476954;195567364;195477928;195477927;195477926;195477925,1645636,44095490,Blair Irvin III,Blair,Irvin III,1000,WR,ARK,ARK @ UTAH,09/12/2026 10:15 PM,https://dkn.gs/sports/images/cfb/teams/50/8175.png,ARK @ UTAH,Showdown Captain Mode,CFB,9/12,Flex,"CFB Showdown $6K Air Raid [$2K to 1st] (ARK @ UTAH);CFB Showdown $720 Kick Return [Single Entry, Top 2 Win] (ARK @ UTAH);CFB Showdown $750 First Down (ARK @ UTAH);CFB Showdown $530 Winner Take All [Must Fill] (ARK @ UTAH);CFB Showdown $408 Winner Take All [$1.5K to 1st, Must Fill] (ARK @ UTAH);CFB Showdown $400 Coffin Corner [Single Entry] (ARK @ UTAH);CFB Showdown $267 Winner Take All [Must Fill] (ARK @ UTAH);CFB Showdown Satellite to NHL 11-3 $555 Barn Burner [Must Fill] (ARK @ UTAH);CFB Showdown $100 Winner Take All [$460 to 1st] (Must Fill) (ARK @ UTAH);CFB Showdown $155 White-Out [Single Entry] (ARK @ UTAH)",195476951;195476948;195476952;195477720;195477723;195476956;195477719;195477727;195477721;195476955;195477726;195476949;195476950;195476953;195476954;195567364;195477928;195477927;195477926;195477925,9/12 10:15PM (ARK @ UTAH)
Max Ausmus - Showdown Captain Mode (Flex),195476951;195476948;195476952;195477720;195477723;195476956;195477719;195477727;195477721;195476955;195477726;195476949;195476950;195476953;195476954;195567364;195477928;195477927;195477926;195477925,1651373,44095491,Max Ausmus,Max,Ausmus,1000,WR,UTAH,ARK @ UTAH,09/12/2026 10:15 PM,https://dkn.gs/sports/images/cfb/teams/50/8341.png,ARK @ UTAH,Showdown Captain Mode,CFB,9/12,Flex,"CFB Showdown $6K Air Raid [$2K to 1st] (ARK @ UTAH);CFB Showdown $720 Kick Return [Single Entry, Top 2 Win] (ARK @ UTAH);CFB Showdown $750 First Down (ARK @ UTAH);CFB Showdown $530 Winner Take All [Must Fill] (ARK @ UTAH);CFB Showdown $408 Winner Take All [$1.5K to 1st, Must Fill] (ARK @ UTAH);CFB Showdown $400 Coffin Corner [Single Entry] (ARK @ UTAH);CFB Showdown $267 Winner Take All [Must Fill] (ARK @ UTAH);CFB Showdown Satellite to NHL 11-3 $555 Barn Burner [Must Fill] (ARK @ UTAH);CFB Showdown $100 Winner Take All [$460 to 1st] (Must Fill) (ARK @ UTAH);CFB Showdown $155 White-Out [Single Entry] (ARK @ UTAH)",195476951;195476948;195476952;195477720;195477723;195476956;195477719;195477727;195477721;195476955;195477726;195476949;195476950;195476953;195476954;195567364;195477928;195477927;195477926;195477925,9/12 10:15PM (ARK @ UTAH)
Broderick Redden - Showdown Captain Mode (Flex),195476951;195476948;195476952;195477720;195477723;195476956;195477719;195477727;195477721;195476955;195477726;195476949;195476950;195476953;195476954;195567364;195477928;195477927;195477926;195477925,1582992,44095492,Broderick Redden,Broderick,Redden,1000,WR,UTAH,ARK @ UTAH,09/12/2026 10:15 PM,https://dkn.gs/sports/images/cfb/teams/50/8341.png,ARK @ UTAH,Showdown Captain Mode,CFB,9/12,Flex,"CFB Showdown $6K Air Raid [$2K to 1st] (ARK @ UTAH);CFB Showdown $720 Kick Return [Single Entry, Top 2 Win] (ARK @ UTAH);CFB Showdown $750 First Down (ARK @ UTAH);CFB Showdown $530 Winner Take All [Must Fill] (ARK @ UTAH);CFB Showdown $408 Winner Take All [$1.5K to 1st, Must Fill] (ARK @ UTAH);CFB Showdown $400 Coffin Corner [Single Entry] (ARK @ UTAH);CFB Showdown $267 Winner Take All [Must Fill] (ARK @ UTAH);CFB Showdown Satellite to NHL 11-3 $555 Barn Burner [Must Fill] (ARK @ UTAH);CFB Showdown $100 Winner Take All [$460 to 1st] (Must Fill) (ARK @ UTAH);CFB Showdown $155 White-Out [Single Entry] (ARK @ UTAH)",195476951;195476948;195476952;195477720;195477723;195476956;195477719;195477727;195477721;195476955;195477726;195476949;195476950;195476953;195476954;195567364;195477928;195477927;195477926;195477925,9/12 10:15PM (ARK @ UTAH)
Breylen Gilbert - Showdown Captain Mode (Flex),195476951;195476948;195476952;195477720;195477723;195476956;195477719;195477727;195477721;195476955;195477726;195476949;195476950;195476953;195476954;195567364;195477928;195477927;195477926;195477925,1521340,44095493,Breylen Gilbert,Breylen,Gilbert,1000,WR,ARK,ARK @ UTAH,09/12/2026 10:15 PM,https://dkn.gs/sports/images/cfb/teams/50/8175.png,ARK @ UTAH,Showdown Captain Mode,CFB,9/12,Flex,"CFB Showdown $6K Air Raid [$2K to 1st] (ARK @ UTAH);CFB Showdown $720 Kick Return [Single Entry, Top 2 Win] (ARK @ UTAH);CFB Showdown $750 First Down (ARK @ UTAH);CFB Showdown $530 Winner Take All [Must Fill] (ARK @ UTAH);CFB Showdown $408 Winner Take All [$1.5K to 1st, Must Fill] (ARK @ UTAH);CFB Showdown $400 Coffin Corner [Single Entry] (ARK @ UTAH);CFB Showdown $267 Winner Take All [Must Fill] (ARK @ UTAH);CFB Showdown Satellite to NHL 11-3 $555 Barn Burner [Must Fill] (ARK @ UTAH);CFB Showdown $100 Winner Take All [$460 to 1st] (Must Fill) (ARK @ UTAH);CFB Showdown $155 White-Out [Single Entry] (ARK @ UTAH)",195476951;195476948;195476952;195477720;195477723;195476956;195477719;195477727;195477721;195476955;195477726;195476949;195476950;195476953;195476954;195567364;195477928;195477927;195477926;195477925,9/12 10:15PM (ARK @ UTAH)
Dai'Shaun Thomas - Showdown Captain Mode (Flex),195476951;195476948;195476952;195477720;195477723;195476956;195477719;195477727;195477721;195476955;195477726;195476949;195476950;195476953;195476954;195567364;195477928;195477927;195477926;195477925,1514936,44095494,Dai'Shaun Thomas,Dai'Shaun,Thomas,1000,WR,ARK,ARK @ UTAH,09/12/2026 10:15 PM,https://dkn.gs/sports/images/cfb/teams/50/8175.png,ARK @ UTAH,Showdown Captain Mode,CFB,9/12,Flex,"CFB Showdown $6K Air Raid [$2K to 1st] (ARK @ UTAH);CFB Showdown $720 Kick Return [Single Entry, Top 2 Win] (ARK @ UTAH);CFB Showdown $750 First Down (ARK @ UTAH);CFB Showdown $530 Winner Take All [Must Fill] (ARK @ UTAH);CFB Showdown $408 Winner Take All [$1.5K to 1st, Must Fill] (ARK @ UTAH);CFB Showdown $400 Coffin Corner [Single Entry] (ARK @ UTAH);CFB Showdown $267 Winner Take All [Must Fill] (ARK @ UTAH);CFB Showdown Satellite to NHL 11-3 $555 Barn Burner [Must Fill] (ARK @ UTAH);CFB Showdown $100 Winner Take All [$460 to 1st] (Must Fill) (ARK @ UTAH);CFB Showdown $155 White-Out [Single Entry] (ARK @ UTAH)",195476951;195476948;195476952;195477720;195477723;195476956;195477719;195477727;195477721;195476955;195477726;195476949;195476950;195476953;195476954;195567364;195477928;195477927;195477926;195477925,9/12 10:15PM (ARK @ UTAH)
Roscoe Burton - Showdown Captain Mode (Flex),195476961;195476957;195477828;195476965;195477831;195477827;195476958;195477835;195477829;195476959;195477834;195476960;195476962;195476963;195476964;195477944;195477943;195477942;195477941;195477940,1518320,44095608,Roscoe Burton,Roscoe,Burton,1000,RB,NMST,NMST @ HAW,09/13/2026 12:00 AM,https://dkn.gs/sports/images/cfb/teams/50/7946.png,NMST @ HAW,Showdown Captain Mode,CFB,9/13,Flex,"CFB Showdown $4K Air Raid [$1K to 1st] (NMST @ HAW);CFB Showdown $720 Kick Return [Single Entry, Top 2 Win] (NMST @ HAW);CFB Showdown $530 Winner Take All [Must Fill] (NMST @ HAW);CFB Showdown $200 Redshirt [Single Entry] (NMST @ HAW);CFB Showdown $408 Winner Take All [$1.5K to 1st, Must Fill] (NMST @ HAW);CFB Showdown $267 Winner Take All [Must Fill] (NMST @ HAW);CFB Showdown $155 White-Out [Single Entry] (NMST @ HAW);CFB Showdown Satellite to NHL 11-3 $555 Barn Burner [Must Fill] (NMST @ HAW);CFB Showdown $100 Winner Take All [$460 to 1st] (Must Fill) (NMST @ HAW);CFB Showdown $310 Blitz [Single Entry] (NMST @ HAW)",195476961;195476957;195477828;195476965;195477831;195477827;195476958;195477835;195477829;195476959;195477834;195476960;195476962;195476963;195476964;195477944;195477943;195477942;195477941;195477940,9/13 12:00AM (NMST @ HAW)
James Steffany-Fiame - Showdown Captain Mode (Flex),195476961;195476957;195477828;195476965;195477831;195477827;195476958;195477835;195477829;195476959;195477834;195476960;195476962;195476963;195476964;195477944;195477943;195477942;195477941;195477940,1663655,44095609,James Steffany-Fiame,James,Steffany-Fiame,1000,RB,HAW,NMST @ HAW,09/13/2026 12:00 AM,https://dkn.gs/sports/images/cfb/teams/50/8316.png,NMST @ HAW,Showdown Captain Mode,CFB,9/13,Flex,"CFB Showdown $4K Air Raid [$1K to 1st] (NMST @ HAW);CFB Showdown $720 Kick Return [Single Entry, Top 2 Win] (NMST @ HAW);CFB Showdown $530 Winner Take All [Must Fill] (NMST @ HAW);CFB Showdown $200 Redshirt [Single Entry] (NMST @ HAW);CFB Showdown $408 Winner Take All [$1.5K to 1st, Must Fill] (NMST @ HAW);CFB Showdown $267 Winner Take All [Must Fill] (NMST @ HAW);CFB Showdown $155 White-Out [Single Entry] (NMST @ HAW);CFB Showdown Satellite to NHL 11-3 $555 Barn Burner [Must Fill] (NMST @ HAW);CFB Showdown $100 Winner Take All [$460 to 1st] (Must Fill) (NMST @ HAW);CFB Showdown $310 Blitz [Single Entry] (NMST @ HAW)",195476961;195476957;195477828;195476965;195477831;195477827;195476958;195477835;195477829;195476959;195477834;195476960;195476962;195476963;195476964;195477944;195477943;195477942;195477941;195477940,9/13 12:00AM (NMST @ HAW)
Jalen Brown - Showdown Captain Mode (Flex),195476961;195476957;195477828;195476965;195477831;195477827;195476958;195477835;195477829;195476959;195477834;195476960;195476962;195476963;195476964;195477944;195477943;195477942;195477941;195477940,1458941,44095610,Jalen Brown,Jalen,Brown,1000,RB,NMST,NMST @ HAW,09/13/2026 12:00 AM,https://dkn.gs/sports/images/cfb/teams/50/7946.png,NMST @ HAW,Showdown Captain Mode,CFB,9/13,Flex,"CFB Showdown $4K Air Raid [$1K to 1st] (NMST @ HAW);CFB Showdown $720 Kick Return [Single Entry, Top 2 Win] (NMST @ HAW);CFB Showdown $530 Winner Take All [Must Fill] (NMST @ HAW);CFB Showdown $200 Redshirt [Single Entry] (NMST @ HAW);CFB Showdown $408 Winner Take All [$1.5K to 1st, Must Fill] (NMST @ HAW);CFB Showdown $267 Winner Take All [Must Fill] (NMST @ HAW);CFB Showdown $155 White-Out [Single Entry] (NMST @ HAW);CFB Showdown Satellite to NHL 11-3 $555 Barn Burner [Must Fill] (NMST @ HAW);CFB Showdown $100 Winner Take All [$460 to 1st] (Must Fill) (NMST @ HAW);CFB Showdown $310 Blitz [Single Entry] (NMST @ HAW)",195476961;195476957;195477828;195476965;195477831;195477827;195476958;195477835;195477829;195476959;195477834;195476960;195476962;195476963;195476964;195477944;195477943;195477942;195477941;195477940,9/13 12:00AM (NMST @ HAW)
Xavier Rucker - Showdown Captain Mode (Flex),195476961;195476957;195477828;195476965;195477831;195477827;195476958;195477835;195477829;195476959;195477834;195476960;195476962;195476963;195476964;195477944;195477943;195477942;195477941;195477940,1652655,44095611,Xavier Rucker,Xavier,Rucker,1000,RB,NMST,NMST @ HAW,09/13/2026 12:00 AM,https://dkn.gs/sports/images/cfb/teams/50/7946.png,NMST @ HAW,Showdown Captain Mode,CFB,9/13,Flex,"CFB Showdown $4K Air Raid [$1K to 1st] (NMST @ HAW);CFB Showdown $720 Kick Return [Single Entry, Top 2 Win] (NMST @ HAW);CFB Showdown $530 Winner Take All [Must Fill] (NMST @ HAW);CFB Showdown $200 Redshirt [Single Entry] (NMST @ HAW);CFB Showdown $408 Winner Take All [$1.5K to 1st, Must Fill] (NMST @ HAW);CFB Showdown $267 Winner Take All [Must Fill] (NMST @ HAW);CFB Showdown $155 White-Out [Single Entry] (NMST @ HAW);CFB Showdown Satellite to NHL 11-3 $555 Barn Burner [Must Fill] (NMST @ HAW);CFB Showdown $100 Winner Take All [$460 to 1st] (Must Fill) (NMST @ HAW);CFB Showdown $310 Blitz [Single Entry] (NMST @ HAW)",195476961;195476957;195477828;195476965;195477831;195477827;195476958;195477835;195477829;195476959;195477834;195476960;195476962;195476963;195476964;195477944;195477943;195477942;195477941;195477940,9/13 12:00AM (NMST @ HAW)
Isaiah Rudison - Showdown Captain Mode (Flex),195476961;195476957;195477828;195476965;195477831;195477827;195476958;195477835;195477829;195476959;195477834;195476960;195476962;195476963;195476964;195477944;195477943;195477942;195477941;195477940,1458922,44095612,Isaiah Rudison,Isaiah,Rudison,1000,RB,NMST,NMST @ HAW,09/13/2026 12:00 AM,https://dkn.gs/sports/images/cfb/teams/50/7946.png,NMST @ HAW,Showdown Captain Mode,CFB,9/13,Flex,"CFB Showdown $4K Air Raid [$1K to 1st] (NMST @ HAW);CFB Showdown $720 Kick Return [Single Entry, Top 2 Win] (NMST @ HAW);CFB Showdown $530 Winner Take All [Must Fill] (NMST @ HAW);CFB Showdown $200 Redshirt [Single Entry] (NMST @ HAW);CFB Showdown $408 Winner Take All [$1.5K to 1st, Must Fill] (NMST @ HAW);CFB Showdown $267 Winner Take All [Must Fill] (NMST @ HAW);CFB Showdown $155 White-Out [Single Entry] (NMST @ HAW);CFB Showdown Satellite to NHL 11-3 $555 Barn Burner [Must Fill] (NMST @ HAW);CFB Showdown $100 Winner Take All [$460 to 1st] (Must Fill) (NMST @ HAW);CFB Showdown $310 Blitz [Single Entry] (NMST @ HAW)",195476961;195476957;195477828;195476965;195477831;195477827;195476958;195477835;195477829;195476959;195477834;195476960;195476962;195476963;195476964;195477944;195477943;195477942;195477941;195477940,9/13 12:00AM (NMST @ HAW)
Noah Bartley - Showdown Captain Mode (Flex),195476961;195476957;195477828;195476965;195477831;195477827;195476958;195477835;195477829;195476959;195477834;195476960;195476962;195476963;195476964;195477944;195477943;195477942;195477941;195477940,1663659,44095613,Noah Bartley,Noah,Bartley,1000,RB,HAW,NMST @ HAW,09/13/2026 12:00 AM,https://dkn.gs/sports/images/cfb/teams/50/8316.png,NMST @ HAW,Showdown Captain Mode,CFB,9/13,Flex,"CFB Showdown $4K Air Raid [$1K to 1st] (NMST @ HAW);CFB Showdown $720 Kick Return [Single Entry, Top 2 Win] (NMST @ HAW);CFB Showdown $530 Winner Take All [Must Fill] (NMST @ HAW);CFB Showdown $200 Redshirt [Single Entry] (NMST @ HAW);CFB Showdown $408 Winner Take All [$1.5K to 1st, Must Fill] (NMST @ HAW);CFB Showdown $267 Winner Take All [Must Fill] (NMST @ HAW);CFB Showdown $155 White-Out [Single Entry] (NMST @ HAW);CFB Showdown Satellite to NHL 11-3 $555 Barn Burner [Must Fill] (NMST @ HAW);CFB Showdown $100 Winner Take All [$460 to 1st] (Must Fill) (NMST @ HAW);CFB Showdown $310 Blitz [Single Entry] (NMST @ HAW)",195476961;195476957;195477828;195476965;195477831;195477827;195476958;195477835;195477829;195476959;195477834;195476960;195476962;195476963;195476964;195477944;195477943;195477942;195477941;195477940,9/13 12:00AM (NMST @ HAW)
David Barela - Showdown Captain Mode (Flex),195476961;195476957;195477828;195476965;195477831;195477827;195476958;195477835;195477829;195476959;195477834;195476960;195476962;195476963;195476964;195477944;195477943;195477942;195477941;195477940,1457692,44095614,David Barela,David,Barela,1000,RB,NMST,NMST @ HAW,09/13/2026 12:00 AM,https://dkn.gs/sports/images/cfb/teams/50/7946.png,NMST @ HAW,Showdown Captain Mode,CFB,9/13,Flex,"CFB Showdown $4K Air Raid [$1K to 1st] (NMST @ HAW);CFB Showdown $720 Kick Return [Single Entry, Top 2 Win] (NMST @ HAW);CFB Showdown $530 Winner Take All [Must Fill] (NMST @ HAW);CFB Showdown $200 Redshirt [Single Entry] (NMST @ HAW);CFB Showdown $408 Winner Take All [$1.5K to 1st, Must Fill] (NMST @ HAW);CFB Showdown $267 Winner Take All [Must Fill] (NMST @ HAW);CFB Showdown $155 White-Out [Single Entry] (NMST @ HAW);CFB Showdown Satellite to NHL 11-3 $555 Barn Burner [Must Fill] (NMST @ HAW);CFB Showdown $100 Winner Take All [$460 to 1st] (Must Fill) (NMST @ HAW);CFB Showdown $310 Blitz [Single Entry] (NMST @ HAW)",195476961;195476957;195477828;195476965;195477831;195477827;195476958;195477835;195477829;195476959;195477834;195476960;195476962;195476963;195476964;195477944;195477943;195477942;195477941;195477940,9/13 12:00AM (NMST @ HAW)
TJ Fo'ilefutu - Showdown Captain Mode (Flex),195476961;195476957;195477828;195476965;195477831;195477827;195476958;195477835;195477829;195476959;195477834;195476960;195476962;195476963;195476964;195477944;195477943;195477942;195477941;195477940,1651929,44095615,TJ Fo'ilefutu,TJ,Fo'ilefutu,1000,RB,HAW,NMST @ HAW,09/13/2026 12:00 AM,https://dkn.gs/sports/images/cfb/teams/50/8316.png,NMST @ HAW,Showdown Captain Mode,CFB,9/13,Flex,"CFB Showdown $4K Air Raid [$1K to 1st] (NMST @ HAW);CFB Showdown $720 Kick Return [Single Entry, Top 2 Win] (NMST @ HAW);CFB Showdown $530 Winner Take All [Must Fill] (NMST @ HAW);CFB Showdown $200 Redshirt [Single Entry] (NMST @ HAW);CFB Showdown $408 Winner Take All [$1.5K to 1st, Must Fill] (NMST @ HAW);CFB Showdown $267 Winner Take All [Must Fill] (NMST @ HAW);CFB Showdown $155 White-Out [Single Entry] (NMST @ HAW);CFB Showdown Satellite to NHL 11-3 $555 Barn Burner [Must Fill] (NMST @ HAW);CFB Showdown $100 Winner Take All [$460 to 1st] (Must Fill) (NMST @ HAW);CFB Showdown $310 Blitz [Single Entry] (NMST @ HAW)",195476961;195476957;195477828;195476965;195477831;195477827;195476958;195477835;195477829;195476959;195477834;195476960;195476962;195476963;195476964;195477944;195477943;195477942;195477941;195477940,9/13 12:00AM (NMST @ HAW)
Nick Delgadillo - Showdown Captain Mode (Flex),195476961;195476957;195477828;195476965;195477831;195477827;195476958;195477835;195477829;195476959;195477834;195476960;195476962;195476963;195476964;195477944;195477943;195477942;195477941;195477940,1456750,44095616,Nick Delgadillo,Nick,Delgadillo,1000,WR,HAW,NMST @ HAW,09/13/2026 12:00 AM,https://dkn.gs/sports/images/cfb/teams/50/8316.png,NMST @ HAW,Showdown Captain Mode,CFB,9/13,Flex,"CFB Showdown $4K Air Raid [$1K to 1st] (NMST @ HAW);CFB Showdown $720 Kick Return [Single Entry, Top 2 Win] (NMST @ HAW);CFB Showdown $530 Winner Take All [Must Fill] (NMST @ HAW);CFB Showdown $200 Redshirt [Single Entry] (NMST @ HAW);CFB Showdown $408 Winner Take All [$1.5K to 1st, Must Fill] (NMST @ HAW);CFB Showdown $267 Winner Take All [Must Fill] (NMST @ HAW);CFB Showdown $155 White-Out [Single Entry] (NMST @ HAW);CFB Showdown Satellite to NHL 11-3 $555 Barn Burner [Must Fill] (NMST @ HAW);CFB Showdown $100 Winner Take All [$460 to 1st] (Must Fill) (NMST @ HAW);CFB Showdown $310 Blitz [Single Entry] (NMST @ HAW)",195476961;195476957;195477828;195476965;195477831;195477827;195476958;195477835;195477829;195476959;195477834;195476960;195476962;195476963;195476964;195477944;195477943;195477942;195477941;195477940,9/13 12:00AM (NMST @ HAW)
Koa Eldredge - Showdown Captain Mode (Flex),195476961;195476957;195477828;195476965;195477831;195477827;195476958;195477835;195477829;195476959;195477834;195476960;195476962;195476963;195476964;195477944;195477943;195477942;195477941;195477940,1441251,44095617,Koa Eldredge,Koa,Eldredge,1000,WR,HAW,NMST @ HAW,09/13/2026 12:00 AM,https://dkn.gs/sports/images/cfb/teams/50/8316.png,NMST @ HAW,Showdown Captain Mode,CFB,9/13,Flex,"CFB Showdown $4K Air Raid [$1K to 1st] (NMST @ HAW);CFB Showdown $720 Kick Return [Single Entry, Top 2 Win] (NMST @ HAW);CFB Showdown $530 Winner Take All [Must Fill] (NMST @ HAW);CFB Showdown $200 Redshirt [Single Entry] (NMST @ HAW);CFB Showdown $408 Winner Take All [$1.5K to 1st, Must Fill] (NMST @ HAW);CFB Showdown $267 Winner Take All [Must Fill] (NMST @ HAW);CFB Showdown $155 White-Out [Single Entry] (NMST @ HAW);CFB Showdown Satellite to NHL 11-3 $555 Barn Burner [Must Fill] (NMST @ HAW);CFB Showdown $100 Winner Take All [$460 to 1st] (Must Fill) (NMST @ HAW);CFB Showdown $310 Blitz [Single Entry] (NMST @ HAW)",195476961;195476957;195477828;195476965;195477831;195477827;195476958;195477835;195477829;195476959;195477834;195476960;195476962;195476963;195476964;195477944;195477943;195477942;195477941;195477940,9/13 12:00AM (NMST @ HAW)
Anthony Hickman - Showdown Captain Mode (Flex),195476961;195476957;195477828;195476965;195477831;195477827;195476958;195477835;195477829;195476959;195477834;195476960;195476962;195476963;195476964;195477944;195477943;195477942;195477941;195477940,1654085,44095618,Anthony Hickman,Anthony,Hickman,1000,WR,HAW,NMST @ HAW,09/13/2026 12:00 AM,https://dkn.gs/sports/images/cfb/teams/50/8316.png,NMST @ HAW,Showdown Captain Mode,CFB,9/13,Flex,"CFB Showdown $4K Air Raid [$1K to 1st] (NMST @ HAW);CFB Showdown $720 Kick Return [Single Entry, Top 2 Win] (NMST @ HAW);CFB Showdown $530 Winner Take All [Must Fill] (NMST @ HAW);CFB Showdown $200 Redshirt [Single Entry] (NMST @ HAW);CFB Showdown $408 Winner Take All [$1.5K to 1st, Must Fill] (NMST @ HAW);CFB Showdown $267 Winner Take All [Must Fill] (NMST @ HAW);CFB Showdown $155 White-Out [Single Entry] (NMST @ HAW);CFB Showdown Satellite to NHL 11-3 $555 Barn Burner [Must Fill] (NMST @ HAW);CFB Showdown $100 Winner Take All [$460 to 1st] (Must Fill) (NMST @ HAW);CFB Showdown $310 Blitz [Single Entry] (NMST @ HAW)",195476961;195476957;195477828;195476965;195477831;195477827;195476958;195477835;195477829;195476959;195477834;195476960;195476962;195476963;195476964;195477944;195477943;195477942;195477941;195477940,9/13 12:00AM (NMST @ HAW)
Frank Abreu - Showdown Captain Mode (Flex),195476961;195476957;195477828;195476965;195477831;195477827;195476958;195477835;195477829;195476959;195477834;195476960;195476962;195476963;195476964;195477944;195477943;195477942;195477941;195477940,1584519,44095619,Frank Abreu,Frank,Abreu,1000,WR,HAW,NMST @ HAW,09/13/2026 12:00 AM,https://dkn.gs/sports/images/cfb/teams/50/8316.png,NMST @ HAW,Showdown Captain Mode,CFB,9/13,Flex,"CFB Showdown $4K Air Raid [$1K to 1st] (NMST @ HAW);CFB Showdown $720 Kick Return [Single Entry, Top 2 Win] (NMST @ HAW);CFB Showdown $530 Winner Take All [Must Fill] (NMST @ HAW);CFB Showdown $200 Redshirt [Single Entry] (NMST @ HAW);CFB Showdown $408 Winner Take All [$1.5K to 1st, Must Fill] (NMST @ HAW);CFB Showdown $267 Winner Take All [Must Fill] (NMST @ HAW);CFB Showdown $155 White-Out [Single Entry] (NMST @ HAW);CFB Showdown Satellite to NHL 11-3 $555 Barn Burner [Must Fill] (NMST @ HAW);CFB Showdown $100 Winner Take All [$460 to 1st] (Must Fill) (NMST @ HAW);CFB Showdown $310 Blitz [Single Entry] (NMST @ HAW)",195476961;195476957;195477828;195476965;195477831;195477827;195476958;195477835;195477829;195476959;195477834;195476960;195476962;195476963;195476964;195477944;195477943;195477942;195477941;195477940,9/13 12:00AM (NMST @ HAW)
Andrew Price - Showdown Captain Mode (Flex),195476961;195476957;195477828;195476965;195477831;195477827;195476958;195477835;195477829;195476959;195477834;195476960;195476962;195476963;195476964;195477944;195477943;195477942;195477941;195477940,1663678,44095620,Andrew Price,Andrew,Price,1000,WR,HAW,NMST @ HAW,09/13/2026 12:00 AM,https://dkn.gs/sports/images/cfb/teams/50/8316.png,NMST @ HAW,Showdown Captain Mode,CFB,9/13,Flex,"CFB Showdown $4K Air Raid [$1K to 1st] (NMST @ HAW);CFB Showdown $720 Kick Return [Single Entry, Top 2 Win] (NMST @ HAW);CFB Showdown $530 Winner Take All [Must Fill] (NMST @ HAW);CFB Showdown $200 Redshirt [Single Entry] (NMST @ HAW);CFB Showdown $408 Winner Take All [$1.5K to 1st, Must Fill] (NMST @ HAW);CFB Showdown $267 Winner Take All [Must Fill] (NMST @ HAW);CFB Showdown $155 White-Out [Single Entry] (NMST @ HAW);CFB Showdown Satellite to NHL 11-3 $555 Barn Burner [Must Fill] (NMST @ HAW);CFB Showdown $100 Winner Take All [$460 to 1st] (Must Fill) (NMST @ HAW);CFB Showdown $310 Blitz [Single Entry] (NMST @ HAW)",195476961;195476957;195477828;195476965;195477831;195477827;195476958;195477835;195477829;195476959;195477834;195476960;195476962;195476963;195476964;195477944;195477943;195477942;195477941;195477940,9/13 12:00AM (NMST @ HAW)
Matthew Bailiff - Showdown Captain Mode (Flex),195476961;195476957;195477828;195476965;195477831;195477827;195476958;195477835;195477829;195476959;195477834;195476960;195476962;195476963;195476964;195477944;195477943;195477942;195477941;195477940,1456733,44095621,Matthew Bailiff,Matthew,Bailiff,1000,WR,HAW,NMST @ HAW,09/13/2026 12:00 AM,https://dkn.gs/sports/images/cfb/teams/50/8316.png,NMST @ HAW,Showdown Captain Mode,CFB,9/13,Flex,"CFB Showdown $4K Air Raid [$1K to 1st] (NMST @ HAW);CFB Showdown $720 Kick Return [Single Entry, Top 2 Win] (NMST @ HAW);CFB Showdown $530 Winner Take All [Must Fill] (NMST @ HAW);CFB Showdown $200 Redshirt [Single Entry] (NMST @ HAW);CFB Showdown $408 Winner Take All [$1.5K to 1st, Must Fill] (NMST @ HAW);CFB Showdown $267 Winner Take All [Must Fill] (NMST @ HAW);CFB Showdown $155 White-Out [Single Entry] (NMST @ HAW);CFB Showdown Satellite to NHL 11-3 $555 Barn Burner [Must Fill] (NMST @ HAW);CFB Showdown $100 Winner Take All [$460 to 1st] (Must Fill) (NMST @ HAW);CFB Showdown $310 Blitz [Single Entry] (NMST @ HAW)",195476961;195476957;195477828;195476965;195477831;195477827;195476958;195477835;195477829;195476959;195477834;195476960;195476962;195476963;195476964;195477944;195477943;195477942;195477941;195477940,9/13 12:00AM (NMST @ HAW)
Jayden Bell - Showdown Captain Mode (Flex),195476961;195476957;195477828;195476965;195477831;195477827;195476958;195477835;195477829;195476959;195477834;195476960;195476962;195476963;195476964;195477944;195477943;195477942;195477941;195477940,1457683,44095622,Jayden Bell,Jayden,Bell,1000,WR,NMST,NMST @ HAW,09/13/2026 12:00 AM,https://dkn.gs/sports/images/cfb/teams/50/7946.png,NMST @ HAW,Showdown Captain Mode,CFB,9/13,Flex,"CFB Showdown $4K Air Raid [$1K to 1st] (NMST @ HAW);CFB Showdown $720 Kick Return [Single Entry, Top 2 Win] (NMST @ HAW);CFB Showdown $530 Winner Take All [Must Fill] (NMST @ HAW);CFB Showdown $200 Redshirt [Single Entry] (NMST @ HAW);CFB Showdown $408 Winner Take All [$1.5K to 1st, Must Fill] (NMST @ HAW);CFB Showdown $267 Winner Take All [Must Fill] (NMST @ HAW);CFB Showdown $155 White-Out [Single Entry] (NMST @ HAW);CFB Showdown Satellite to NHL 11-3 $555 Barn Burner [Must Fill] (NMST @ HAW);CFB Showdown $100 Winner Take All [$460 to 1st] (Must Fill) (NMST @ HAW);CFB Showdown $310 Blitz [Single Entry] (NMST @ HAW)",195476961;195476957;195477828;195476965;195477831;195477827;195476958;195477835;195477829;195476959;195477834;195476960;195476962;195476963;195476964;195477944;195477943;195477942;195477941;195477940,9/13 12:00AM (NMST @ HAW)
Jarvis Heimuli - Showdown Captain Mode (Flex),195476961;195476957;195477828;195476965;195477831;195477827;195476958;195477835;195477829;195476959;195477834;195476960;195476962;195476963;195476964;195477944;195477943;195477942;195477941;195477940,1519563,44095623,Jarvis Heimuli,Jarvis,Heimuli,1000,WR,HAW,NMST @ HAW,09/13/2026 12:00 AM,https://dkn.gs/sports/images/cfb/teams/50/8316.png,NMST @ HAW,Showdown Captain Mode,CFB,9/13,Flex,"CFB Showdown $4K Air Raid [$1K to 1st] (NMST @ HAW);CFB Showdown $720 Kick Return [Single Entry, Top 2 Win] (NMST @ HAW);CFB Showdown $530 Winner Take All [Must Fill] (NMST @ HAW);CFB Showdown $200 Redshirt [Single Entry] (NMST @ HAW);CFB Showdown $408 Winner Take All [$1.5K to 1st, Must Fill] (NMST @ HAW);CFB Showdown $267 Winner Take All [Must Fill] (NMST @ HAW);CFB Showdown $155 White-Out [Single Entry] (NMST @ HAW);CFB Showdown Satellite to NHL 11-3 $555 Barn Burner [Must Fill] (NMST @ HAW);CFB Showdown $100 Winner Take All [$460 to 1st] (Must Fill) (NMST @ HAW);CFB Showdown $310 Blitz [Single Entry] (NMST @ HAW)",195476961;195476957;195477828;195476965;195477831;195477827;195476958;195477835;195477829;195476959;195477834;195476960;195476962;195476963;195476964;195477944;195477943;195477942;195477941;195477940,9/13 12:00AM (NMST @ HAW)
Dillon Booth - Showdown Captain Mode (Flex),195476961;195476957;195477828;195476965;195477831;195477827;195476958;195477835;195477829;195476959;195477834;195476960;195476962;195476963;195476964;195477944;195477943;195477942;195477941;195477940,1651934,44095624,Dillon Booth,Dillon,Booth,1000,WR,HAW,NMST @ HAW,09/13/2026 12:00 AM,https://dkn.gs/sports/images/cfb/teams/50/8316.png,NMST @ HAW,Showdown Captain Mode,CFB,9/13,Flex,"CFB Showdown $4K Air Raid [$1K to 1st] (NMST @ HAW);CFB Showdown $720 Kick Return [Single Entry, Top 2 Win] (NMST @ HAW);CFB Showdown $530 Winner Take All [Must Fill] (NMST @ HAW);CFB Showdown $200 Redshirt [Single Entry] (NMST @ HAW);CFB Showdown $408 Winner Take All [$1.5K to 1st, Must Fill] (NMST @ HAW);CFB Showdown $267 Winner Take All [Must Fill] (NMST @ HAW);CFB Showdown $155 White-Out [Single Entry] (NMST @ HAW);CFB Showdown Satellite to NHL 11-3 $555 Barn Burner [Must Fill] (NMST @ HAW);CFB Showdown $100 Winner Take All [$460 to 1st] (Must Fill) (NMST @ HAW);CFB Showdown $310 Blitz [Single Entry] (NMST @ HAW)",195476961;195476957;195477828;195476965;195477831;195477827;195476958;195477835;195477829;195476959;195477834;195476960;195476962;195476963;195476964;195477944;195477943;195477942;195477941;195477940,9/13 12:00AM (NMST @ HAW)
Kaden Trevino - Showdown Captain Mode (Flex),195476961;195476957;195477828;195476965;195477831;195477827;195476958;195477835;195477829;195476959;195477834;195476960;195476962;195476963;195476964;195477944;195477943;195477942;195477941;195477940,1458936,44095625,Kaden Trevino,Kaden,Trevino,1000,WR,NMST,NMST @ HAW,09/13/2026 12:00 AM,https://dkn.gs/sports/images/cfb/teams/50/7946.png,NMST @ HAW,Showdown Captain Mode,CFB,9/13,Flex,"CFB Showdown $4K Air Raid [$1K to 1st] (NMST @ HAW);CFB Showdown $720 Kick Return [Single Entry, Top 2 Win] (NMST @ HAW);CFB Showdown $530 Winner Take All [Must Fill] (NMST @ HAW);CFB Showdown $200 Redshirt [Single Entry] (NMST @ HAW);CFB Showdown $408 Winner Take All [$1.5K to 1st, Must Fill] (NMST @ HAW);CFB Showdown $267 Winner Take All [Must Fill] (NMST @ HAW);CFB Showdown $155 White-Out [Single Entry] (NMST @ HAW);CFB Showdown Satellite to NHL 11-3 $555 Barn Burner [Must Fill] (NMST @ HAW);CFB Showdown $100 Winner Take All [$460 to 1st] (Must Fill) (NMST @ HAW);CFB Showdown $310 Blitz [Single Entry] (NMST @ HAW)",195476961;195476957;195477828;195476965;195477831;195477827;195476958;195477835;195477829;195476959;195477834;195476960;195476962;195476963;195476964;195477944;195477943;195477942;195477941;195477940,9/13 12:00AM (NMST @ HAW)
Titan Lacaden - Showdown Captain Mode (Flex),195476961;195476957;195477828;195476965;195477831;195477827;195476958;195477835;195477829;195476959;195477834;195476960;195476962;195476963;195476964;195477944;195477943;195477942;195477941;195477940,1596199,44095626,Titan Lacaden,Titan,Lacaden,1000,WR,HAW,NMST @ HAW,09/13/2026 12:00 AM,https://dkn.gs/sports/images/cfb/teams/50/8316.png,NMST @ HAW,Showdown Captain Mode,CFB,9/13,Flex,"CFB Showdown $4K Air Raid [$1K to 1st] (NMST @ HAW);CFB Showdown $720 Kick Return [Single Entry, Top 2 Win] (NMST @ HAW);CFB Showdown $530 Winner Take All [Must Fill] (NMST @ HAW);CFB Showdown $200 Redshirt [Single Entry] (NMST @ HAW);CFB Showdown $408 Winner Take All [$1.5K to 1st, Must Fill] (NMST @ HAW);CFB Showdown $267 Winner Take All [Must Fill] (NMST @ HAW);CFB Showdown $155 White-Out [Single Entry] (NMST @ HAW);CFB Showdown Satellite to NHL 11-3 $555 Barn Burner [Must Fill] (NMST @ HAW);CFB Showdown $100 Winner Take All [$460 to 1st] (Must Fill) (NMST @ HAW);CFB Showdown $310 Blitz [Single Entry] (NMST @ HAW)",195476961;195476957;195477828;195476965;195477831;195477827;195476958;195477835;195477829;195476959;195477834;195476960;195476962;195476963;195476964;195477944;195477943;195477942;195477941;195477940,9/13 12:00AM (NMST @ HAW)
Joshua Goines - Showdown Captain Mode (Flex),195476961;195476957;195477828;195476965;195477831;195477827;195476958;195477835;195477829;195476959;195477834;195476960;195476962;195476963;195476964;195477944;195477943;195477942;195477941;195477940,1448273,44095627,Joshua Goines,Joshua,Goines,1000,WR,NMST,NMST @ HAW,09/13/2026 12:00 AM,https://dkn.gs/sports/images/cfb/teams/50/7946.png,NMST @ HAW,Showdown Captain Mode,CFB,9/13,Flex,"CFB Showdown $4K Air Raid [$1K to 1st] (NMST @ HAW);CFB Showdown $720 Kick Return [Single Entry, Top 2 Win] (NMST @ HAW);CFB Showdown $530 Winner Take All [Must Fill] (NMST @ HAW);CFB Showdown $200 Redshirt [Single Entry] (NMST @ HAW);CFB Showdown $408 Winner Take All [$1.5K to 1st, Must Fill] (NMST @ HAW);CFB Showdown $267 Winner Take All [Must Fill] (NMST @ HAW);CFB Showdown $155 White-Out [Single Entry] (NMST @ HAW);CFB Showdown Satellite to NHL 11-3 $555 Barn Burner [Must Fill] (NMST @ HAW);CFB Showdown $100 Winner Take All [$460 to 1st] (Must Fill) (NMST @ HAW);CFB Showdown $310 Blitz [Single Entry] (NMST @ HAW)",195476961;195476957;195477828;195476965;195477831;195477827;195476958;195477835;195477829;195476959;195477834;195476960;195476962;195476963;195476964;195477944;195477943;195477942;195477941;195477940,9/13 12:00AM (NMST @ HAW)
Josiah Castillo - Showdown Captain Mode (Flex),195476961;195476957;195477828;195476965;195477831;195477827;195476958;195477835;195477829;195476959;195477834;195476960;195476962;195476963;195476964;195477944;195477943;195477942;195477941;195477940,1652695,44095628,Josiah Castillo,Josiah,Castillo,1000,WR,NMST,NMST @ HAW,09/13/2026 12:00 AM,https://dkn.gs/sports/images/cfb/teams/50/7946.png,NMST @ HAW,Showdown Captain Mode,CFB,9/13,Flex,"CFB Showdown $4K Air Raid [$1K to 1st] (NMST @ HAW);CFB Showdown $720 Kick Return [Single Entry, Top 2 Win] (NMST @ HAW);CFB Showdown $530 Winner Take All [Must Fill] (NMST @ HAW);CFB Showdown $200 Redshirt [Single Entry] (NMST @ HAW);CFB Showdown $408 Winner Take All [$1.5K to 1st, Must Fill] (NMST @ HAW);CFB Showdown $267 Winner Take All [Must Fill] (NMST @ HAW);CFB Showdown $155 White-Out [Single Entry] (NMST @ HAW);CFB Showdown Satellite to NHL 11-3 $555 Barn Burner [Must Fill] (NMST @ HAW);CFB Showdown $100 Winner Take All [$460 to 1st] (Must Fill) (NMST @ HAW);CFB Showdown $310 Blitz [Single Entry] (NMST @ HAW)",195476961;195476957;195477828;195476965;195477831;195477827;195476958;195477835;195477829;195476959;195477834;195476960;195476962;195476963;195476964;195477944;195477943;195477942;195477941;195477940,9/13 12:00AM (NMST @ HAW)
Duke Frye - Showdown Captain Mode (Flex),195476961;195476957;195477828;195476965;195477831;195477827;195476958;195477835;195477829;195476959;195477834;195476960;195476962;195476963;195476964;195477944;195477943;195477942;195477941;195477940,1404413,44095629,Duke Frye,Duke,Frye,1000,WR,NMST,NMST @ HAW,09/13/2026 12:00 AM,https://dkn.gs/sports/images/cfb/teams/50/7946.png,NMST @ HAW,Showdown Captain Mode,CFB,9/13,Flex,"CFB Showdown $4K Air Raid [$1K to 1st] (NMST @ HAW);CFB Showdown $720 Kick Return [Single Entry, Top 2 Win] (NMST @ HAW);CFB Showdown $530 Winner Take All [Must Fill] (NMST @ HAW);CFB Showdown $200 Redshirt [Single Entry] (NMST @ HAW);CFB Showdown $408 Winner Take All [$1.5K to 1st, Must Fill] (NMST @ HAW);CFB Showdown $267 Winner Take All [Must Fill] (NMST @ HAW);CFB Showdown $155 White-Out [Single Entry] (NMST @ HAW);CFB Showdown Satellite to NHL 11-3 $555 Barn Burner [Must Fill] (NMST @ HAW);CFB Showdown $100 Winner Take All [$460 to 1st] (Must Fill) (NMST @ HAW);CFB Showdown $310 Blitz [Single Entry] (NMST @ HAW)",195476961;195476957;195477828;195476965;195477831;195477827;195476958;195477835;195477829;195476959;195477834;195476960;195476962;195476963;195476964;195477944;195477943;195477942;195477941;195477940,9/13 12:00AM (NMST @ HAW)
Brandon Gaea - Showdown Captain Mode (Flex),195476961;195476957;195477828;195476965;195477831;195477827;195476958;195477835;195477829;195476959;195477834;195476960;195476962;195476963;195476964;195477944;195477943;195477942;195477941;195477940,1651935,44095630,Brandon Gaea,Brandon,Gaea,1000,WR,HAW,NMST @ HAW,09/13/2026 12:00 AM,https://dkn.gs/sports/images/cfb/teams/50/8316.png,NMST @ HAW,Showdown Captain Mode,CFB,9/13,Flex,"CFB Showdown $4K Air Raid [$1K to 1st] (NMST @ HAW);CFB Showdown $720 Kick Return [Single Entry, Top 2 Win] (NMST @ HAW);CFB Showdown $530 Winner Take All [Must Fill] (NMST @ HAW);CFB Showdown $200 Redshirt [Single Entry] (NMST @ HAW);CFB Showdown $408 Winner Take All [$1.5K to 1st, Must Fill] (NMST @ HAW);CFB Showdown $267 Winner Take All [Must Fill] (NMST @ HAW);CFB Showdown $155 White-Out [Single Entry] (NMST @ HAW);CFB Showdown Satellite to NHL 11-3 $555 Barn Burner [Must Fill] (NMST @ HAW);CFB Showdown $100 Winner Take All [$460 to 1st] (Must Fill) (NMST @ HAW);CFB Showdown $310 Blitz [Single Entry] (NMST @ HAW)",195476961;195476957;195477828;195476965;195477831;195477827;195476958;195477835;195477829;195476959;195477834;195476960;195476962;195476963;195476964;195477944;195477943;195477942;195477941;195477940,9/13 12:00AM (NMST @ HAW)
Micah Kaonohi-Kaihenui - Showdown Captain Mode (Flex),195476961;195476957;195477828;195476965;195477831;195477827;195476958;195477835;195477829;195476959;195477834;195476960;195476962;195476963;195476964;195477944;195477943;195477942;195477941;195477940,1442291,44095631,Micah Kaonohi-Kaihenui,Micah,Kaonohi-Kaihenui,1000,WR,HAW,NMST @ HAW,09/13/2026 12:00 AM,https://dkn.gs/sports/images/cfb/teams/50/8316.png,NMST @ HAW,Showdown Captain Mode,CFB,9/13,Flex,"CFB Showdown $4K Air Raid [$1K to 1st] (NMST @ HAW);CFB Showdown $720 Kick Return [Single Entry, Top 2 Win] (NMST @ HAW);CFB Showdown $530 Winner Take All [Must Fill] (NMST @ HAW);CFB Showdown $200 Redshirt [Single Entry] (NMST @ HAW);CFB Showdown $408 Winner Take All [$1.5K to 1st, Must Fill] (NMST @ HAW);CFB Showdown $267 Winner Take All [Must Fill] (NMST @ HAW);CFB Showdown $155 White-Out [Single Entry] (NMST @ HAW);CFB Showdown Satellite to NHL 11-3 $555 Barn Burner [Must Fill] (NMST @ HAW);CFB Showdown $100 Winner Take All [$460 to 1st] (Must Fill) (NMST @ HAW);CFB Showdown $310 Blitz [Single Entry] (NMST @ HAW)",195476961;195476957;195477828;195476965;195477831;195477827;195476958;195477835;195477829;195476959;195477834;195476960;195476962;195476963;195476964;195477944;195477943;195477942;195477941;195477940,9/13 12:00AM (NMST @ HAW)
Diezel Kamoku - Showdown Captain Mode (Flex),195476961;195476957;195477828;195476965;195477831;195477827;195476958;195477835;195477829;195476959;195477834;195476960;195476962;195476963;195476964;195477944;195477943;195477942;195477941;195477940,1530610,44095632,Diezel Kamoku,Diezel,Kamoku,1000,WR,HAW,NMST @ HAW,09/13/2026 12:00 AM,https://dkn.gs/sports/images/cfb/teams/50/8316.png,NMST @ HAW,Showdown Captain Mode,CFB,9/13,Flex,"CFB Showdown $4K Air Raid [$1K to 1st] (NMST @ HAW);CFB Showdown $720 Kick Return [Single Entry, Top 2 Win] (NMST @ HAW);CFB Showdown $530 Winner Take All [Must Fill] (NMST @ HAW);CFB Showdown $200 Redshirt [Single Entry] (NMST @ HAW);CFB Showdown $408 Winner Take All [$1.5K to 1st, Must Fill] (NMST @ HAW);CFB Showdown $267 Winner Take All [Must Fill] (NMST @ HAW);CFB Showdown $155 White-Out [Single Entry] (NMST @ HAW);CFB Showdown Satellite to NHL 11-3 $555 Barn Burner [Must Fill] (NMST @ HAW);CFB Showdown $100 Winner Take All [$460 to 1st] (Must Fill) (NMST @ HAW);CFB Showdown $310 Blitz [Single Entry] (NMST @ HAW)",195476961;195476957;195477828;195476965;195477831;195477827;195476958;195477835;195477829;195476959;195477834;195476960;195476962;195476963;195476964;195477944;195477943;195477942;195477941;195477940,9/13 12:00AM (NMST @ HAW)
Luke Lopez - Showdown Captain Mode (Flex),195476961;195476957;195477828;195476965;195477831;195477827;195476958;195477835;195477829;195476959;195477834;195476960;195476962;195476963;195476964;195477944;195477943;195477942;195477941;195477940,1652694,44095633,Luke Lopez,Luke,Lopez,1000,WR,NMST,NMST @ HAW,09/13/2026 12:00 AM,https://dkn.gs/sports/images/cfb/teams/50/7946.png,NMST @ HAW,Showdown Captain Mode,CFB,9/13,Flex,"CFB Showdown $4K Air Raid [$1K to 1st] (NMST @ HAW);CFB Showdown $720 Kick Return [Single Entry, Top 2 Win] (NMST @ HAW);CFB Showdown $530 Winner Take All [Must Fill] (NMST @ HAW);CFB Showdown $200 Redshirt [Single Entry] (NMST @ HAW);CFB Showdown $408 Winner Take All [$1.5K to 1st, Must Fill] (NMST @ HAW);CFB Showdown $267 Winner Take All [Must Fill] (NMST @ HAW);CFB Showdown $155 White-Out [Single Entry] (NMST @ HAW);CFB Showdown Satellite to NHL 11-3 $555 Barn Burner [Must Fill] (NMST @ HAW);CFB Showdown $100 Winner Take All [$460 to 1st] (Must Fill) (NMST @ HAW);CFB Showdown $310 Blitz [Single Entry] (NMST @ HAW)",195476961;195476957;195477828;195476965;195477831;195477827;195476958;195477835;195477829;195476959;195477834;195476960;195476962;195476963;195476964;195477944;195477943;195477942;195477941;195477940,9/13 12:00AM (NMST @ HAW)
Oakie Salave'a - Showdown Captain Mode (Flex),195476961;195476957;195477828;195476965;195477831;195477827;195476958;195477835;195477829;195476959;195477834;195476960;195476962;195476963;195476964;195477944;195477943;195477942;195477941;195477940,1381384,44095634,Oakie Salave'a,Oakie,Salave'a,1000,WR,HAW,NMST @ HAW,09/13/2026 12:00 AM,https://dkn.gs/sports/images/cfb/teams/50/8316.png,NMST @ HAW,Showdown Captain Mode,CFB,9/13,Flex,"CFB Showdown $4K Air Raid [$1K to 1st] (NMST @ HAW);CFB Showdown $720 Kick Return [Single Entry, Top 2 Win] (NMST @ HAW);CFB Showdown $530 Winner Take All [Must Fill] (NMST @ HAW);CFB Showdown $200 Redshirt [Single Entry] (NMST @ HAW);CFB Showdown $408 Winner Take All [$1.5K to 1st, Must Fill] (NMST @ HAW);CFB Showdown $267 Winner Take All [Must Fill] (NMST @ HAW);CFB Showdown $155 White-Out [Single Entry] (NMST @ HAW);CFB Showdown Satellite to NHL 11-3 $555 Barn Burner [Must Fill] (NMST @ HAW);CFB Showdown $100 Winner Take All [$460 to 1st] (Must Fill) (NMST @ HAW);CFB Showdown $310 Blitz [Single Entry] (NMST @ HAW)",195476961;195476957;195477828;195476965;195477831;195477827;195476958;195477835;195477829;195476959;195477834;195476960;195476962;195476963;195476964;195477944;195477943;195477942;195477941;195477940,9/13 12:00AM (NMST @ HAW)
Ray Lotten - Showdown Captain Mode (Flex),195476961;195476957;195477828;195476965;195477831;195477827;195476958;195477835;195477829;195476959;195477834;195476960;195476962;195476963;195476964;195477944;195477943;195477942;195477941;195477940,1456564,44095635,Ray Lotten,Ray,Lotten,1000,WR,NMST,NMST @ HAW,09/13/2026 12:00 AM,https://dkn.gs/sports/images/cfb/teams/50/7946.png,NMST @ HAW,Showdown Captain Mode,CFB,9/13,Flex,"CFB Showdown $4K Air Raid [$1K to 1st] (NMST @ HAW);CFB Showdown $720 Kick Return [Single Entry, Top 2 Win] (NMST @ HAW);CFB Showdown $530 Winner Take All [Must Fill] (NMST @ HAW);CFB Showdown $200 Redshirt [Single Entry] (NMST @ HAW);CFB Showdown $408 Winner Take All [$1.5K to 1st, Must Fill] (NMST @ HAW);CFB Showdown $267 Winner Take All [Must Fill] (NMST @ HAW);CFB Showdown $155 White-Out [Single Entry] (NMST @ HAW);CFB Showdown Satellite to NHL 11-3 $555 Barn Burner [Must Fill] (NMST @ HAW);CFB Showdown $100 Winner Take All [$460 to 1st] (Must Fill) (NMST @ HAW);CFB Showdown $310 Blitz [Single Entry] (NMST @ HAW)",195476961;195476957;195477828;195476965;195477831;195477827;195476958;195477835;195477829;195476959;195477834;195476960;195476962;195476963;195476964;195477944;195477943;195477942;195477941;195477940,9/13 12:00AM (NMST @ HAW)
Izeyah Wright - Showdown Captain Mode (Flex),195476961;195476957;195477828;195476965;195477831;195477827;195476958;195477835;195477829;195476959;195477834;195476960;195476962;195476963;195476964;195477944;195477943;195477942;195477941;195477940,1516959,44095636,Izeyah Wright,Izeyah,Wright,1000,WR,NMST,NMST @ HAW,09/13/2026 12:00 AM,https://dkn.gs/sports/images/cfb/teams/50/7946.png,NMST @ HAW,Showdown Captain Mode,CFB,9/13,Flex,"CFB Showdown $4K Air Raid [$1K to 1st] (NMST @ HAW);CFB Showdown $720 Kick Return [Single Entry, Top 2 Win] (NMST @ HAW);CFB Showdown $530 Winner Take All [Must Fill] (NMST @ HAW);CFB Showdown $200 Redshirt [Single Entry] (NMST @ HAW);CFB Showdown $408 Winner Take All [$1.5K to 1st, Must Fill] (NMST @ HAW);CFB Showdown $267 Winner Take All [Must Fill] (NMST @ HAW);CFB Showdown $155 White-Out [Single Entry] (NMST @ HAW);CFB Showdown Satellite to NHL 11-3 $555 Barn Burner [Must Fill] (NMST @ HAW);CFB Showdown $100 Winner Take All [$460 to 1st] (Must Fill) (NMST @ HAW);CFB Showdown $310 Blitz [Single Entry] (NMST @ HAW)",195476961;195476957;195477828;195476965;195477831;195477827;195476958;195477835;195477829;195476959;195477834;195476960;195476962;195476963;195476964;195477944;195477943;195477942;195477941;195477940,9/13 12:00AM (NMST @ HAW)
Tre' Griffiths - Showdown Captain Mode (Flex),195476961;195476957;195477828;195476965;195477831;195477827;195476958;195477835;195477829;195476959;195477834;195476960;195476962;195476963;195476964;195477944;195477943;195477942;195477941;195477940,1507216,44095637,Tre' Griffiths,Tre',Griffiths,1000,WR,HAW,NMST @ HAW,09/13/2026 12:00 AM,https://dkn.gs/sports/images/cfb/teams/50/8316.png,NMST @ HAW,Showdown Captain Mode,CFB,9/13,Flex,"CFB Showdown $4K Air Raid [$1K to 1st] (NMST @ HAW);CFB Showdown $720 Kick Return [Single Entry, Top 2 Win] (NMST @ HAW);CFB Showdown $530 Winner Take All [Must Fill] (NMST @ HAW);CFB Showdown $200 Redshirt [Single Entry] (NMST @ HAW);CFB Showdown $408 Winner Take All [$1.5K to 1st, Must Fill] (NMST @ HAW);CFB Showdown $267 Winner Take All [Must Fill] (NMST @ HAW);CFB Showdown $155 White-Out [Single Entry] (NMST @ HAW);CFB Showdown Satellite to NHL 11-3 $555 Barn Burner [Must Fill] (NMST @ HAW);CFB Showdown $100 Winner Take All [$460 to 1st] (Must Fill) (NMST @ HAW);CFB Showdown $310 Blitz [Single Entry] (NMST @ HAW)",195476961;195476957;195477828;195476965;195477831;195477827;195476958;195477835;195477829;195476959;195477834;195476960;195476962;195476963;195476964;195477944;195477943;195477942;195477941;195477940,9/13 12:00AM (NMST @ HAW)
JaDarius Sanders - Showdown Captain Mode (Flex),195476961;195476957;195477828;195476965;195477831;195477827;195476958;195477835;195477829;195476959;195477834;195476960;195476962;195476963;195476964;195477944;195477943;195477942;195477941;195477940,1652692,44095638,JaDarius Sanders,JaDarius,Sanders,1000,WR,NMST,NMST @ HAW,09/13/2026 12:00 AM,https://dkn.gs/sports/images/cfb/teams/50/7946.png,NMST @ HAW,Showdown Captain Mode,CFB,9/13,Flex,"CFB Showdown $4K Air Raid [$1K to 1st] (NMST @ HAW);CFB Showdown $720 Kick Return [Single Entry, Top 2 Win] (NMST @ HAW);CFB Showdown $530 Winner Take All [Must Fill] (NMST @ HAW);CFB Showdown $200 Redshirt [Single Entry] (NMST @ HAW);CFB Showdown $408 Winner Take All [$1.5K to 1st, Must Fill] (NMST @ HAW);CFB Showdown $267 Winner Take All [Must Fill] (NMST @ HAW);CFB Showdown $155 White-Out [Single Entry] (NMST @ HAW);CFB Showdown Satellite to NHL 11-3 $555 Barn Burner [Must Fill] (NMST @ HAW);CFB Showdown $100 Winner Take All [$460 to 1st] (Must Fill) (NMST @ HAW);CFB Showdown $310 Blitz [Single Entry] (NMST @ HAW)",195476961;195476957;195477828;195476965;195477831;195477827;195476958;195477835;195477829;195476959;195477834;195476960;195476962;195476963;195476964;195477944;195477943;195477942;195477941;195477940,9/13 12:00AM (NMST @ HAW)
Robert Haynes IV - Showdown Captain Mode (Flex),195476961;195476957;195477828;195476965;195477831;195477827;195476958;195477835;195477829;195476959;195477834;195476960;195476962;195476963;195476964;195477944;195477943;195477942;195477941;195477940,1651933,44095639,Robert Haynes IV,Robert,Haynes IV,1000,WR,HAW,NMST @ HAW,09/13/2026 12:00 AM,https://dkn.gs/sports/images/cfb/teams/50/8316.png,NMST @ HAW,Showdown Captain Mode,CFB,9/13,Flex,"CFB Showdown $4K Air Raid [$1K to 1st] (NMST @ HAW);CFB Showdown $720 Kick Return [Single Entry, Top 2 Win] (NMST @ HAW);CFB Showdown $530 Winner Take All [Must Fill] (NMST @ HAW);CFB Showdown $200 Redshirt [Single Entry] (NMST @ HAW);CFB Showdown $408 Winner Take All [$1.5K to 1st, Must Fill] (NMST @ HAW);CFB Showdown $267 Winner Take All [Must Fill] (NMST @ HAW);CFB Showdown $155 White-Out [Single Entry] (NMST @ HAW);CFB Showdown Satellite to NHL 11-3 $555 Barn Burner [Must Fill] (NMST @ HAW);CFB Showdown $100 Winner Take All [$460 to 1st] (Must Fill) (NMST @ HAW);CFB Showdown $310 Blitz [Single Entry] (NMST @ HAW)",195476961;195476957;195477828;195476965;195477831;195477827;195476958;195477835;195477829;195476959;195477834;195476960;195476962;195476963;195476964;195477944;195477943;195477942;195477941;195477940,9/13 12:00AM (NMST @ HAW)
AJ Carey - Showdown Captain Mode (Flex),195476961;195476957;195477828;195476965;195477831;195477827;195476958;195477835;195477829;195476959;195477834;195476960;195476962;195476963;195476964;195477944;195477943;195477942;195477941;195477940,1652693,44095640,AJ Carey,AJ,Carey,1000,WR,NMST,NMST @ HAW,09/13/2026 12:00 AM,https://dkn.gs/sports/images/cfb/teams/50/7946.png,NMST @ HAW,Showdown Captain Mode,CFB,9/13,Flex,"CFB Showdown $4K Air Raid [$1K to 1st] (NMST @ HAW);CFB Showdown $720 Kick Return [Single Entry, Top 2 Win] (NMST @ HAW);CFB Showdown $530 Winner Take All [Must Fill] (NMST @ HAW);CFB Showdown $200 Redshirt [Single Entry] (NMST @ HAW);CFB Showdown $408 Winner Take All [$1.5K to 1st, Must Fill] (NMST @ HAW);CFB Showdown $267 Winner Take All [Must Fill] (NMST @ HAW);CFB Showdown $155 White-Out [Single Entry] (NMST @ HAW);CFB Showdown Satellite to NHL 11-3 $555 Barn Burner [Must Fill] (NMST @ HAW);CFB Showdown $100 Winner Take All [$460 to 1st] (Must Fill) (NMST @ HAW);CFB Showdown $310 Blitz [Single Entry] (NMST @ HAW)",195476961;195476957;195477828;195476965;195477831;195477827;195476958;195477835;195477829;195476959;195477834;195476960;195476962;195476963;195476964;195477944;195477943;195477942;195477941;195477940,9/13 12:00AM (NMST @ HAW)
Josiah Fetui - Showdown Captain Mode (Flex),195476961;195476957;195477828;195476965;195477831;195477827;195476958;195477835;195477829;195476959;195477834;195476960;195476962;195476963;195476964;195477944;195477943;195477942;195477941;195477940,1519622,44095641,Josiah Fetui,Josiah,Fetui,1000,WR,HAW,NMST @ HAW,09/13/2026 12:00 AM,https://dkn.gs/sports/images/cfb/teams/50/8316.png,NMST @ HAW,Showdown Captain Mode,CFB,9/13,Flex,"CFB Showdown $4K Air Raid [$1K to 1st] (NMST @ HAW);CFB Showdown $720 Kick Return [Single Entry, Top 2 Win] (NMST @ HAW);CFB Showdown $530 Winner Take All [Must Fill] (NMST @ HAW);CFB Showdown $200 Redshirt [Single Entry] (NMST @ HAW);CFB Showdown $408 Winner Take All [$1.5K to 1st, Must Fill] (NMST @ HAW);CFB Showdown $267 Winner Take All [Must Fill] (NMST @ HAW);CFB Showdown $155 White-Out [Single Entry] (NMST @ HAW);CFB Showdown Satellite to NHL 11-3 $555 Barn Burner [Must Fill] (NMST @ HAW);CFB Showdown $100 Winner Take All [$460 to 1st] (Must Fill) (NMST @ HAW);CFB Showdown $310 Blitz [Single Entry] (NMST @ HAW)",195476961;195476957;195477828;195476965;195477831;195477827;195476958;195477835;195477829;195476959;195477834;195476960;195476962;195476963;195476964;195477944;195477943;195477942;195477941;195477940,9/13 12:00AM (NMST @ HAW)
Carson Su'esu'e - Showdown Captain Mode (Flex),195476961;195476957;195477828;195476965;195477831;195477827;195476958;195477835;195477829;195476959;195477834;195476960;195476962;195476963;195476964;195477944;195477943;195477942;195477941;195477940,1593718,44095642,Carson Su'esu'e,Carson,Su'esu'e,1000,WR,NMST,NMST @ HAW,09/13/2026 12:00 AM,https://dkn.gs/sports/images/cfb/teams/50/7946.png,NMST @ HAW,Showdown Captain Mode,CFB,9/13,Flex,"CFB Showdown $4K Air Raid [$1K to 1st] (NMST @ HAW);CFB Showdown $720 Kick Return [Single Entry, Top 2 Win] (NMST @ HAW);CFB Showdown $530 Winner Take All [Must Fill] (NMST @ HAW);CFB Showdown $200 Redshirt [Single Entry] (NMST @ HAW);CFB Showdown $408 Winner Take All [$1.5K to 1st, Must Fill] (NMST @ HAW);CFB Showdown $267 Winner Take All [Must Fill] (NMST @ HAW);CFB Showdown $155 White-Out [Single Entry] (NMST @ HAW);CFB Showdown Satellite to NHL 11-3 $555 Barn Burner [Must Fill] (NMST @ HAW);CFB Showdown $100 Winner Take All [$460 to 1st] (Must Fill) (NMST @ HAW);CFB Showdown $310 Blitz [Single Entry] (NMST @ HAW)",195476961;195476957;195477828;195476965;195477831;195477827;195476958;195477835;195477829;195476959;195477834;195476960;195476962;195476963;195476964;195477944;195477943;195477942;195477941;195477940,9/13 12:00AM (NMST @ HAW)
Jaylen Stokes - Showdown Captain Mode (Flex),195476961;195476957;195477828;195476965;195477831;195477827;195476958;195477835;195477829;195476959;195477834;195476960;195476962;195476963;195476964;195477944;195477943;195477942;195477941;195477940,1652651,44095643,Jaylen Stokes,Jaylen,Stokes,1000,WR,NMST,NMST @ HAW,09/13/2026 12:00 AM,https://dkn.gs/sports/images/cfb/teams/50/7946.png,NMST @ HAW,Showdown Captain Mode,CFB,9/13,Flex,"CFB Showdown $4K Air Raid [$1K to 1st] (NMST @ HAW);CFB Showdown $720 Kick Return [Single Entry, Top 2 Win] (NMST @ HAW);CFB Showdown $530 Winner Take All [Must Fill] (NMST @ HAW);CFB Showdown $200 Redshirt [Single Entry] (NMST @ HAW);CFB Showdown $408 Winner Take All [$1.5K to 1st, Must Fill] (NMST @ HAW);CFB Showdown $267 Winner Take All [Must Fill] (NMST @ HAW);CFB Showdown $155 White-Out [Single Entry] (NMST @ HAW);CFB Showdown Satellite to NHL 11-3 $555 Barn Burner [Must Fill] (NMST @ HAW);CFB Showdown $100 Winner Take All [$460 to 1st] (Must Fill) (NMST @ HAW);CFB Showdown $310 Blitz [Single Entry] (NMST @ HAW)",195476961;195476957;195477828;195476965;195477831;195477827;195476958;195477835;195477829;195476959;195477834;195476960;195476962;195476963;195476964;195477944;195477943;195477942;195477941;195477940,9/13 12:00AM (NMST @ HAW)
